2024-02-15 14:05:28.487 INFO  - LAP-NFS1192 - Starting KhataApplication using Java 17.0.8.1 with PID 32296 (D:\JKD17WorkSpace\Personal\khata\target\classes started by Administrator in D:\JKD17WorkSpace\Personal\khata)
2024-02-15 14:05:28.492 INFO  - LAP-NFS1192 - No active profile set, falling back to 1 default profile: "default"
2024-02-15 14:05:29.753 INFO  - LAP-NFS1192 - Bootstrapping Spring Data JPA repositories in DEFAULT mode.
2024-02-15 14:05:29.849 INFO  - LAP-NFS1192 - Finished Spring Data repository scanning in 81 ms. Found 1 JPA repository interfaces.
2024-02-15 14:05:30.828 INFO  - LAP-NFS1192 - Tomcat initialized with port(s): 9010 (http)
2024-02-15 14:05:30.843 INFO  - LAP-NFS1192 - Initializing ProtocolHandler ["http-nio-9010"]
2024-02-15 14:05:30.848 INFO  - LAP-NFS1192 - Starting service [Tomcat]
2024-02-15 14:05:30.848 INFO  - LAP-NFS1192 - Starting Servlet engine: [Apache Tomcat/10.1.15]
2024-02-15 14:05:31.040 INFO  - LAP-NFS1192 - Initializing Spring embedded WebApplicationContext
2024-02-15 14:05:31.042 INFO  - LAP-NFS1192 - Root WebApplicationContext: initialization completed in 2461 ms
2024-02-15 14:05:31.876 INFO  - LAP-NFS1192 - No LoadTimeWeaver setup: ignoring JPA class transformer
2024-02-15 14:05:31.921 INFO  - LAP-NFS1192 - HikariPool-1 - Starting...
2024-02-15 14:05:32.248 INFO  - LAP-NFS1192 - HikariPool-1 - Added connection com.mysql.cj.jdbc.ConnectionImpl@2a5c6b76
2024-02-15 14:05:32.252 INFO  - LAP-NFS1192 - HikariPool-1 - Start completed.
2024-02-15 14:05:33.573 INFO  - LAP-NFS1192 - Initialized JPA EntityManagerFactory for persistence unit 'default'
2024-02-15 14:05:34.153 WARN  - LAP-NFS1192 - spring.jpa.open-in-view is enabled by default. Therefore, database queries may be performed during view rendering. Explicitly configure spring.jpa.open-in-view to disable this warning
2024-02-15 14:05:35.091 INFO  - LAP-NFS1192 - Starting ProtocolHandler ["http-nio-9010"]
2024-02-15 14:05:35.131 INFO  - LAP-NFS1192 - Tomcat started on port(s): 9010 (http) with context path '/api'
2024-02-15 14:05:35.148 INFO  - LAP-NFS1192 - Started KhataApplication in 7.641 seconds (process running for 9.001)
2024-02-15 14:07:19.546 INFO  - LAP-NFS1192 - Initializing Spring DispatcherServlet 'dispatcherServlet'
2024-02-15 14:07:19.941 ERROR - LAP-NFS1192 - Data truncation: Data too long for column 'description' at row 1
2024-02-15 14:07:19.965 ERROR - LAP-NFS1192 - Request processing failed: org.springframework.transaction.UnexpectedRollbackException: Transaction silently rolled back because it has been marked as rollback-only
2024-02-15 14:10:16.346 INFO  - LAP-NFS1192 - REST Request - [HTTP METHOD:POST] [PATH INFO:/rules/addOrUpdateRule] [REQUEST PARAMETERS:{}] [REQUEST BODY:{"ruleName": "test1","ruleAmount": "2000","ruleProposedBy": 1,"ruleDesc": "It is mutually agreed","ruleIdPk": ""}] [REMOTE ADDRESS:0:0:0:0:0:0:0:1] [RESPONSE:{"status":"200","message":"Operation Completed Successfully","error":null,"jsonData":null,"data":null}]
2024-02-15 14:10:51.340 ERROR - LAP-NFS1192 - Data truncation: Data too long for column 'description' at row 1
2024-02-15 14:10:51.344 ERROR - LAP-NFS1192 - Request processing failed: org.springframework.transaction.UnexpectedRollbackException: Transaction silently rolled back because it has been marked as rollback-only
2024-02-15 14:11:29.300 ERROR - LAP-NFS1192 - Data truncation: Data too long for column 'description' at row 1
2024-02-15 14:12:26.796 ERROR - LAP-NFS1192 - Request processing failed: org.springframework.transaction.UnexpectedRollbackException: Transaction silently rolled back because it has been marked as rollback-only
2024-02-15 14:13:03.577 ERROR - LAP-NFS1192 - Data truncation: Data too long for column 'description' at row 1
2024-02-15 14:13:03.580 ERROR - LAP-NFS1192 - Request processing failed: org.springframework.transaction.UnexpectedRollbackException: Transaction silently rolled back because it has been marked as rollback-only
2024-02-15 14:14:16.003 INFO  - LAP-NFS1192 - Starting KhataApplication using Java 17.0.8.1 with PID 43976 (D:\JKD17WorkSpace\Personal\khata\target\classes started by Administrator in D:\JKD17WorkSpace\Personal\khata)
2024-02-15 14:14:16.008 INFO  - LAP-NFS1192 - No active profile set, falling back to 1 default profile: "default"
2024-02-15 14:14:17.310 INFO  - LAP-NFS1192 - Bootstrapping Spring Data JPA repositories in DEFAULT mode.
2024-02-15 14:14:17.426 INFO  - LAP-NFS1192 - Finished Spring Data repository scanning in 99 ms. Found 1 JPA repository interfaces.
2024-02-15 14:14:18.635 INFO  - LAP-NFS1192 - Tomcat initialized with port(s): 9010 (http)
2024-02-15 14:14:18.663 INFO  - LAP-NFS1192 - Initializing ProtocolHandler ["http-nio-9010"]
2024-02-15 14:14:18.667 INFO  - LAP-NFS1192 - Starting service [Tomcat]
2024-02-15 14:14:18.668 INFO  - LAP-NFS1192 - Starting Servlet engine: [Apache Tomcat/10.1.15]
2024-02-15 14:14:18.873 INFO  - LAP-NFS1192 - Initializing Spring embedded WebApplicationContext
2024-02-15 14:14:18.878 INFO  - LAP-NFS1192 - Root WebApplicationContext: initialization completed in 2773 ms
2024-02-15 14:14:19.876 INFO  - LAP-NFS1192 - No LoadTimeWeaver setup: ignoring JPA class transformer
2024-02-15 14:14:19.927 INFO  - LAP-NFS1192 - HikariPool-1 - Starting...
2024-02-15 14:14:20.266 INFO  - LAP-NFS1192 - HikariPool-1 - Added connection com.mysql.cj.jdbc.ConnectionImpl@54defd69
2024-02-15 14:14:20.270 INFO  - LAP-NFS1192 - HikariPool-1 - Start completed.
2024-02-15 14:14:21.699 INFO  - LAP-NFS1192 - Initialized JPA EntityManagerFactory for persistence unit 'default'
2024-02-15 14:14:22.407 WARN  - LAP-NFS1192 - spring.jpa.open-in-view is enabled by default. Therefore, database queries may be performed during view rendering. Explicitly configure spring.jpa.open-in-view to disable this warning
2024-02-15 14:14:23.312 INFO  - LAP-NFS1192 - Starting ProtocolHandler ["http-nio-9010"]
2024-02-15 14:14:23.355 INFO  - LAP-NFS1192 - Tomcat started on port(s): 9010 (http) with context path '/api'
2024-02-15 14:14:23.369 INFO  - LAP-NFS1192 - Started KhataApplication in 8.314 seconds (process running for 9.625)
2024-02-15 14:14:30.902 INFO  - LAP-NFS1192 - Initializing Spring DispatcherServlet 'dispatcherServlet'
2024-02-15 14:14:51.830 ERROR - LAP-NFS1192 - Data truncation: Data too long for column 'description' at row 1
2024-02-15 14:15:21.704 ERROR - LAP-NFS1192 - Request processing failed: org.springframework.transaction.UnexpectedRollbackException: Transaction silently rolled back because it has been marked as rollback-only
2024-02-15 14:27:52.899 INFO  - LAP-NFS1192 - Starting KhataApplication using Java 17.0.8.1 with PID 22888 (D:\JKD17WorkSpace\Personal\khata\target\classes started by Administrator in D:\JKD17WorkSpace\Personal\khata)
2024-02-15 14:27:52.903 INFO  - LAP-NFS1192 - No active profile set, falling back to 1 default profile: "default"
2024-02-15 14:27:53.815 INFO  - LAP-NFS1192 - Bootstrapping Spring Data JPA repositories in DEFAULT mode.
2024-02-15 14:27:53.889 INFO  - LAP-NFS1192 - Finished Spring Data repository scanning in 63 ms. Found 1 JPA repository interfaces.
2024-02-15 14:27:54.659 INFO  - LAP-NFS1192 - Tomcat initialized with port(s): 9010 (http)
2024-02-15 14:27:54.670 INFO  - LAP-NFS1192 - Initializing ProtocolHandler ["http-nio-9010"]
2024-02-15 14:27:54.673 INFO  - LAP-NFS1192 - Starting service [Tomcat]
2024-02-15 14:27:54.673 INFO  - LAP-NFS1192 - Starting Servlet engine: [Apache Tomcat/10.1.15]
2024-02-15 14:27:54.821 INFO  - LAP-NFS1192 - Initializing Spring embedded WebApplicationContext
2024-02-15 14:27:54.822 INFO  - LAP-NFS1192 - Root WebApplicationContext: initialization completed in 1850 ms
2024-02-15 14:27:55.501 INFO  - LAP-NFS1192 - No LoadTimeWeaver setup: ignoring JPA class transformer
2024-02-15 14:27:55.537 INFO  - LAP-NFS1192 - HikariPool-1 - Starting...
2024-02-15 14:27:55.776 INFO  - LAP-NFS1192 - HikariPool-1 - Added connection com.mysql.cj.jdbc.ConnectionImpl@4fa91d5b
2024-02-15 14:27:55.780 INFO  - LAP-NFS1192 - HikariPool-1 - Start completed.
2024-02-15 14:27:56.864 INFO  - LAP-NFS1192 - Initialized JPA EntityManagerFactory for persistence unit 'default'
2024-02-15 14:27:57.410 WARN  - LAP-NFS1192 - spring.jpa.open-in-view is enabled by default. Therefore, database queries may be performed during view rendering. Explicitly configure spring.jpa.open-in-view to disable this warning
2024-02-15 14:27:58.082 INFO  - LAP-NFS1192 - Starting ProtocolHandler ["http-nio-9010"]
2024-02-15 14:27:58.109 INFO  - LAP-NFS1192 - Tomcat started on port(s): 9010 (http) with context path '/api'
2024-02-15 14:27:58.122 INFO  - LAP-NFS1192 - Started KhataApplication in 5.93 seconds (process running for 6.844)
2024-02-15 14:28:01.663 INFO  - LAP-NFS1192 - Initializing Spring DispatcherServlet 'dispatcherServlet'
2024-02-15 14:28:10.007 ERROR - LAP-NFS1192 - Data truncation: Data too long for column 'description' at row 1
2024-02-15 14:28:10.024 ERROR - LAP-NFS1192 - Request processing failed: org.springframework.transaction.UnexpectedRollbackException: Transaction silently rolled back because it has been marked as rollback-only
2024-02-15 14:37:56.941 INFO  - LAP-NFS1192 - Starting KhataApplication using Java 17.0.8.1 with PID 35684 (D:\JKD17WorkSpace\Personal\khata\target\classes started by Administrator in D:\JKD17WorkSpace\Personal\khata)
2024-02-15 14:37:56.945 INFO  - LAP-NFS1192 - No active profile set, falling back to 1 default profile: "default"
2024-02-15 14:37:57.956 INFO  - LAP-NFS1192 - Bootstrapping Spring Data JPA repositories in DEFAULT mode.
2024-02-15 14:37:58.043 INFO  - LAP-NFS1192 - Finished Spring Data repository scanning in 69 ms. Found 1 JPA repository interfaces.
2024-02-15 14:37:58.805 INFO  - LAP-NFS1192 - Tomcat initialized with port(s): 9010 (http)
2024-02-15 14:37:58.817 INFO  - LAP-NFS1192 - Initializing ProtocolHandler ["http-nio-9010"]
2024-02-15 14:37:58.820 INFO  - LAP-NFS1192 - Starting service [Tomcat]
2024-02-15 14:37:58.820 INFO  - LAP-NFS1192 - Starting Servlet engine: [Apache Tomcat/10.1.15]
2024-02-15 14:37:58.968 INFO  - LAP-NFS1192 - Initializing Spring embedded WebApplicationContext
2024-02-15 14:37:58.970 INFO  - LAP-NFS1192 - Root WebApplicationContext: initialization completed in 1954 ms
2024-02-15 14:37:59.652 INFO  - LAP-NFS1192 - No LoadTimeWeaver setup: ignoring JPA class transformer
2024-02-15 14:37:59.685 INFO  - LAP-NFS1192 - HikariPool-1 - Starting...
2024-02-15 14:37:59.882 INFO  - LAP-NFS1192 - HikariPool-1 - Added connection com.mysql.cj.jdbc.ConnectionImpl@25fa6889
2024-02-15 14:37:59.886 INFO  - LAP-NFS1192 - HikariPool-1 - Start completed.
2024-02-15 14:38:00.926 INFO  - LAP-NFS1192 - Initialized JPA EntityManagerFactory for persistence unit 'default'
2024-02-15 14:38:01.438 WARN  - LAP-NFS1192 - spring.jpa.open-in-view is enabled by default. Therefore, database queries may be performed during view rendering. Explicitly configure spring.jpa.open-in-view to disable this warning
2024-02-15 14:38:02.099 INFO  - LAP-NFS1192 - Starting ProtocolHandler ["http-nio-9010"]
2024-02-15 14:38:02.125 INFO  - LAP-NFS1192 - Tomcat started on port(s): 9010 (http) with context path '/api'
2024-02-15 14:38:02.135 INFO  - LAP-NFS1192 - Started KhataApplication in 5.942 seconds (process running for 6.946)
2024-02-15 14:38:05.864 INFO  - LAP-NFS1192 - Initializing Spring DispatcherServlet 'dispatcherServlet'
2024-02-15 14:38:12.969 ERROR - LAP-NFS1192 - Data truncation: Data too long for column 'description' at row 1
2024-02-15 14:38:12.985 ERROR - LAP-NFS1192 - Request processing failed: org.springframework.transaction.UnexpectedRollbackException: Transaction silently rolled back because it has been marked as rollback-only
2024-02-15 14:39:15.634 INFO  - LAP-NFS1192 - Starting KhataApplication using Java 17.0.8.1 with PID 4668 (D:\JKD17WorkSpace\Personal\khata\target\classes started by Administrator in D:\JKD17WorkSpace\Personal\khata)
2024-02-15 14:39:15.637 INFO  - LAP-NFS1192 - No active profile set, falling back to 1 default profile: "default"
2024-02-15 14:39:16.655 INFO  - LAP-NFS1192 - Bootstrapping Spring Data JPA repositories in DEFAULT mode.
2024-02-15 14:39:16.735 INFO  - LAP-NFS1192 - Finished Spring Data repository scanning in 68 ms. Found 1 JPA repository interfaces.
2024-02-15 14:39:17.497 INFO  - LAP-NFS1192 - Tomcat initialized with port(s): 9010 (http)
2024-02-15 14:39:17.507 INFO  - LAP-NFS1192 - Initializing ProtocolHandler ["http-nio-9010"]
2024-02-15 14:39:17.509 INFO  - LAP-NFS1192 - Starting service [Tomcat]
2024-02-15 14:39:17.510 INFO  - LAP-NFS1192 - Starting Servlet engine: [Apache Tomcat/10.1.15]
2024-02-15 14:39:17.689 INFO  - LAP-NFS1192 - Initializing Spring embedded WebApplicationContext
2024-02-15 14:39:17.691 INFO  - LAP-NFS1192 - Root WebApplicationContext: initialization completed in 1981 ms
2024-02-15 14:39:18.556 INFO  - LAP-NFS1192 - No LoadTimeWeaver setup: ignoring JPA class transformer
2024-02-15 14:39:18.601 INFO  - LAP-NFS1192 - HikariPool-1 - Starting...
2024-02-15 14:39:18.859 INFO  - LAP-NFS1192 - HikariPool-1 - Added connection com.mysql.cj.jdbc.ConnectionImpl@3cf4dec7
2024-02-15 14:39:18.862 INFO  - LAP-NFS1192 - HikariPool-1 - Start completed.
2024-02-15 14:39:20.320 INFO  - LAP-NFS1192 - Initialized JPA EntityManagerFactory for persistence unit 'default'
2024-02-15 14:39:20.883 WARN  - LAP-NFS1192 - spring.jpa.open-in-view is enabled by default. Therefore, database queries may be performed during view rendering. Explicitly configure spring.jpa.open-in-view to disable this warning
2024-02-15 14:39:21.847 INFO  - LAP-NFS1192 - Starting ProtocolHandler ["http-nio-9010"]
2024-02-15 14:39:21.873 INFO  - LAP-NFS1192 - Tomcat started on port(s): 9010 (http) with context path '/api'
2024-02-15 14:39:21.883 INFO  - LAP-NFS1192 - Started KhataApplication in 7.038 seconds (process running for 8.126)
2024-02-15 14:39:25.511 INFO  - LAP-NFS1192 - Initializing Spring DispatcherServlet 'dispatcherServlet'
2024-02-15 14:39:31.101 ERROR - LAP-NFS1192 - Data truncation: Data too long for column 'description' at row 1
2024-02-15 14:39:31.128 INFO  - LAP-NFS1192 - REST Request - [HTTP METHOD:POST] [PATH INFO:/rules/addOrUpdateRule] [REQUEST PARAMETERS:{}] [REQUEST BODY:{"ruleName": "test1","ruleAmount": "2000","ruleProposedBy": 1,"ruleDesc": "It is mutually agreed by all onsite team members that everyone must leave the WhatsApp unofficial group within 24 hours of landing to Lahore Airport. Non-compliance will be penalized by IDR 300k It is mutually agreed by all onsite team members that everyone must leave the WhatsApp unofficial group within 24 hours of landing to Lahore Airport. Non-compliance will be penalized by IDR 300k","status": true,"ruleIdPk": ""}] [REMOTE ADDRESS:0:0:0:0:0:0:0:1] [RESPONSE:This should be application specific]
2024-02-15 14:41:26.685 INFO  - LAP-NFS1192 - Starting KhataApplication using Java 17.0.8.1 with PID 25912 (D:\JKD17WorkSpace\Personal\khata\target\classes started by Administrator in D:\JKD17WorkSpace\Personal\khata)
2024-02-15 14:41:26.694 INFO  - LAP-NFS1192 - No active profile set, falling back to 1 default profile: "default"
2024-02-15 14:41:27.738 INFO  - LAP-NFS1192 - Bootstrapping Spring Data JPA repositories in DEFAULT mode.
2024-02-15 14:41:27.820 INFO  - LAP-NFS1192 - Finished Spring Data repository scanning in 70 ms. Found 1 JPA repository interfaces.
2024-02-15 14:41:28.668 INFO  - LAP-NFS1192 - Tomcat initialized with port(s): 9010 (http)
2024-02-15 14:41:28.681 INFO  - LAP-NFS1192 - Initializing ProtocolHandler ["http-nio-9010"]
2024-02-15 14:41:28.684 INFO  - LAP-NFS1192 - Starting service [Tomcat]
2024-02-15 14:41:28.684 INFO  - LAP-NFS1192 - Starting Servlet engine: [Apache Tomcat/10.1.15]
2024-02-15 14:41:28.827 INFO  - LAP-NFS1192 - Initializing Spring embedded WebApplicationContext
2024-02-15 14:41:28.828 INFO  - LAP-NFS1192 - Root WebApplicationContext: initialization completed in 2040 ms
2024-02-15 14:41:29.555 INFO  - LAP-NFS1192 - No LoadTimeWeaver setup: ignoring JPA class transformer
2024-02-15 14:41:29.601 INFO  - LAP-NFS1192 - HikariPool-1 - Starting...
2024-02-15 14:41:29.829 INFO  - LAP-NFS1192 - HikariPool-1 - Added connection com.mysql.cj.jdbc.ConnectionImpl@25fa6889
2024-02-15 14:41:29.833 INFO  - LAP-NFS1192 - HikariPool-1 - Start completed.
2024-02-15 14:41:31.301 INFO  - LAP-NFS1192 - Initialized JPA EntityManagerFactory for persistence unit 'default'
2024-02-15 14:41:31.856 WARN  - LAP-NFS1192 - spring.jpa.open-in-view is enabled by default. Therefore, database queries may be performed during view rendering. Explicitly configure spring.jpa.open-in-view to disable this warning
2024-02-15 14:41:32.701 INFO  - LAP-NFS1192 - Starting ProtocolHandler ["http-nio-9010"]
2024-02-15 14:41:32.725 INFO  - LAP-NFS1192 - Tomcat started on port(s): 9010 (http) with context path '/api'
2024-02-15 14:41:32.737 INFO  - LAP-NFS1192 - Started KhataApplication in 6.73 seconds (process running for 7.787)
2024-02-15 14:41:36.809 INFO  - LAP-NFS1192 - Initializing Spring DispatcherServlet 'dispatcherServlet'
2024-02-15 14:41:48.882 ERROR - LAP-NFS1192 - Data truncation: Data too long for column 'description' at row 1
2024-02-15 14:46:22.292 INFO  - LAP-NFS1192 - REST Request - [HTTP METHOD:POST] [PATH INFO:/rules/addOrUpdateRule] [REQUEST PARAMETERS:{}] [REQUEST BODY:{"ruleName": "test1","ruleAmount": "2000","ruleProposedBy": 1,"ruleDesc": "It is mutually agreed by all onsite team members that everyone must leave the WhatsApp unofficial group within 24 hours of landing to Lahore Airport. Non-compliance will be penalized by IDR 300k It is mutually agreed by all onsite team members that everyone must leave the WhatsApp unofficial group within 24 hours of landing to Lahore Airport. Non-compliance will be penalized by IDR 300k","status": true,"ruleIdPk": ""}] [REMOTE ADDRESS:0:0:0:0:0:0:0:1] [RESPONSE:This should be application specific]
2024-02-15 14:46:31.586 INFO  - LAP-NFS1192 - Starting KhataApplication using Java 17.0.8.1 with PID 41388 (D:\JKD17WorkSpace\Personal\khata\target\classes started by Administrator in D:\JKD17WorkSpace\Personal\khata)
2024-02-15 14:46:31.589 INFO  - LAP-NFS1192 - No active profile set, falling back to 1 default profile: "default"
2024-02-15 14:46:32.537 INFO  - LAP-NFS1192 - Bootstrapping Spring Data JPA repositories in DEFAULT mode.
2024-02-15 14:46:32.617 INFO  - LAP-NFS1192 - Finished Spring Data repository scanning in 67 ms. Found 1 JPA repository interfaces.
2024-02-15 14:46:33.345 INFO  - LAP-NFS1192 - Tomcat initialized with port(s): 9010 (http)
2024-02-15 14:46:33.358 INFO  - LAP-NFS1192 - Initializing ProtocolHandler ["http-nio-9010"]
2024-02-15 14:46:33.361 INFO  - LAP-NFS1192 - Starting service [Tomcat]
2024-02-15 14:46:33.361 INFO  - LAP-NFS1192 - Starting Servlet engine: [Apache Tomcat/10.1.15]
2024-02-15 14:46:33.502 INFO  - LAP-NFS1192 - Initializing Spring embedded WebApplicationContext
2024-02-15 14:46:33.504 INFO  - LAP-NFS1192 - Root WebApplicationContext: initialization completed in 1845 ms
2024-02-15 14:46:34.124 INFO  - LAP-NFS1192 - No LoadTimeWeaver setup: ignoring JPA class transformer
2024-02-15 14:46:34.158 INFO  - LAP-NFS1192 - HikariPool-1 - Starting...
2024-02-15 14:46:34.390 INFO  - LAP-NFS1192 - HikariPool-1 - Added connection com.mysql.cj.jdbc.ConnectionImpl@4bbf20d1
2024-02-15 14:46:34.393 INFO  - LAP-NFS1192 - HikariPool-1 - Start completed.
2024-02-15 14:46:35.679 INFO  - LAP-NFS1192 - Initialized JPA EntityManagerFactory for persistence unit 'default'
2024-02-15 14:46:36.188 WARN  - LAP-NFS1192 - spring.jpa.open-in-view is enabled by default. Therefore, database queries may be performed during view rendering. Explicitly configure spring.jpa.open-in-view to disable this warning
2024-02-15 14:46:36.846 INFO  - LAP-NFS1192 - Starting ProtocolHandler ["http-nio-9010"]
2024-02-15 14:46:36.871 INFO  - LAP-NFS1192 - Tomcat started on port(s): 9010 (http) with context path '/api'
2024-02-15 14:46:36.881 INFO  - LAP-NFS1192 - Started KhataApplication in 6.061 seconds (process running for 7.206)
2024-02-15 14:46:41.742 INFO  - LAP-NFS1192 - Initializing Spring DispatcherServlet 'dispatcherServlet'
2024-02-15 14:46:45.749 ERROR - LAP-NFS1192 - Data truncation: Data too long for column 'description' at row 1
2024-02-15 14:46:52.994 INFO  - LAP-NFS1192 - REST Request - [HTTP METHOD:POST] [PATH INFO:/rules/addOrUpdateRule] [REQUEST PARAMETERS:{}] [REQUEST BODY:{"ruleName": "test1","ruleAmount": "2000","ruleProposedBy": 1,"ruleDesc": "It is mutually agreed by all onsite team members that everyone must leave the WhatsApp unofficial group within 24 hours of landing to Lahore Airport. Non-compliance will be penalized by IDR 300k It is mutually agreed by all onsite team members that everyone must leave the WhatsApp unofficial group within 24 hours of landing to Lahore Airport. Non-compliance will be penalized by IDR 300k","status": true,"ruleIdPk": ""}] [REMOTE ADDRESS:0:0:0:0:0:0:0:1] [RESPONSE:{"message":"Transaction silently rolled back because it has been marked as rollback-only"}]
2024-02-15 14:48:02.877 INFO  - LAP-NFS1192 - Starting KhataApplication using Java 17.0.8.1 with PID 30872 (D:\JKD17WorkSpace\Personal\khata\target\classes started by Administrator in D:\JKD17WorkSpace\Personal\khata)
2024-02-15 14:48:02.881 INFO  - LAP-NFS1192 - No active profile set, falling back to 1 default profile: "default"
2024-02-15 14:48:04.029 INFO  - LAP-NFS1192 - Bootstrapping Spring Data JPA repositories in DEFAULT mode.
2024-02-15 14:48:04.139 INFO  - LAP-NFS1192 - Finished Spring Data repository scanning in 93 ms. Found 1 JPA repository interfaces.
2024-02-15 14:48:05.013 INFO  - LAP-NFS1192 - Tomcat initialized with port(s): 9010 (http)
2024-02-15 14:48:05.032 INFO  - LAP-NFS1192 - Initializing ProtocolHandler ["http-nio-9010"]
2024-02-15 14:48:05.036 INFO  - LAP-NFS1192 - Starting service [Tomcat]
2024-02-15 14:48:05.037 INFO  - LAP-NFS1192 - Starting Servlet engine: [Apache Tomcat/10.1.15]
2024-02-15 14:48:05.235 INFO  - LAP-NFS1192 - Initializing Spring embedded WebApplicationContext
2024-02-15 14:48:05.237 INFO  - LAP-NFS1192 - Root WebApplicationContext: initialization completed in 2276 ms
2024-02-15 14:48:05.927 INFO  - LAP-NFS1192 - No LoadTimeWeaver setup: ignoring JPA class transformer
2024-02-15 14:48:05.968 INFO  - LAP-NFS1192 - HikariPool-1 - Starting...
2024-02-15 14:48:06.178 INFO  - LAP-NFS1192 - HikariPool-1 - Added connection com.mysql.cj.jdbc.ConnectionImpl@40b31a16
2024-02-15 14:48:06.181 INFO  - LAP-NFS1192 - HikariPool-1 - Start completed.
2024-02-15 14:48:07.414 INFO  - LAP-NFS1192 - Initialized JPA EntityManagerFactory for persistence unit 'default'
2024-02-15 14:48:08.047 WARN  - LAP-NFS1192 - spring.jpa.open-in-view is enabled by default. Therefore, database queries may be performed during view rendering. Explicitly configure spring.jpa.open-in-view to disable this warning
2024-02-15 14:48:08.708 INFO  - LAP-NFS1192 - Starting ProtocolHandler ["http-nio-9010"]
2024-02-15 14:48:08.741 INFO  - LAP-NFS1192 - Tomcat started on port(s): 9010 (http) with context path '/api'
2024-02-15 14:48:08.751 INFO  - LAP-NFS1192 - Started KhataApplication in 6.815 seconds (process running for 7.89)
2024-02-15 14:48:12.668 INFO  - LAP-NFS1192 - Initializing Spring DispatcherServlet 'dispatcherServlet'
2024-02-15 14:48:16.781 ERROR - LAP-NFS1192 - Data truncation: Data too long for column 'description' at row 1
2024-02-15 14:48:16.795 WARN  - LAP-NFS1192 - Failure in @ExceptionHandler com.khata.onsite.configs.RestResponseEntityExceptionHandler#handleConflict(RuntimeException, WebRequest)
java.lang.NullPointerException: Cannot invoke "org.springframework.web.context.request.WebRequest.setAttribute(String, Object, int)" because "request" is null
	at org.springframework.web.servlet.mvc.method.annotation.ResponseEntityExceptionHandler.handleExceptionInternal(ResponseEntityExceptionHandler.java:564)
	at com.khata.onsite.configs.RestResponseEntityExceptionHandler.handleConflict(RestResponseEntityExceptionHandler.java:22)
	at java.base/jdk.internal.reflect.NativeMethodAccessorImpl.invoke0(Native Method)
	at java.base/jdk.internal.reflect.NativeMethodAccessorImpl.invoke(NativeMethodAccessorImpl.java:77)
	at java.base/jdk.internal.reflect.DelegatingMethodAccessorImpl.invoke(DelegatingMethodAccessorImpl.java:43)
	at java.base/java.lang.reflect.Method.invoke(Method.java:568)
	at org.springframework.web.method.support.InvocableHandlerMethod.doInvoke(InvocableHandlerMethod.java:205)
	at org.springframework.web.method.support.InvocableHandlerMethod.invokeForRequest(InvocableHandlerMethod.java:150)
	at org.springframework.web.servlet.mvc.method.annotation.ServletInvocableHandlerMethod.invokeAndHandle(ServletInvocableHandlerMethod.java:118)
	at org.springframework.web.servlet.mvc.method.annotation.ExceptionHandlerExceptionResolver.doResolveHandlerMethodException(ExceptionHandlerExceptionResolver.java:413)
	at org.springframework.web.servlet.handler.AbstractHandlerMethodExceptionResolver.doResolveException(AbstractHandlerMethodExceptionResolver.java:74)
	at org.springframework.web.servlet.handler.AbstractHandlerExceptionResolver.resolveException(AbstractHandlerExceptionResolver.java:141)
	at org.springframework.web.servlet.handler.HandlerExceptionResolverComposite.resolveException(HandlerExceptionResolverComposite.java:80)
	at org.springframework.web.servlet.DispatcherServlet.processHandlerException(DispatcherServlet.java:1341)
	at org.springframework.web.servlet.DispatcherServlet.processDispatchResult(DispatcherServlet.java:1152)
	at org.springframework.web.servlet.DispatcherServlet.doDispatch(DispatcherServlet.java:1098)
	at org.springframework.web.servlet.DispatcherServlet.doService(DispatcherServlet.java:974)
	at org.springframework.web.servlet.FrameworkServlet.processRequest(FrameworkServlet.java:1011)
	at org.springframework.web.servlet.FrameworkServlet.doPost(FrameworkServlet.java:914)
	at jakarta.servlet.http.HttpServlet.service(HttpServlet.java:590)
	at org.springframework.web.servlet.FrameworkServlet.service(FrameworkServlet.java:885)
	at jakarta.servlet.http.HttpServlet.service(HttpServlet.java:658)
	at org.apache.catalina.core.ApplicationFilterChain.internalDoFilter(ApplicationFilterChain.java:205)
	at org.apache.catalina.core.ApplicationFilterChain.doFilter(ApplicationFilterChain.java:149)
	at org.apache.tomcat.websocket.server.WsFilter.doFilter(WsFilter.java:51)
	at org.apache.catalina.core.ApplicationFilterChain.internalDoFilter(ApplicationFilterChain.java:174)
	at org.apache.catalina.core.ApplicationFilterChain.doFilter(ApplicationFilterChain.java:149)
	at com.khata.onsite.configs.HttpLoggingFilter.doFilter(HttpLoggingFilter.java:67)
	at org.apache.catalina.core.ApplicationFilterChain.internalDoFilter(ApplicationFilterChain.java:174)
	at org.apache.catalina.core.ApplicationFilterChain.doFilter(ApplicationFilterChain.java:149)
	at org.springframework.web.filter.RequestContextFilter.doFilterInternal(RequestContextFilter.java:100)
	at org.springframework.web.filter.OncePerRequestFilter.doFilter(OncePerRequestFilter.java:116)
	at org.apache.catalina.core.ApplicationFilterChain.internalDoFilter(ApplicationFilterChain.java:174)
	at org.apache.catalina.core.ApplicationFilterChain.doFilter(ApplicationFilterChain.java:149)
	at org.springframework.web.filter.FormContentFilter.doFilterInternal(FormContentFilter.java:93)
	at org.springframework.web.filter.OncePerRequestFilter.doFilter(OncePerRequestFilter.java:116)
	at org.apache.catalina.core.ApplicationFilterChain.internalDoFilter(ApplicationFilterChain.java:174)
	at org.apache.catalina.core.ApplicationFilterChain.doFilter(ApplicationFilterChain.java:149)
	at org.springframework.web.filter.CharacterEncodingFilter.doFilterInternal(CharacterEncodingFilter.java:201)
	at org.springframework.web.filter.OncePerRequestFilter.doFilter(OncePerRequestFilter.java:116)
	at org.apache.catalina.core.ApplicationFilterChain.internalDoFilter(ApplicationFilterChain.java:174)
	at org.apache.catalina.core.ApplicationFilterChain.doFilter(ApplicationFilterChain.java:149)
	at org.apache.catalina.core.StandardWrapperValve.invoke(StandardWrapperValve.java:167)
	at org.apache.catalina.core.StandardContextValve.invoke(StandardContextValve.java:90)
	at org.apache.catalina.authenticator.AuthenticatorBase.invoke(AuthenticatorBase.java:482)
	at org.apache.catalina.core.StandardHostValve.invoke(StandardHostValve.java:115)
	at org.apache.catalina.valves.ErrorReportValve.invoke(ErrorReportValve.java:93)
	at org.apache.catalina.core.StandardEngineValve.invoke(StandardEngineValve.java:74)
	at org.apache.catalina.connector.CoyoteAdapter.service(CoyoteAdapter.java:340)
	at org.apache.coyote.http11.Http11Processor.service(Http11Processor.java:391)
	at org.apache.coyote.AbstractProcessorLight.process(AbstractProcessorLight.java:63)
	at org.apache.coyote.AbstractProtocol$ConnectionHandler.process(AbstractProtocol.java:896)
	at org.apache.tomcat.util.net.NioEndpoint$SocketProcessor.doRun(NioEndpoint.java:1744)
	at org.apache.tomcat.util.net.SocketProcessorBase.run(SocketProcessorBase.java:52)
	at org.apache.tomcat.util.threads.ThreadPoolExecutor.runWorker(ThreadPoolExecutor.java:1191)
	at org.apache.tomcat.util.threads.ThreadPoolExecutor$Worker.run(ThreadPoolExecutor.java:659)
	at org.apache.tomcat.util.threads.TaskThread$WrappingRunnable.run(TaskThread.java:61)
	at java.base/java.lang.Thread.run(Thread.java:833)
2024-02-15 14:48:16.798 WARN  - LAP-NFS1192 - Failure in @ExceptionHandler com.khata.onsite.configs.RestResponseEntityExceptionHandler#handleConflict(RuntimeException, WebRequest)
java.lang.NullPointerException: Cannot invoke "org.springframework.web.context.request.WebRequest.setAttribute(String, Object, int)" because "request" is null
	at org.springframework.web.servlet.mvc.method.annotation.ResponseEntityExceptionHandler.handleExceptionInternal(ResponseEntityExceptionHandler.java:564)
	at com.khata.onsite.configs.RestResponseEntityExceptionHandler.handleConflict(RestResponseEntityExceptionHandler.java:22)
	at java.base/jdk.internal.reflect.NativeMethodAccessorImpl.invoke0(Native Method)
	at java.base/jdk.internal.reflect.NativeMethodAccessorImpl.invoke(NativeMethodAccessorImpl.java:77)
	at java.base/jdk.internal.reflect.DelegatingMethodAccessorImpl.invoke(DelegatingMethodAccessorImpl.java:43)
	at java.base/java.lang.reflect.Method.invoke(Method.java:568)
	at org.springframework.web.method.support.InvocableHandlerMethod.doInvoke(InvocableHandlerMethod.java:205)
	at org.springframework.web.method.support.InvocableHandlerMethod.invokeForRequest(InvocableHandlerMethod.java:150)
	at org.springframework.web.servlet.mvc.method.annotation.ServletInvocableHandlerMethod.invokeAndHandle(ServletInvocableHandlerMethod.java:118)
	at org.springframework.web.servlet.mvc.method.annotation.ExceptionHandlerExceptionResolver.doResolveHandlerMethodException(ExceptionHandlerExceptionResolver.java:413)
	at org.springframework.web.servlet.handler.AbstractHandlerMethodExceptionResolver.doResolveException(AbstractHandlerMethodExceptionResolver.java:74)
	at org.springframework.web.servlet.handler.AbstractHandlerExceptionResolver.resolveException(AbstractHandlerExceptionResolver.java:141)
	at org.springframework.web.servlet.handler.HandlerExceptionResolverComposite.resolveException(HandlerExceptionResolverComposite.java:80)
	at org.springframework.web.servlet.DispatcherServlet.processHandlerException(DispatcherServlet.java:1341)
	at org.springframework.web.servlet.DispatcherServlet.processDispatchResult(DispatcherServlet.java:1152)
	at org.springframework.web.servlet.DispatcherServlet.doDispatch(DispatcherServlet.java:1098)
	at org.springframework.web.servlet.DispatcherServlet.doService(DispatcherServlet.java:974)
	at org.springframework.web.servlet.FrameworkServlet.processRequest(FrameworkServlet.java:1011)
	at org.springframework.web.servlet.FrameworkServlet.doPost(FrameworkServlet.java:914)
	at jakarta.servlet.http.HttpServlet.service(HttpServlet.java:590)
	at org.springframework.web.servlet.FrameworkServlet.service(FrameworkServlet.java:885)
	at jakarta.servlet.http.HttpServlet.service(HttpServlet.java:658)
	at org.apache.catalina.core.ApplicationFilterChain.internalDoFilter(ApplicationFilterChain.java:205)
	at org.apache.catalina.core.ApplicationFilterChain.doFilter(ApplicationFilterChain.java:149)
	at org.apache.tomcat.websocket.server.WsFilter.doFilter(WsFilter.java:51)
	at org.apache.catalina.core.ApplicationFilterChain.internalDoFilter(ApplicationFilterChain.java:174)
	at org.apache.catalina.core.ApplicationFilterChain.doFilter(ApplicationFilterChain.java:149)
	at com.khata.onsite.configs.HttpLoggingFilter.doFilter(HttpLoggingFilter.java:67)
	at org.apache.catalina.core.ApplicationFilterChain.internalDoFilter(ApplicationFilterChain.java:174)
	at org.apache.catalina.core.ApplicationFilterChain.doFilter(ApplicationFilterChain.java:149)
	at org.springframework.web.filter.RequestContextFilter.doFilterInternal(RequestContextFilter.java:100)
	at org.springframework.web.filter.OncePerRequestFilter.doFilter(OncePerRequestFilter.java:116)
	at org.apache.catalina.core.ApplicationFilterChain.internalDoFilter(ApplicationFilterChain.java:174)
	at org.apache.catalina.core.ApplicationFilterChain.doFilter(ApplicationFilterChain.java:149)
	at org.springframework.web.filter.FormContentFilter.doFilterInternal(FormContentFilter.java:93)
	at org.springframework.web.filter.OncePerRequestFilter.doFilter(OncePerRequestFilter.java:116)
	at org.apache.catalina.core.ApplicationFilterChain.internalDoFilter(ApplicationFilterChain.java:174)
	at org.apache.catalina.core.ApplicationFilterChain.doFilter(ApplicationFilterChain.java:149)
	at org.springframework.web.filter.CharacterEncodingFilter.doFilterInternal(CharacterEncodingFilter.java:201)
	at org.springframework.web.filter.OncePerRequestFilter.doFilter(OncePerRequestFilter.java:116)
	at org.apache.catalina.core.ApplicationFilterChain.internalDoFilter(ApplicationFilterChain.java:174)
	at org.apache.catalina.core.ApplicationFilterChain.doFilter(ApplicationFilterChain.java:149)
	at org.apache.catalina.core.StandardWrapperValve.invoke(StandardWrapperValve.java:167)
	at org.apache.catalina.core.StandardContextValve.invoke(StandardContextValve.java:90)
	at org.apache.catalina.authenticator.AuthenticatorBase.invoke(AuthenticatorBase.java:482)
	at org.apache.catalina.core.StandardHostValve.invoke(StandardHostValve.java:115)
	at org.apache.catalina.valves.ErrorReportValve.invoke(ErrorReportValve.java:93)
	at org.apache.catalina.core.StandardEngineValve.invoke(StandardEngineValve.java:74)
	at org.apache.catalina.connector.CoyoteAdapter.service(CoyoteAdapter.java:340)
	at org.apache.coyote.http11.Http11Processor.service(Http11Processor.java:391)
	at org.apache.coyote.AbstractProcessorLight.process(AbstractProcessorLight.java:63)
	at org.apache.coyote.AbstractProtocol$ConnectionHandler.process(AbstractProtocol.java:896)
	at org.apache.tomcat.util.net.NioEndpoint$SocketProcessor.doRun(NioEndpoint.java:1744)
	at org.apache.tomcat.util.net.SocketProcessorBase.run(SocketProcessorBase.java:52)
	at org.apache.tomcat.util.threads.ThreadPoolExecutor.runWorker(ThreadPoolExecutor.java:1191)
	at org.apache.tomcat.util.threads.ThreadPoolExecutor$Worker.run(ThreadPoolExecutor.java:659)
	at org.apache.tomcat.util.threads.TaskThread$WrappingRunnable.run(TaskThread.java:61)
	at java.base/java.lang.Thread.run(Thread.java:833)
2024-02-15 14:48:16.801 ERROR - LAP-NFS1192 - Request processing failed: org.springframework.transaction.UnexpectedRollbackException: Transaction silently rolled back because it has been marked as rollback-only
2024-02-15 14:49:08.482 INFO  - LAP-NFS1192 - Starting KhataApplication using Java 17.0.8.1 with PID 35100 (D:\JKD17WorkSpace\Personal\khata\target\classes started by Administrator in D:\JKD17WorkSpace\Personal\khata)
2024-02-15 14:49:08.486 INFO  - LAP-NFS1192 - No active profile set, falling back to 1 default profile: "default"
2024-02-15 14:49:09.658 INFO  - LAP-NFS1192 - Bootstrapping Spring Data JPA repositories in DEFAULT mode.
2024-02-15 14:49:09.741 INFO  - LAP-NFS1192 - Finished Spring Data repository scanning in 65 ms. Found 1 JPA repository interfaces.
2024-02-15 14:49:10.653 INFO  - LAP-NFS1192 - Tomcat initialized with port(s): 9010 (http)
2024-02-15 14:49:10.675 INFO  - LAP-NFS1192 - Initializing ProtocolHandler ["http-nio-9010"]
2024-02-15 14:49:10.680 INFO  - LAP-NFS1192 - Starting service [Tomcat]
2024-02-15 14:49:10.680 INFO  - LAP-NFS1192 - Starting Servlet engine: [Apache Tomcat/10.1.15]
2024-02-15 14:49:10.839 INFO  - LAP-NFS1192 - Initializing Spring embedded WebApplicationContext
2024-02-15 14:49:10.841 INFO  - LAP-NFS1192 - Root WebApplicationContext: initialization completed in 2274 ms
2024-02-15 14:49:11.592 INFO  - LAP-NFS1192 - No LoadTimeWeaver setup: ignoring JPA class transformer
2024-02-15 14:49:11.626 INFO  - LAP-NFS1192 - HikariPool-1 - Starting...
2024-02-15 14:49:11.871 INFO  - LAP-NFS1192 - HikariPool-1 - Added connection com.mysql.cj.jdbc.ConnectionImpl@25fa6889
2024-02-15 14:49:11.874 INFO  - LAP-NFS1192 - HikariPool-1 - Start completed.
2024-02-15 14:49:13.082 INFO  - LAP-NFS1192 - Initialized JPA EntityManagerFactory for persistence unit 'default'
2024-02-15 14:49:13.531 WARN  - LAP-NFS1192 - spring.jpa.open-in-view is enabled by default. Therefore, database queries may be performed during view rendering. Explicitly configure spring.jpa.open-in-view to disable this warning
2024-02-15 14:49:14.324 INFO  - LAP-NFS1192 - Starting ProtocolHandler ["http-nio-9010"]
2024-02-15 14:49:14.356 INFO  - LAP-NFS1192 - Tomcat started on port(s): 9010 (http) with context path '/api'
2024-02-15 14:49:14.377 INFO  - LAP-NFS1192 - Started KhataApplication in 6.752 seconds (process running for 7.874)
2024-02-15 14:49:18.758 INFO  - LAP-NFS1192 - Initializing Spring DispatcherServlet 'dispatcherServlet'
2024-02-15 14:49:19.054 ERROR - LAP-NFS1192 - Data truncation: Data too long for column 'description' at row 1
2024-02-15 14:49:19.096 INFO  - LAP-NFS1192 - REST Request - [HTTP METHOD:POST] [PATH INFO:/rules/addOrUpdateRule] [REQUEST PARAMETERS:{}] [REQUEST BODY:{"ruleName": "test1","ruleAmount": "2000","ruleProposedBy": 1,"ruleDesc": "It is mutually agreed by all onsite team members that everyone must leave the WhatsApp unofficial group within 24 hours of landing to Lahore Airport. Non-compliance will be penalized by IDR 300k It is mutually agreed by all onsite team members that everyone must leave the WhatsApp unofficial group within 24 hours of landing to Lahore Airport. Non-compliance will be penalized by IDR 300k","status": true,"ruleIdPk": ""}] [REMOTE ADDRESS:0:0:0:0:0:0:0:1] [RESPONSE:{"message":"Transaction silently rolled back because it has been marked as rollback-only"}]
2024-02-15 14:50:16.886 INFO  - LAP-NFS1192 - Starting KhataApplication using Java 17.0.8.1 with PID 41548 (D:\JKD17WorkSpace\Personal\khata\target\classes started by Administrator in D:\JKD17WorkSpace\Personal\khata)
2024-02-15 14:50:16.890 INFO  - LAP-NFS1192 - No active profile set, falling back to 1 default profile: "default"
2024-02-15 14:50:18.008 INFO  - LAP-NFS1192 - Bootstrapping Spring Data JPA repositories in DEFAULT mode.
2024-02-15 14:50:18.104 INFO  - LAP-NFS1192 - Finished Spring Data repository scanning in 82 ms. Found 1 JPA repository interfaces.
2024-02-15 14:50:19.032 INFO  - LAP-NFS1192 - Tomcat initialized with port(s): 9010 (http)
2024-02-15 14:50:19.045 INFO  - LAP-NFS1192 - Initializing ProtocolHandler ["http-nio-9010"]
2024-02-15 14:50:19.049 INFO  - LAP-NFS1192 - Starting service [Tomcat]
2024-02-15 14:50:19.050 INFO  - LAP-NFS1192 - Starting Servlet engine: [Apache Tomcat/10.1.15]
2024-02-15 14:50:19.262 INFO  - LAP-NFS1192 - Initializing Spring embedded WebApplicationContext
2024-02-15 14:50:19.264 INFO  - LAP-NFS1192 - Root WebApplicationContext: initialization completed in 2292 ms
2024-02-15 14:50:19.905 INFO  - LAP-NFS1192 - No LoadTimeWeaver setup: ignoring JPA class transformer
2024-02-15 14:50:19.950 INFO  - LAP-NFS1192 - HikariPool-1 - Starting...
2024-02-15 14:50:20.313 INFO  - LAP-NFS1192 - HikariPool-1 - Added connection com.mysql.cj.jdbc.ConnectionImpl@1de73d37
2024-02-15 14:50:20.316 INFO  - LAP-NFS1192 - HikariPool-1 - Start completed.
2024-02-15 14:50:21.522 INFO  - LAP-NFS1192 - Initialized JPA EntityManagerFactory for persistence unit 'default'
2024-02-15 14:50:21.979 WARN  - LAP-NFS1192 - spring.jpa.open-in-view is enabled by default. Therefore, database queries may be performed during view rendering. Explicitly configure spring.jpa.open-in-view to disable this warning
2024-02-15 14:50:22.777 INFO  - LAP-NFS1192 - Starting ProtocolHandler ["http-nio-9010"]
2024-02-15 14:50:22.803 INFO  - LAP-NFS1192 - Tomcat started on port(s): 9010 (http) with context path '/api'
2024-02-15 14:50:22.813 INFO  - LAP-NFS1192 - Started KhataApplication in 6.887 seconds (process running for 7.998)
2024-02-15 14:50:26.732 INFO  - LAP-NFS1192 - Initializing Spring DispatcherServlet 'dispatcherServlet'
2024-02-15 14:50:27.012 ERROR - LAP-NFS1192 - Data truncation: Data too long for column 'description' at row 1
2024-02-15 14:50:27.059 INFO  - LAP-NFS1192 - REST Request - [HTTP METHOD:POST] [PATH INFO:/rules/addOrUpdateRule] [REQUEST PARAMETERS:{}] [REQUEST BODY:{"ruleName": "test1","ruleAmount": "2000","ruleProposedBy": 1,"ruleDesc": "It is mutually agreed by all onsite team members that everyone must leave the WhatsApp unofficial group within 24 hours of landing to Lahore Airport. Non-compliance will be penalized by IDR 300k It is mutually agreed by all onsite team members that everyone must leave the WhatsApp unofficial group within 24 hours of landing to Lahore Airport. Non-compliance will be penalized by IDR 300k","status": true,"ruleIdPk": ""}] [REMOTE ADDRESS:0:0:0:0:0:0:0:1] [RESPONSE:{"org.springframework.web.servlet.PageNotFound":"org.springframework.web.servlet.PageNotFound","message":"Transaction silently rolled back because it has been marked as rollback-only"}]
2024-02-15 15:05:02.780 INFO  - LAP-NFS1192 - REST Request - [HTTP METHOD:POST] [PATH INFO:/rules/addOrUpdateRule] [REQUEST PARAMETERS:{}] [REQUEST BODY:{"ruleName": "","ruleAmount": "2000","ruleProposedBy": 1,"ruleDesc": "It is mutually agreed by IDR 300k","status": true,"ruleIdPk": ""}] [REMOTE ADDRESS:0:0:0:0:0:0:0:1] [RESPONSE:{"type":"about:blank","title":"Bad Request","status":400,"detail":"Invalid request content.","instance":"/api/rules/addOrUpdateRule"}]
2024-02-15 15:05:29.958 INFO  - LAP-NFS1192 - Starting KhataApplication using Java 17.0.8.1 with PID 40888 (D:\JKD17WorkSpace\Personal\khata\target\classes started by Administrator in D:\JKD17WorkSpace\Personal\khata)
2024-02-15 15:05:29.967 INFO  - LAP-NFS1192 - No active profile set, falling back to 1 default profile: "default"
2024-02-15 15:05:31.205 INFO  - LAP-NFS1192 - Bootstrapping Spring Data JPA repositories in DEFAULT mode.
2024-02-15 15:05:31.347 INFO  - LAP-NFS1192 - Finished Spring Data repository scanning in 117 ms. Found 1 JPA repository interfaces.
2024-02-15 15:05:32.387 INFO  - LAP-NFS1192 - Tomcat initialized with port(s): 9010 (http)
2024-02-15 15:05:32.397 INFO  - LAP-NFS1192 - Initializing ProtocolHandler ["http-nio-9010"]
2024-02-15 15:05:32.400 INFO  - LAP-NFS1192 - Starting service [Tomcat]
2024-02-15 15:05:32.401 INFO  - LAP-NFS1192 - Starting Servlet engine: [Apache Tomcat/10.1.15]
2024-02-15 15:05:32.552 INFO  - LAP-NFS1192 - Initializing Spring embedded WebApplicationContext
2024-02-15 15:05:32.554 INFO  - LAP-NFS1192 - Root WebApplicationContext: initialization completed in 2496 ms
2024-02-15 15:05:33.251 INFO  - LAP-NFS1192 - No LoadTimeWeaver setup: ignoring JPA class transformer
2024-02-15 15:05:33.283 INFO  - LAP-NFS1192 - HikariPool-1 - Starting...
2024-02-15 15:05:33.494 INFO  - LAP-NFS1192 - HikariPool-1 - Added connection com.mysql.cj.jdbc.ConnectionImpl@40b31a16
2024-02-15 15:05:33.497 INFO  - LAP-NFS1192 - HikariPool-1 - Start completed.
2024-02-15 15:05:34.930 INFO  - LAP-NFS1192 - Initialized JPA EntityManagerFactory for persistence unit 'default'
2024-02-15 15:05:35.512 WARN  - LAP-NFS1192 - spring.jpa.open-in-view is enabled by default. Therefore, database queries may be performed during view rendering. Explicitly configure spring.jpa.open-in-view to disable this warning
2024-02-15 15:05:36.344 INFO  - LAP-NFS1192 - Starting ProtocolHandler ["http-nio-9010"]
2024-02-15 15:05:36.389 INFO  - LAP-NFS1192 - Tomcat started on port(s): 9010 (http) with context path '/api'
2024-02-15 15:05:36.403 INFO  - LAP-NFS1192 - Started KhataApplication in 7.415 seconds (process running for 8.524)
2024-02-15 15:05:36.863 INFO  - LAP-NFS1192 - Initializing Spring DispatcherServlet 'dispatcherServlet'
2024-02-15 15:05:37.117 INFO  - LAP-NFS1192 - REST Request - [HTTP METHOD:POST] [PATH INFO:/rules/addOrUpdateRule] [REQUEST PARAMETERS:{}] [REQUEST BODY:{"ruleName": "","ruleAmount": "2000","ruleProposedBy": 1,"ruleDesc": "It is mutually agreed by IDR 300k","status": true,"ruleIdPk": ""}] [REMOTE ADDRESS:0:0:0:0:0:0:0:1] [RESPONSE:{"type":"about:blank","title":"Bad Request","status":400,"detail":"Invalid request content.","instance":"/api/rules/addOrUpdateRule"}]
2024-02-15 15:05:39.824 INFO  - LAP-NFS1192 - REST Request - [HTTP METHOD:POST] [PATH INFO:/rules/addOrUpdateRule] [REQUEST PARAMETERS:{}] [REQUEST BODY:{"ruleName": "","ruleAmount": "2000","ruleProposedBy": 1,"ruleDesc": "It is mutually agreed by IDR 300k","status": true,"ruleIdPk": ""}] [REMOTE ADDRESS:0:0:0:0:0:0:0:1] [RESPONSE:{"type":"about:blank","title":"Bad Request","status":400,"detail":"Invalid request content.","instance":"/api/rules/addOrUpdateRule"}]
2024-02-15 15:05:53.290 INFO  - LAP-NFS1192 - Starting KhataApplication using Java 17.0.8.1 with PID 26344 (D:\JKD17WorkSpace\Personal\khata\target\classes started by Administrator in D:\JKD17WorkSpace\Personal\khata)
2024-02-15 15:05:53.294 INFO  - LAP-NFS1192 - No active profile set, falling back to 1 default profile: "default"
2024-02-15 15:05:54.271 INFO  - LAP-NFS1192 - Bootstrapping Spring Data JPA repositories in DEFAULT mode.
2024-02-15 15:05:54.345 INFO  - LAP-NFS1192 - Finished Spring Data repository scanning in 65 ms. Found 1 JPA repository interfaces.
2024-02-15 15:05:55.112 INFO  - LAP-NFS1192 - Tomcat initialized with port(s): 9010 (http)
2024-02-15 15:05:55.123 INFO  - LAP-NFS1192 - Initializing ProtocolHandler ["http-nio-9010"]
2024-02-15 15:05:55.126 INFO  - LAP-NFS1192 - Starting service [Tomcat]
2024-02-15 15:05:55.127 INFO  - LAP-NFS1192 - Starting Servlet engine: [Apache Tomcat/10.1.15]
2024-02-15 15:05:55.305 INFO  - LAP-NFS1192 - Initializing Spring embedded WebApplicationContext
2024-02-15 15:05:55.307 INFO  - LAP-NFS1192 - Root WebApplicationContext: initialization completed in 1938 ms
2024-02-15 15:05:56.088 INFO  - LAP-NFS1192 - No LoadTimeWeaver setup: ignoring JPA class transformer
2024-02-15 15:05:56.136 INFO  - LAP-NFS1192 - HikariPool-1 - Starting...
2024-02-15 15:05:56.385 INFO  - LAP-NFS1192 - HikariPool-1 - Added connection com.mysql.cj.jdbc.ConnectionImpl@25fa6889
2024-02-15 15:05:56.388 INFO  - LAP-NFS1192 - HikariPool-1 - Start completed.
2024-02-15 15:05:57.635 INFO  - LAP-NFS1192 - Initialized JPA EntityManagerFactory for persistence unit 'default'
2024-02-15 15:05:58.245 WARN  - LAP-NFS1192 - spring.jpa.open-in-view is enabled by default. Therefore, database queries may be performed during view rendering. Explicitly configure spring.jpa.open-in-view to disable this warning
2024-02-15 15:05:59.079 INFO  - LAP-NFS1192 - Starting ProtocolHandler ["http-nio-9010"]
2024-02-15 15:05:59.111 INFO  - LAP-NFS1192 - Tomcat started on port(s): 9010 (http) with context path '/api'
2024-02-15 15:05:59.126 INFO  - LAP-NFS1192 - Started KhataApplication in 6.535 seconds (process running for 7.55)
2024-02-15 15:06:02.683 INFO  - LAP-NFS1192 - Initializing Spring DispatcherServlet 'dispatcherServlet'
2024-02-15 15:06:02.892 INFO  - LAP-NFS1192 - REST Request - [HTTP METHOD:POST] [PATH INFO:/rules/addOrUpdateRule] [REQUEST PARAMETERS:{}] [REQUEST BODY:{"ruleName": "","ruleAmount": "2000","ruleProposedBy": 1,"ruleDesc": "It is mutually agreed by IDR 300k","status": true,"ruleIdPk": ""}] [REMOTE ADDRESS:0:0:0:0:0:0:0:1] [RESPONSE:{"type":"about:blank","title":"Bad Request","status":400,"detail":"Invalid request content.","instance":"/api/rules/addOrUpdateRule"}]
2024-02-15 15:06:05.044 INFO  - LAP-NFS1192 - REST Request - [HTTP METHOD:POST] [PATH INFO:/rules/addOrUpdateRule] [REQUEST PARAMETERS:{}] [REQUEST BODY:{"ruleName": "","ruleAmount": "2000","ruleProposedBy": 1,"ruleDesc": "It is mutually agreed by IDR 300k","status": true,"ruleIdPk": ""}] [REMOTE ADDRESS:0:0:0:0:0:0:0:1] [RESPONSE:{"type":"about:blank","title":"Bad Request","status":400,"detail":"Invalid request content.","instance":"/api/rules/addOrUpdateRule"}]
2024-02-15 15:07:04.168 INFO  - LAP-NFS1192 - Starting KhataApplication using Java 17.0.8.1 with PID 42564 (D:\JKD17WorkSpace\Personal\khata\target\classes started by Administrator in D:\JKD17WorkSpace\Personal\khata)
2024-02-15 15:07:04.171 INFO  - LAP-NFS1192 - No active profile set, falling back to 1 default profile: "default"
2024-02-15 15:07:05.332 INFO  - LAP-NFS1192 - Bootstrapping Spring Data JPA repositories in DEFAULT mode.
2024-02-15 15:07:05.423 INFO  - LAP-NFS1192 - Finished Spring Data repository scanning in 75 ms. Found 1 JPA repository interfaces.
2024-02-15 15:07:06.224 INFO  - LAP-NFS1192 - Tomcat initialized with port(s): 9010 (http)
2024-02-15 15:07:06.235 INFO  - LAP-NFS1192 - Initializing ProtocolHandler ["http-nio-9010"]
2024-02-15 15:07:06.238 INFO  - LAP-NFS1192 - Starting service [Tomcat]
2024-02-15 15:07:06.239 INFO  - LAP-NFS1192 - Starting Servlet engine: [Apache Tomcat/10.1.15]
2024-02-15 15:07:06.373 INFO  - LAP-NFS1192 - Initializing Spring embedded WebApplicationContext
2024-02-15 15:07:06.375 INFO  - LAP-NFS1192 - Root WebApplicationContext: initialization completed in 2125 ms
2024-02-15 15:07:07.024 INFO  - LAP-NFS1192 - No LoadTimeWeaver setup: ignoring JPA class transformer
2024-02-15 15:07:07.065 INFO  - LAP-NFS1192 - HikariPool-1 - Starting...
2024-02-15 15:07:07.304 INFO  - LAP-NFS1192 - HikariPool-1 - Added connection com.mysql.cj.jdbc.ConnectionImpl@1b94c789
2024-02-15 15:07:07.308 INFO  - LAP-NFS1192 - HikariPool-1 - Start completed.
2024-02-15 15:07:08.500 INFO  - LAP-NFS1192 - Initialized JPA EntityManagerFactory for persistence unit 'default'
2024-02-15 15:07:09.022 WARN  - LAP-NFS1192 - spring.jpa.open-in-view is enabled by default. Therefore, database queries may be performed during view rendering. Explicitly configure spring.jpa.open-in-view to disable this warning
2024-02-15 15:07:09.918 INFO  - LAP-NFS1192 - Starting ProtocolHandler ["http-nio-9010"]
2024-02-15 15:07:09.950 INFO  - LAP-NFS1192 - Tomcat started on port(s): 9010 (http) with context path '/api'
2024-02-15 15:07:09.967 INFO  - LAP-NFS1192 - Started KhataApplication in 6.666 seconds (process running for 7.716)
2024-02-15 15:07:10.086 INFO  - LAP-NFS1192 - Initializing Spring DispatcherServlet 'dispatcherServlet'
2024-02-15 15:07:10.261 WARN  - LAP-NFS1192 - Resolved [org.springframework.web.bind.MethodArgumentNotValidException: Validation failed for argument [0] in public com.khata.onsite.common.GeneralResponse<?> com.khata.onsite.controllers.RulesController.addOrUpdateRule(com.khata.onsite.in.dto.RuleRequestDTO) with 2 errors: [Field error in object 'ruleRequestDTO' on field 'ruleName': rejected value []; codes [Size.ruleRequestDTO.ruleName,Size.ruleName,Size.java.lang.String,Size]; arguments [org.springframework.context.support.DefaultMessageSourceResolvable: codes [ruleRequestDTO.ruleName,ruleName]; arguments []; default message [ruleName],30,3]; default message [Invalid Name: Must be of 3 - 30 characters]] [Field error in object 'ruleRequestDTO' on field 'ruleName': rejected value []; codes [NotBlank.ruleRequestDTO.ruleName,NotBlank.ruleName,NotBlank.java.lang.String,NotBlank]; arguments [org.springframework.context.support.DefaultMessageSourceResolvable: codes [ruleRequestDTO.ruleName,ruleName]; arguments []; default message [ruleName]]; default message [Invalid Name: Empty name]] ]
2024-02-15 15:07:10.264 ERROR - LAP-NFS1192 - Cannot invoke "java.io.ByteArrayOutputStream.toString()" because "this.bos" is null
2024-02-15 15:07:29.750 INFO  - LAP-NFS1192 - Starting KhataApplication using Java 17.0.8.1 with PID 38264 (D:\JKD17WorkSpace\Personal\khata\target\classes started by Administrator in D:\JKD17WorkSpace\Personal\khata)
2024-02-15 15:07:29.753 INFO  - LAP-NFS1192 - No active profile set, falling back to 1 default profile: "default"
2024-02-15 15:07:30.707 INFO  - LAP-NFS1192 - Bootstrapping Spring Data JPA repositories in DEFAULT mode.
2024-02-15 15:07:30.784 INFO  - LAP-NFS1192 - Finished Spring Data repository scanning in 65 ms. Found 1 JPA repository interfaces.
2024-02-15 15:07:31.523 INFO  - LAP-NFS1192 - Tomcat initialized with port(s): 9010 (http)
2024-02-15 15:07:31.536 INFO  - LAP-NFS1192 - Initializing ProtocolHandler ["http-nio-9010"]
2024-02-15 15:07:31.538 INFO  - LAP-NFS1192 - Starting service [Tomcat]
2024-02-15 15:07:31.539 INFO  - LAP-NFS1192 - Starting Servlet engine: [Apache Tomcat/10.1.15]
2024-02-15 15:07:31.722 INFO  - LAP-NFS1192 - Initializing Spring embedded WebApplicationContext
2024-02-15 15:07:31.725 INFO  - LAP-NFS1192 - Root WebApplicationContext: initialization completed in 1894 ms
2024-02-15 15:07:32.454 INFO  - LAP-NFS1192 - No LoadTimeWeaver setup: ignoring JPA class transformer
2024-02-15 15:07:32.491 INFO  - LAP-NFS1192 - HikariPool-1 - Starting...
2024-02-15 15:07:32.704 INFO  - LAP-NFS1192 - HikariPool-1 - Added connection com.mysql.cj.jdbc.ConnectionImpl@3cf4dec7
2024-02-15 15:07:32.708 INFO  - LAP-NFS1192 - HikariPool-1 - Start completed.
2024-02-15 15:07:33.767 INFO  - LAP-NFS1192 - Initialized JPA EntityManagerFactory for persistence unit 'default'
2024-02-15 15:07:34.216 WARN  - LAP-NFS1192 - spring.jpa.open-in-view is enabled by default. Therefore, database queries may be performed during view rendering. Explicitly configure spring.jpa.open-in-view to disable this warning
2024-02-15 15:07:34.898 INFO  - LAP-NFS1192 - Starting ProtocolHandler ["http-nio-9010"]
2024-02-15 15:07:34.922 INFO  - LAP-NFS1192 - Tomcat started on port(s): 9010 (http) with context path '/api'
2024-02-15 15:07:34.933 INFO  - LAP-NFS1192 - Started KhataApplication in 5.88 seconds (process running for 6.756)
2024-02-15 15:07:38.405 INFO  - LAP-NFS1192 - Initializing Spring DispatcherServlet 'dispatcherServlet'
2024-02-15 15:07:38.607 INFO  - LAP-NFS1192 - REST Request - [HTTP METHOD:POST] [PATH INFO:/rules/addOrUpdateRule] [REQUEST PARAMETERS:{}] [REQUEST BODY:{"ruleName": "","ruleAmount": "2000","ruleProposedBy": 1,"ruleDesc": "It is mutually agreed by IDR 300k","status": true,"ruleIdPk": ""}] [REMOTE ADDRESS:0:0:0:0:0:0:0:1] [RESPONSE:{"type":"about:blank","title":"Bad Request","status":400,"detail":"Invalid request content.","instance":"/api/rules/addOrUpdateRule"}]
2024-02-15 15:08:13.337 INFO  - LAP-NFS1192 - Starting KhataApplication using Java 17.0.8.1 with PID 16372 (D:\JKD17WorkSpace\Personal\khata\target\classes started by Administrator in D:\JKD17WorkSpace\Personal\khata)
2024-02-15 15:08:13.340 INFO  - LAP-NFS1192 - No active profile set, falling back to 1 default profile: "default"
2024-02-15 15:08:14.279 INFO  - LAP-NFS1192 - Bootstrapping Spring Data JPA repositories in DEFAULT mode.
2024-02-15 15:08:14.360 INFO  - LAP-NFS1192 - Finished Spring Data repository scanning in 68 ms. Found 1 JPA repository interfaces.
2024-02-15 15:08:15.105 INFO  - LAP-NFS1192 - Tomcat initialized with port(s): 9010 (http)
2024-02-15 15:08:15.118 INFO  - LAP-NFS1192 - Initializing ProtocolHandler ["http-nio-9010"]
2024-02-15 15:08:15.121 INFO  - LAP-NFS1192 - Starting service [Tomcat]
2024-02-15 15:08:15.122 INFO  - LAP-NFS1192 - Starting Servlet engine: [Apache Tomcat/10.1.15]
2024-02-15 15:08:15.267 INFO  - LAP-NFS1192 - Initializing Spring embedded WebApplicationContext
2024-02-15 15:08:15.269 INFO  - LAP-NFS1192 - Root WebApplicationContext: initialization completed in 1864 ms
2024-02-15 15:08:15.930 INFO  - LAP-NFS1192 - No LoadTimeWeaver setup: ignoring JPA class transformer
2024-02-15 15:08:15.965 INFO  - LAP-NFS1192 - HikariPool-1 - Starting...
2024-02-15 15:08:16.170 INFO  - LAP-NFS1192 - HikariPool-1 - Added connection com.mysql.cj.jdbc.ConnectionImpl@25fa6889
2024-02-15 15:08:16.173 INFO  - LAP-NFS1192 - HikariPool-1 - Start completed.
2024-02-15 15:08:17.263 INFO  - LAP-NFS1192 - Initialized JPA EntityManagerFactory for persistence unit 'default'
2024-02-15 15:08:17.755 WARN  - LAP-NFS1192 - spring.jpa.open-in-view is enabled by default. Therefore, database queries may be performed during view rendering. Explicitly configure spring.jpa.open-in-view to disable this warning
2024-02-15 15:08:18.446 INFO  - LAP-NFS1192 - Starting ProtocolHandler ["http-nio-9010"]
2024-02-15 15:08:18.475 INFO  - LAP-NFS1192 - Tomcat started on port(s): 9010 (http) with context path '/api'
2024-02-15 15:08:18.485 INFO  - LAP-NFS1192 - Started KhataApplication in 5.864 seconds (process running for 6.783)
2024-02-15 15:08:22.080 INFO  - LAP-NFS1192 - Initializing Spring DispatcherServlet 'dispatcherServlet'
2024-02-15 15:08:22.306 INFO  - LAP-NFS1192 - REST Request - [HTTP METHOD:POST] [PATH INFO:/rules/addOrUpdateRule] [REQUEST PARAMETERS:{}] [REQUEST BODY:{"ruleName": "","ruleAmount": "2000","ruleProposedBy": 1,"ruleDesc": "It is mutually agreed by IDR 300k","status": true,"ruleIdPk": ""}] [REMOTE ADDRESS:0:0:0:0:0:0:0:1] [RESPONSE:{"type":"about:blank","title":"Bad Request","status":400,"detail":"Invalid request content.","instance":"/api/rules/addOrUpdateRule"}]
2024-02-15 15:08:24.273 INFO  - LAP-NFS1192 - REST Request - [HTTP METHOD:POST] [PATH INFO:/rules/addOrUpdateRule] [REQUEST PARAMETERS:{}] [REQUEST BODY:{"ruleName": "","ruleAmount": "2000","ruleProposedBy": 1,"ruleDesc": "It is mutually agreed by IDR 300k","status": true,"ruleIdPk": ""}] [REMOTE ADDRESS:0:0:0:0:0:0:0:1] [RESPONSE:{"type":"about:blank","title":"Bad Request","status":400,"detail":"Invalid request content.","instance":"/api/rules/addOrUpdateRule"}]
2024-02-15 15:52:42.987 INFO  - LAP-NFS1192 - REST Request - [HTTP METHOD:POST] [PATH INFO:/rules/addOrUpdateRule] [REQUEST PARAMETERS:{}] [REQUEST BODY:{"ruleName": "","ruleAmount": "2000","ruleProposedBy": 1,"ruleDesc": "It is mutually agreed by IDR 300k","status": true,"ruleIdPk": ""}] [REMOTE ADDRESS:0:0:0:0:0:0:0:1] [RESPONSE:{"type":"about:blank","title":"Bad Request","status":400,"detail":"Invalid request content.","instance":"/api/rules/addOrUpdateRule"}]
2024-02-15 15:53:43.648 INFO  - LAP-NFS1192 - Starting KhataApplication using Java 17.0.8.1 with PID 23880 (D:\JKD17WorkSpace\Personal\khata\target\classes started by Administrator in D:\JKD17WorkSpace\Personal\khata)
2024-02-15 15:53:43.652 INFO  - LAP-NFS1192 - No active profile set, falling back to 1 default profile: "default"
2024-02-15 15:53:44.713 INFO  - LAP-NFS1192 - Bootstrapping Spring Data JPA repositories in DEFAULT mode.
2024-02-15 15:53:44.804 INFO  - LAP-NFS1192 - Finished Spring Data repository scanning in 76 ms. Found 1 JPA repository interfaces.
2024-02-15 15:53:45.636 INFO  - LAP-NFS1192 - Tomcat initialized with port(s): 9010 (http)
2024-02-15 15:53:45.649 INFO  - LAP-NFS1192 - Initializing ProtocolHandler ["http-nio-9010"]
2024-02-15 15:53:45.651 INFO  - LAP-NFS1192 - Starting service [Tomcat]
2024-02-15 15:53:45.651 INFO  - LAP-NFS1192 - Starting Servlet engine: [Apache Tomcat/10.1.15]
2024-02-15 15:53:45.832 INFO  - LAP-NFS1192 - Initializing Spring embedded WebApplicationContext
2024-02-15 15:53:45.834 INFO  - LAP-NFS1192 - Root WebApplicationContext: initialization completed in 2101 ms
2024-02-15 15:53:46.673 INFO  - LAP-NFS1192 - No LoadTimeWeaver setup: ignoring JPA class transformer
2024-02-15 15:53:46.724 INFO  - LAP-NFS1192 - HikariPool-1 - Starting...
2024-02-15 15:53:46.975 INFO  - LAP-NFS1192 - HikariPool-1 - Added connection com.mysql.cj.jdbc.ConnectionImpl@4fa91d5b
2024-02-15 15:53:46.979 INFO  - LAP-NFS1192 - HikariPool-1 - Start completed.
2024-02-15 15:53:48.193 INFO  - LAP-NFS1192 - Initialized JPA EntityManagerFactory for persistence unit 'default'
2024-02-15 15:53:48.741 WARN  - LAP-NFS1192 - spring.jpa.open-in-view is enabled by default. Therefore, database queries may be performed during view rendering. Explicitly configure spring.jpa.open-in-view to disable this warning
2024-02-15 15:53:49.642 INFO  - LAP-NFS1192 - Starting ProtocolHandler ["http-nio-9010"]
2024-02-15 15:53:49.673 INFO  - LAP-NFS1192 - Tomcat started on port(s): 9010 (http) with context path '/api'
2024-02-15 15:53:49.684 INFO  - LAP-NFS1192 - Started KhataApplication in 6.84 seconds (process running for 7.889)
2024-02-15 15:53:58.701 INFO  - LAP-NFS1192 - Initializing Spring DispatcherServlet 'dispatcherServlet'
2024-02-15 15:53:58.893 WARN  - LAP-NFS1192 - Resolved [org.springframework.web.bind.MethodArgumentNotValidException: Validation failed for argument [0] in public com.khata.onsite.common.GeneralResponse<?> com.khata.onsite.controllers.RulesController.addOrUpdateRule(com.khata.onsite.in.dto.RuleRequestDTO) with 2 errors: [Field error in object 'ruleRequestDTO' on field 'ruleName': rejected value []; codes [Size.ruleRequestDTO.ruleName,Size.ruleName,Size.java.lang.String,Size]; arguments [org.springframework.context.support.DefaultMessageSourceResolvable: codes [ruleRequestDTO.ruleName,ruleName]; arguments []; default message [ruleName],30,3]; default message [Invalid Name: Must be of 3 - 30 characters]] [Field error in object 'ruleRequestDTO' on field 'ruleName': rejected value []; codes [NotBlank.ruleRequestDTO.ruleName,NotBlank.ruleName,NotBlank.java.lang.String,NotBlank]; arguments [org.springframework.context.support.DefaultMessageSourceResolvable: codes [ruleRequestDTO.ruleName,ruleName]; arguments []; default message [ruleName]]; default message [Invalid Name: Empty name]] ]
2024-02-15 15:53:58.896 ERROR - LAP-NFS1192 - Cannot invoke "java.io.ByteArrayOutputStream.toString()" because "this.bos" is null
2024-02-15 15:54:24.594 ERROR - LAP-NFS1192 - Data truncation: Data too long for column 'description' at row 1
2024-02-15 15:54:24.607 ERROR - LAP-NFS1192 - Request processing failed: org.springframework.transaction.UnexpectedRollbackException: Transaction silently rolled back because it has been marked as rollback-only
2024-02-15 15:54:41.033 ERROR - LAP-NFS1192 - Data truncation: Data too long for column 'description' at row 1
2024-02-15 15:55:51.315 ERROR - LAP-NFS1192 - Request processing failed: org.springframework.transaction.UnexpectedRollbackException: Transaction silently rolled back because it has been marked as rollback-only
2024-02-15 15:59:30.846 INFO  - LAP-NFS1192 - Starting KhataApplication using Java 17.0.8.1 with PID 26080 (D:\JKD17WorkSpace\Personal\khata\target\classes started by Administrator in D:\JKD17WorkSpace\Personal\khata)
2024-02-15 15:59:30.849 INFO  - LAP-NFS1192 - No active profile set, falling back to 1 default profile: "default"
2024-02-15 15:59:31.935 INFO  - LAP-NFS1192 - Bootstrapping Spring Data JPA repositories in DEFAULT mode.
2024-02-15 15:59:32.029 INFO  - LAP-NFS1192 - Finished Spring Data repository scanning in 84 ms. Found 1 JPA repository interfaces.
2024-02-15 15:59:32.887 INFO  - LAP-NFS1192 - Tomcat initialized with port(s): 9010 (http)
2024-02-15 15:59:32.900 INFO  - LAP-NFS1192 - Initializing ProtocolHandler ["http-nio-9010"]
2024-02-15 15:59:32.903 INFO  - LAP-NFS1192 - Starting service [Tomcat]
2024-02-15 15:59:32.904 INFO  - LAP-NFS1192 - Starting Servlet engine: [Apache Tomcat/10.1.15]
2024-02-15 15:59:33.132 INFO  - LAP-NFS1192 - Initializing Spring embedded WebApplicationContext
2024-02-15 15:59:33.134 INFO  - LAP-NFS1192 - Root WebApplicationContext: initialization completed in 2209 ms
2024-02-15 15:59:34.054 INFO  - LAP-NFS1192 - No LoadTimeWeaver setup: ignoring JPA class transformer
2024-02-15 15:59:34.100 INFO  - LAP-NFS1192 - HikariPool-1 - Starting...
2024-02-15 15:59:34.379 INFO  - LAP-NFS1192 - HikariPool-1 - Added connection com.mysql.cj.jdbc.ConnectionImpl@7019d619
2024-02-15 15:59:34.382 INFO  - LAP-NFS1192 - HikariPool-1 - Start completed.
2024-02-15 15:59:35.910 INFO  - LAP-NFS1192 - Initialized JPA EntityManagerFactory for persistence unit 'default'
2024-02-15 15:59:36.416 WARN  - LAP-NFS1192 - spring.jpa.open-in-view is enabled by default. Therefore, database queries may be performed during view rendering. Explicitly configure spring.jpa.open-in-view to disable this warning
2024-02-15 15:59:37.152 INFO  - LAP-NFS1192 - Starting ProtocolHandler ["http-nio-9010"]
2024-02-15 15:59:37.179 INFO  - LAP-NFS1192 - Tomcat started on port(s): 9010 (http) with context path '/api'
2024-02-15 15:59:37.188 INFO  - LAP-NFS1192 - Started KhataApplication in 7.16 seconds (process running for 8.284)
2024-02-15 16:00:58.755 INFO  - LAP-NFS1192 - Initializing Spring DispatcherServlet 'dispatcherServlet'
2024-02-15 16:01:03.486 ERROR - LAP-NFS1192 - Data truncation: Data too long for column 'description' at row 1
2024-02-15 16:01:05.480 ERROR - LAP-NFS1192 - Request processing failed: org.springframework.transaction.UnexpectedRollbackException: Transaction silently rolled back because it has been marked as rollback-only
2024-02-15 16:01:30.246 INFO  - LAP-NFS1192 - REST Request - [HTTP METHOD:POST] [PATH INFO:/rules/addOrUpdateRule] [REQUEST PARAMETERS:{}] [REQUEST BODY:{"ruleName": "test1","ruleAmount": "2000","ruleProposedBy": 1,"ruleDesc": "It is mutually agret. Non-compliance will be penalized by IDR 300k","status": true,"ruleIdPk": ""}] [REMOTE ADDRESS:0:0:0:0:0:0:0:1] [RESPONSE:{"status":"300","message":"My Message","error":null,"jsonData":null,"data":null}]
2024-02-15 16:02:07.520 ERROR - LAP-NFS1192 - Data truncation: Data too long for column 'description' at row 1
2024-02-15 16:02:19.428 ERROR - LAP-NFS1192 - Request processing failed: org.springframework.transaction.UnexpectedRollbackException: Transaction silently rolled back because it has been marked as rollback-only
2024-02-15 16:02:38.797 INFO  - LAP-NFS1192 - Starting KhataApplication using Java 17.0.8.1 with PID 39544 (D:\JKD17WorkSpace\Personal\khata\target\classes started by Administrator in D:\JKD17WorkSpace\Personal\khata)
2024-02-15 16:02:38.801 INFO  - LAP-NFS1192 - No active profile set, falling back to 1 default profile: "default"
2024-02-15 16:02:39.748 INFO  - LAP-NFS1192 - Bootstrapping Spring Data JPA repositories in DEFAULT mode.
2024-02-15 16:02:39.826 INFO  - LAP-NFS1192 - Finished Spring Data repository scanning in 67 ms. Found 1 JPA repository interfaces.
2024-02-15 16:02:40.566 INFO  - LAP-NFS1192 - Tomcat initialized with port(s): 9010 (http)
2024-02-15 16:02:40.579 INFO  - LAP-NFS1192 - Initializing ProtocolHandler ["http-nio-9010"]
2024-02-15 16:02:40.581 INFO  - LAP-NFS1192 - Starting service [Tomcat]
2024-02-15 16:02:40.582 INFO  - LAP-NFS1192 - Starting Servlet engine: [Apache Tomcat/10.1.15]
2024-02-15 16:02:40.722 INFO  - LAP-NFS1192 - Initializing Spring embedded WebApplicationContext
2024-02-15 16:02:40.724 INFO  - LAP-NFS1192 - Root WebApplicationContext: initialization completed in 1852 ms
2024-02-15 16:02:41.391 INFO  - LAP-NFS1192 - No LoadTimeWeaver setup: ignoring JPA class transformer
2024-02-15 16:02:41.427 INFO  - LAP-NFS1192 - HikariPool-1 - Starting...
2024-02-15 16:02:41.649 INFO  - LAP-NFS1192 - HikariPool-1 - Added connection com.mysql.cj.jdbc.ConnectionImpl@7019d619
2024-02-15 16:02:41.652 INFO  - LAP-NFS1192 - HikariPool-1 - Start completed.
2024-02-15 16:02:42.805 INFO  - LAP-NFS1192 - Initialized JPA EntityManagerFactory for persistence unit 'default'
2024-02-15 16:02:43.278 WARN  - LAP-NFS1192 - spring.jpa.open-in-view is enabled by default. Therefore, database queries may be performed during view rendering. Explicitly configure spring.jpa.open-in-view to disable this warning
2024-02-15 16:02:43.962 INFO  - LAP-NFS1192 - Starting ProtocolHandler ["http-nio-9010"]
2024-02-15 16:02:43.988 INFO  - LAP-NFS1192 - Tomcat started on port(s): 9010 (http) with context path '/api'
2024-02-15 16:02:43.998 INFO  - LAP-NFS1192 - Started KhataApplication in 5.872 seconds (process running for 6.745)
2024-02-15 16:02:49.656 INFO  - LAP-NFS1192 - Initializing Spring DispatcherServlet 'dispatcherServlet'
2024-02-15 16:02:54.872 ERROR - LAP-NFS1192 - Data truncation: Data too long for column 'description' at row 1
2024-02-15 16:02:56.724 ERROR - LAP-NFS1192 - Request processing failed: org.springframework.transaction.UnexpectedRollbackException: Transaction silently rolled back because it has been marked as rollback-only
2024-02-15 16:10:12.748 INFO  - LAP-NFS1192 - Starting KhataApplication using Java 17.0.8.1 with PID 36500 (D:\JKD17WorkSpace\Personal\khata\target\classes started by Administrator in D:\JKD17WorkSpace\Personal\khata)
2024-02-15 16:10:12.751 INFO  - LAP-NFS1192 - No active profile set, falling back to 1 default profile: "default"
2024-02-15 16:10:13.761 INFO  - LAP-NFS1192 - Bootstrapping Spring Data JPA repositories in DEFAULT mode.
2024-02-15 16:10:13.838 INFO  - LAP-NFS1192 - Finished Spring Data repository scanning in 66 ms. Found 1 JPA repository interfaces.
2024-02-15 16:10:14.667 INFO  - LAP-NFS1192 - Tomcat initialized with port(s): 9010 (http)
2024-02-15 16:10:14.683 INFO  - LAP-NFS1192 - Initializing ProtocolHandler ["http-nio-9010"]
2024-02-15 16:10:14.687 INFO  - LAP-NFS1192 - Starting service [Tomcat]
2024-02-15 16:10:14.688 INFO  - LAP-NFS1192 - Starting Servlet engine: [Apache Tomcat/10.1.15]
2024-02-15 16:10:14.837 INFO  - LAP-NFS1192 - Initializing Spring embedded WebApplicationContext
2024-02-15 16:10:14.839 INFO  - LAP-NFS1192 - Root WebApplicationContext: initialization completed in 2012 ms
2024-02-15 16:10:15.530 INFO  - LAP-NFS1192 - No LoadTimeWeaver setup: ignoring JPA class transformer
2024-02-15 16:10:15.573 INFO  - LAP-NFS1192 - HikariPool-1 - Starting...
2024-02-15 16:10:15.784 INFO  - LAP-NFS1192 - HikariPool-1 - Added connection com.mysql.cj.jdbc.ConnectionImpl@7019d619
2024-02-15 16:10:15.787 INFO  - LAP-NFS1192 - HikariPool-1 - Start completed.
2024-02-15 16:10:16.852 INFO  - LAP-NFS1192 - Initialized JPA EntityManagerFactory for persistence unit 'default'
2024-02-15 16:10:17.306 WARN  - LAP-NFS1192 - spring.jpa.open-in-view is enabled by default. Therefore, database queries may be performed during view rendering. Explicitly configure spring.jpa.open-in-view to disable this warning
2024-02-15 16:10:17.974 INFO  - LAP-NFS1192 - Starting ProtocolHandler ["http-nio-9010"]
2024-02-15 16:10:17.998 INFO  - LAP-NFS1192 - Tomcat started on port(s): 9010 (http) with context path '/api'
2024-02-15 16:10:18.007 INFO  - LAP-NFS1192 - Started KhataApplication in 6.02 seconds (process running for 7.0)
2024-02-15 16:10:22.057 INFO  - LAP-NFS1192 - Initializing Spring DispatcherServlet 'dispatcherServlet'
2024-02-15 16:10:25.092 ERROR - LAP-NFS1192 - Data truncation: Data too long for column 'description' at row 1
2024-02-15 16:10:25.113 ERROR - LAP-NFS1192 - Request processing failed: org.springframework.transaction.UnexpectedRollbackException: Transaction silently rolled back because it has been marked as rollback-only
2024-02-15 16:10:47.109 ERROR - LAP-NFS1192 - Data truncation: Data too long for column 'description' at row 1
2024-02-15 16:10:59.915 ERROR - LAP-NFS1192 - Request processing failed: org.springframework.transaction.UnexpectedRollbackException: Transaction silently rolled back because it has been marked as rollback-only
2024-02-15 16:11:51.878 INFO  - LAP-NFS1192 - REST Request - [HTTP METHOD:POST] [PATH INFO:/rules/addOrUpdateRule] [REQUEST PARAMETERS:{}] [REQUEST BODY:{"ruleName": "test1","ruleAmount": "2000","ruleProposedBy": 1,"ruleDesc": "It is mu","status": true,"ruleIdPk": ""}] [REMOTE ADDRESS:0:0:0:0:0:0:0:1] [RESPONSE:{"status":"200","message":"Operation Completed Successfully","error":null,"jsonData":null,"data":null}]
2024-02-15 16:12:07.186 ERROR - LAP-NFS1192 - Data truncation: Data too long for column 'description' at row 1
2024-02-15 16:12:25.577 ERROR - LAP-NFS1192 - Request processing failed: org.springframework.transaction.UnexpectedRollbackException: Transaction silently rolled back because it has been marked as rollback-only
2024-02-15 16:30:11.394 INFO  - LAP-NFS1192 - Starting KhataApplication using Java 17.0.8.1 with PID 43936 (D:\JKD17WorkSpace\Personal\khata\target\classes started by Administrator in D:\JKD17WorkSpace\Personal\khata)
2024-02-15 16:30:11.397 INFO  - LAP-NFS1192 - No active profile set, falling back to 1 default profile: "default"
2024-02-15 16:30:12.506 INFO  - LAP-NFS1192 - Bootstrapping Spring Data JPA repositories in DEFAULT mode.
2024-02-15 16:30:12.628 INFO  - LAP-NFS1192 - Finished Spring Data repository scanning in 95 ms. Found 1 JPA repository interfaces.
2024-02-15 16:30:13.569 INFO  - LAP-NFS1192 - Tomcat initialized with port(s): 9010 (http)
2024-02-15 16:30:13.583 INFO  - LAP-NFS1192 - Initializing ProtocolHandler ["http-nio-9010"]
2024-02-15 16:30:13.585 INFO  - LAP-NFS1192 - Starting service [Tomcat]
2024-02-15 16:30:13.586 INFO  - LAP-NFS1192 - Starting Servlet engine: [Apache Tomcat/10.1.15]
2024-02-15 16:30:13.772 INFO  - LAP-NFS1192 - Initializing Spring embedded WebApplicationContext
2024-02-15 16:30:13.775 INFO  - LAP-NFS1192 - Root WebApplicationContext: initialization completed in 2300 ms
2024-02-15 16:30:14.767 INFO  - LAP-NFS1192 - No LoadTimeWeaver setup: ignoring JPA class transformer
2024-02-15 16:30:14.826 INFO  - LAP-NFS1192 - HikariPool-1 - Starting...
2024-02-15 16:30:15.173 INFO  - LAP-NFS1192 - HikariPool-1 - Added connection com.mysql.cj.jdbc.ConnectionImpl@ff1f465
2024-02-15 16:30:15.178 INFO  - LAP-NFS1192 - HikariPool-1 - Start completed.
2024-02-15 16:30:16.555 INFO  - LAP-NFS1192 - Initialized JPA EntityManagerFactory for persistence unit 'default'
2024-02-15 16:30:17.166 WARN  - LAP-NFS1192 - spring.jpa.open-in-view is enabled by default. Therefore, database queries may be performed during view rendering. Explicitly configure spring.jpa.open-in-view to disable this warning
2024-02-15 16:30:18.056 INFO  - LAP-NFS1192 - Starting ProtocolHandler ["http-nio-9010"]
2024-02-15 16:30:18.088 INFO  - LAP-NFS1192 - Tomcat started on port(s): 9010 (http) with context path '/api'
2024-02-15 16:30:18.100 INFO  - LAP-NFS1192 - Started KhataApplication in 7.499 seconds (process running for 8.503)
2024-02-15 16:32:22.449 INFO  - LAP-NFS1192 - Initializing Spring DispatcherServlet 'dispatcherServlet'
2024-02-15 16:32:26.208 ERROR - LAP-NFS1192 - Data truncation: Data too long for column 'description' at row 1
2024-02-15 16:32:26.224 ERROR - LAP-NFS1192 - Request processing failed: org.springframework.transaction.UnexpectedRollbackException: Transaction silently rolled back because it has been marked as rollback-only
2024-02-15 16:37:06.724 WARN  - LAP-NFS1192 - Resolved [org.springframework.web.bind.MethodArgumentNotValidException: Validation failed for argument [0] in public org.springframework.http.ResponseEntity<com.khata.onsite.common.GeneralResponse<?>> com.khata.onsite.controllers.RulesController.addOrUpdateRule(com.khata.onsite.in.dto.RuleRequestDTO) with 2 errors: [Field error in object 'ruleRequestDTO' on field 'ruleName': rejected value []; codes [Size.ruleRequestDTO.ruleName,Size.ruleName,Size.java.lang.String,Size]; arguments [org.springframework.context.support.DefaultMessageSourceResolvable: codes [ruleRequestDTO.ruleName,ruleName]; arguments []; default message [ruleName],30,3]; default message [Invalid Name: Must be of 3 - 30 characters]] [Field error in object 'ruleRequestDTO' on field 'ruleName': rejected value []; codes [NotBlank.ruleRequestDTO.ruleName,NotBlank.ruleName,NotBlank.java.lang.String,NotBlank]; arguments [org.springframework.context.support.DefaultMessageSourceResolvable: codes [ruleRequestDTO.ruleName,ruleName]; arguments []; default message [ruleName]]; default message [Invalid Name: Empty name]] ]
2024-02-15 16:37:06.724 ERROR - LAP-NFS1192 - Cannot invoke "java.io.ByteArrayOutputStream.toString()" because "this.bos" is null
2024-02-15 16:37:16.806 ERROR - LAP-NFS1192 - Data truncation: Data too long for column 'description' at row 1
2024-02-15 16:37:16.809 ERROR - LAP-NFS1192 - Request processing failed: org.springframework.transaction.UnexpectedRollbackException: Transaction silently rolled back because it has been marked as rollback-only
2024-02-15 16:42:25.142 INFO  - LAP-NFS1192 - Starting KhataApplication using Java 17.0.8.1 with PID 14324 (D:\JKD17WorkSpace\Personal\khata\target\classes started by Administrator in D:\JKD17WorkSpace\Personal\khata)
2024-02-15 16:42:25.146 INFO  - LAP-NFS1192 - No active profile set, falling back to 1 default profile: "default"
2024-02-15 16:42:26.088 INFO  - LAP-NFS1192 - Bootstrapping Spring Data JPA repositories in DEFAULT mode.
2024-02-15 16:42:26.175 INFO  - LAP-NFS1192 - Finished Spring Data repository scanning in 75 ms. Found 1 JPA repository interfaces.
2024-02-15 16:42:26.920 INFO  - LAP-NFS1192 - Tomcat initialized with port(s): 9010 (http)
2024-02-15 16:42:26.931 INFO  - LAP-NFS1192 - Initializing ProtocolHandler ["http-nio-9010"]
2024-02-15 16:42:26.933 INFO  - LAP-NFS1192 - Starting service [Tomcat]
2024-02-15 16:42:26.934 INFO  - LAP-NFS1192 - Starting Servlet engine: [Apache Tomcat/10.1.15]
2024-02-15 16:42:27.082 INFO  - LAP-NFS1192 - Initializing Spring embedded WebApplicationContext
2024-02-15 16:42:27.084 INFO  - LAP-NFS1192 - Root WebApplicationContext: initialization completed in 1868 ms
2024-02-15 16:42:27.749 INFO  - LAP-NFS1192 - No LoadTimeWeaver setup: ignoring JPA class transformer
2024-02-15 16:42:27.794 INFO  - LAP-NFS1192 - HikariPool-1 - Starting...
2024-02-15 16:42:28.034 INFO  - LAP-NFS1192 - HikariPool-1 - Added connection com.mysql.cj.jdbc.ConnectionImpl@70884875
2024-02-15 16:42:28.037 INFO  - LAP-NFS1192 - HikariPool-1 - Start completed.
2024-02-15 16:42:29.095 INFO  - LAP-NFS1192 - Initialized JPA EntityManagerFactory for persistence unit 'default'
2024-02-15 16:42:29.522 WARN  - LAP-NFS1192 - spring.jpa.open-in-view is enabled by default. Therefore, database queries may be performed during view rendering. Explicitly configure spring.jpa.open-in-view to disable this warning
2024-02-15 16:42:30.196 INFO  - LAP-NFS1192 - Starting ProtocolHandler ["http-nio-9010"]
2024-02-15 16:42:30.230 INFO  - LAP-NFS1192 - Tomcat started on port(s): 9010 (http) with context path '/api'
2024-02-15 16:42:30.240 INFO  - LAP-NFS1192 - Started KhataApplication in 5.839 seconds (process running for 6.737)
2024-02-15 16:42:33.397 INFO  - LAP-NFS1192 - Initializing Spring DispatcherServlet 'dispatcherServlet'
2024-02-15 16:42:33.682 ERROR - LAP-NFS1192 - Data truncation: Data too long for column 'description' at row 1
2024-02-15 16:42:33.731 INFO  - LAP-NFS1192 - REST Request - [HTTP METHOD:POST] [PATH INFO:/rules/addOrUpdateRule] [REQUEST PARAMETERS:{}] [REQUEST BODY:{"ruleName": "test1","ruleAmount": "2000","ruleProposedBy": 1,"ruleDesc": "It is mutually agreed by all onsite team members that everyone must leave the WhatsApp unofficial group within 24 hours of landing to Lahore Airport. Non-compliance will be penalized by IDR 300k It is mutually agreed by all onsite team members that everyone must leave the WhatsApp unofficial group within 24 hours of landing to Lahore Airport. Non-compliance will be penalized by IDR 300k","status": true,"ruleIdPk": ""}] [REMOTE ADDRESS:0:0:0:0:0:0:0:1] [RESPONSE:{"status":"500","message":"An Error Occured white Operating Rules","error":"could not execute statement [Data truncation: Data too long for column 'description' at row 1] [insert into rules (created_at,rule_amount,description,rule_name,proposed_by,status,updated_at) values (?,?,?,?,?,?,?)]; SQL [insert into rules (created_at,rule_amount,description,rule_name,proposed_by,status,updated_at) values (?,?,?,?,?,?,?)]","jsonData":null,"data":null}]
2024-02-15 16:42:45.698 INFO  - LAP-NFS1192 - REST Request - [HTTP METHOD:POST] [PATH INFO:/rules/addOrUpdateRule] [REQUEST PARAMETERS:{}] [REQUEST BODY:{"ruleName": "test1","ruleAmount": "2000","ruleProposedBy": 1,"ruleDesc": "It is mutually agreed by all onsi","status": true,"ruleIdPk": ""}] [REMOTE ADDRESS:0:0:0:0:0:0:0:1] [RESPONSE:{"status":"200","message":"Operation Completed Successfully","error":null,"jsonData":null,"data":null}]
2024-02-15 16:43:03.499 INFO  - LAP-NFS1192 - REST Request - [HTTP METHOD:POST] [PATH INFO:/rules/addOrUpdateRule] [REQUEST PARAMETERS:{}] [REQUEST BODY:{"ruleName": "test1","ruleAmount": "2000","ruleProposedBy": 1,"ruleDesc": "It is mutually agreed by all onsi","status": true,"ruleIdPk": ""}] [REMOTE ADDRESS:0:0:0:0:0:0:0:1] [RESPONSE:{"status":"200","message":"Operation Completed Successfully","error":null,"jsonData":null,"data":null}]
2024-02-15 16:43:13.211 INFO  - LAP-NFS1192 - REST Request - [HTTP METHOD:POST] [PATH INFO:/rules/addOrUpdateRule] [REQUEST PARAMETERS:{}] [REQUEST BODY:{"ruleName": "test1","ruleAmount": "2000","ruleProposedBy": 1,"ruleDesc": "It is mutually agreed by all onsi","status": true,"ruleIdPk": ""}] [REMOTE ADDRESS:0:0:0:0:0:0:0:1] [RESPONSE:{"status":"200","message":"Operation Completed Successfully","error":null,"jsonData":null,"data":null}]
2024-02-15 16:43:21.535 ERROR - LAP-NFS1192 - Data truncation: Data too long for column 'description' at row 1
2024-02-15 16:43:21.539 INFO  - LAP-NFS1192 - REST Request - [HTTP METHOD:POST] [PATH INFO:/rules/addOrUpdateRule] [REQUEST PARAMETERS:{}] [REQUEST BODY:{"ruleName": "test1","ruleAmount": "2000","ruleProposedBy": 1,"ruleDesc": "It is mutually agreed by all onsite team members that everyone must leave the WhatsApp unofficial group within 24 hours of landing to Lahore Airport. Non-compliance will be penalized by IDR 300k It is mutually agreed by all onsite team members that everyone must leave the WhatsApp unofficial group within 24 hours of landing to Lahore Airport. Non-compliance will be penalized by IDR 300k","status": true,"ruleIdPk": ""}] [REMOTE ADDRESS:0:0:0:0:0:0:0:1] [RESPONSE:{"status":"500","message":"An Error Occured white Operating Rules","error":"could not execute statement [Data truncation: Data too long for column 'description' at row 1] [insert into rules (created_at,rule_amount,description,rule_name,proposed_by,status,updated_at) values (?,?,?,?,?,?,?)]; SQL [insert into rules (created_at,rule_amount,description,rule_name,proposed_by,status,updated_at) values (?,?,?,?,?,?,?)]","jsonData":null,"data":null}]
2024-02-16 08:52:30.840 WARN  - LAP-NFS1192 - HikariPool-1 - Thread starvation or clock leap detected (housekeeper delta=10h39m53s748ms960µs400ns).
2024-02-17 11:39:48.621 INFO  - LAP-NFS1192 - Starting KhataApplication using Java 17.0.8.1 with PID 36920 (D:\JKD17WorkSpace\Personal\khata\target\classes started by Administrator in D:\JKD17WorkSpace\Personal\khata)
2024-02-17 11:39:48.658 INFO  - LAP-NFS1192 - No active profile set, falling back to 1 default profile: "default"
2024-02-17 11:39:49.624 INFO  - LAP-NFS1192 - Bootstrapping Spring Data JPA repositories in DEFAULT mode.
2024-02-17 11:39:49.698 INFO  - LAP-NFS1192 - Finished Spring Data repository scanning in 61 ms. Found 1 JPA repository interfaces.
2024-02-17 11:39:50.379 INFO  - LAP-NFS1192 - Tomcat initialized with port(s): 9010 (http)
2024-02-17 11:39:50.390 INFO  - LAP-NFS1192 - Initializing ProtocolHandler ["http-nio-9010"]
2024-02-17 11:39:50.393 INFO  - LAP-NFS1192 - Starting service [Tomcat]
2024-02-17 11:39:50.393 INFO  - LAP-NFS1192 - Starting Servlet engine: [Apache Tomcat/10.1.15]
2024-02-17 11:39:50.524 INFO  - LAP-NFS1192 - Initializing Spring embedded WebApplicationContext
2024-02-17 11:39:50.525 INFO  - LAP-NFS1192 - Root WebApplicationContext: initialization completed in 1802 ms
2024-02-17 11:39:51.361 INFO  - LAP-NFS1192 - No LoadTimeWeaver setup: ignoring JPA class transformer
2024-02-17 11:39:51.399 INFO  - LAP-NFS1192 - HikariPool-1 - Starting...
2024-02-17 11:39:52.631 ERROR - LAP-NFS1192 - HikariPool-1 - Exception during pool initialization.
java.sql.SQLSyntaxErrorException: Unknown database 'db_khata_app'
	at com.mysql.cj.jdbc.exceptions.SQLError.createSQLException(SQLError.java:121)
	at com.mysql.cj.jdbc.exceptions.SQLExceptionsMapping.translateException(SQLExceptionsMapping.java:122)
	at com.mysql.cj.jdbc.ConnectionImpl.createNewIO(ConnectionImpl.java:825)
	at com.mysql.cj.jdbc.ConnectionImpl.<init>(ConnectionImpl.java:446)
	at com.mysql.cj.jdbc.ConnectionImpl.getInstance(ConnectionImpl.java:239)
	at com.mysql.cj.jdbc.NonRegisteringDriver.connect(NonRegisteringDriver.java:188)
	at com.zaxxer.hikari.util.DriverDataSource.getConnection(DriverDataSource.java:138)
	at com.zaxxer.hikari.pool.PoolBase.newConnection(PoolBase.java:359)
	at com.zaxxer.hikari.pool.PoolBase.newPoolEntry(PoolBase.java:201)
	at com.zaxxer.hikari.pool.HikariPool.createPoolEntry(HikariPool.java:470)
	at com.zaxxer.hikari.pool.HikariPool.checkFailFast(HikariPool.java:561)
	at com.zaxxer.hikari.pool.HikariPool.<init>(HikariPool.java:100)
	at com.zaxxer.hikari.HikariDataSource.getConnection(HikariDataSource.java:112)
	at org.hibernate.engine.jdbc.connections.internal.DatasourceConnectionProviderImpl.getConnection(DatasourceConnectionProviderImpl.java:122)
	at org.hibernate.engine.jdbc.env.internal.JdbcEnvironmentInitiator$ConnectionProviderJdbcConnectionAccess.obtainConnection(JdbcEnvironmentInitiator.java:437)
	at org.hibernate.resource.transaction.backend.jdbc.internal.JdbcIsolationDelegate.delegateWork(JdbcIsolationDelegate.java:61)
	at org.hibernate.engine.jdbc.env.internal.JdbcEnvironmentInitiator.getJdbcEnvironmentUsingJdbcMetadata(JdbcEnvironmentInitiator.java:279)
	at org.hibernate.engine.jdbc.env.internal.JdbcEnvironmentInitiator.initiateService(JdbcEnvironmentInitiator.java:193)
	at org.hibernate.engine.jdbc.env.internal.JdbcEnvironmentInitiator.initiateService(JdbcEnvironmentInitiator.java:69)
	at org.hibernate.boot.registry.internal.StandardServiceRegistryImpl.initiateService(StandardServiceRegistryImpl.java:119)
	at org.hibernate.service.internal.AbstractServiceRegistryImpl.createService(AbstractServiceRegistryImpl.java:264)
	at org.hibernate.service.internal.AbstractServiceRegistryImpl.initializeService(AbstractServiceRegistryImpl.java:239)
	at org.hibernate.service.internal.AbstractServiceRegistryImpl.getService(AbstractServiceRegistryImpl.java:216)
	at org.hibernate.boot.model.relational.Database.<init>(Database.java:45)
	at org.hibernate.boot.internal.InFlightMetadataCollectorImpl.getDatabase(InFlightMetadataCollectorImpl.java:231)
	at org.hibernate.boot.internal.InFlightMetadataCollectorImpl.<init>(InFlightMetadataCollectorImpl.java:199)
	at org.hibernate.boot.model.process.spi.MetadataBuildingProcess.complete(MetadataBuildingProcess.java:169)
	at org.hibernate.jpa.boot.internal.EntityManagerFactoryBuilderImpl.metadata(EntityManagerFactoryBuilderImpl.java:1383)
	at org.hibernate.jpa.boot.internal.EntityManagerFactoryBuilderImpl.build(EntityManagerFactoryBuilderImpl.java:1454)
	at org.springframework.orm.jpa.vendor.SpringHibernateJpaPersistenceProvider.createContainerEntityManagerFactory(SpringHibernateJpaPersistenceProvider.java:75)
	at org.springframework.orm.jpa.LocalContainerEntityManagerFactoryBean.createNativeEntityManagerFactory(LocalContainerEntityManagerFactoryBean.java:376)
	at org.springframework.orm.jpa.AbstractEntityManagerFactoryBean.buildNativeEntityManagerFactory(AbstractEntityManagerFactoryBean.java:409)
	at org.springframework.orm.jpa.AbstractEntityManagerFactoryBean.afterPropertiesSet(AbstractEntityManagerFactoryBean.java:396)
	at org.springframework.orm.jpa.LocalContainerEntityManagerFactoryBean.afterPropertiesSet(LocalContainerEntityManagerFactoryBean.java:352)
	at org.springframework.beans.factory.support.AbstractAutowireCapableBeanFactory.invokeInitMethods(AbstractAutowireCapableBeanFactory.java:1817)
	at org.springframework.beans.factory.support.AbstractAutowireCapableBeanFactory.initializeBean(AbstractAutowireCapableBeanFactory.java:1766)
	at org.springframework.beans.factory.support.AbstractAutowireCapableBeanFactory.doCreateBean(AbstractAutowireCapableBeanFactory.java:598)
	at org.springframework.beans.factory.support.AbstractAutowireCapableBeanFactory.createBean(AbstractAutowireCapableBeanFactory.java:520)
	at org.springframework.beans.factory.support.AbstractBeanFactory.lambda$doGetBean$0(AbstractBeanFactory.java:325)
	at org.springframework.beans.factory.support.DefaultSingletonBeanRegistry.getSingleton(DefaultSingletonBeanRegistry.java:234)
	at org.springframework.beans.factory.support.AbstractBeanFactory.doGetBean(AbstractBeanFactory.java:323)
	at org.springframework.beans.factory.support.AbstractBeanFactory.getBean(AbstractBeanFactory.java:199)
	at org.springframework.context.support.AbstractApplicationContext.getBean(AbstractApplicationContext.java:1166)
	at org.springframework.context.support.AbstractApplicationContext.finishBeanFactoryInitialization(AbstractApplicationContext.java:940)
	at org.springframework.context.support.AbstractApplicationContext.refresh(AbstractApplicationContext.java:616)
	at org.springframework.boot.web.servlet.context.ServletWebServerApplicationContext.refresh(ServletWebServerApplicationContext.java:146)
	at org.springframework.boot.SpringApplication.refresh(SpringApplication.java:738)
	at org.springframework.boot.SpringApplication.refreshContext(SpringApplication.java:440)
	at org.springframework.boot.SpringApplication.run(SpringApplication.java:316)
	at org.springframework.boot.SpringApplication.run(SpringApplication.java:1306)
	at org.springframework.boot.SpringApplication.run(SpringApplication.java:1295)
	at com.khata.onsite.KhataApplication.main(KhataApplication.java:17)
2024-02-17 11:39:53.542 INFO  - LAP-NFS1192 - Initialized JPA EntityManagerFactory for persistence unit 'default'
2024-02-17 11:39:53.919 WARN  - LAP-NFS1192 - spring.jpa.open-in-view is enabled by default. Therefore, database queries may be performed during view rendering. Explicitly configure spring.jpa.open-in-view to disable this warning
2024-02-17 11:39:54.740 WARN  - LAP-NFS1192 - 

Using generated security password: 60d0b05e-abe8-4ca5-b6fe-9dce4bc4eb7b

This generated password is for development use only. Your security configuration must be updated before running your application in production.

2024-02-17 11:39:54.881 INFO  - LAP-NFS1192 - Will secure any request with [org.springframework.security.web.session.DisableEncodeUrlFilter@4b8ba6b7, org.springframework.security.web.context.request.async.WebAsyncManagerIntegrationFilter@509e0253, org.springframework.security.web.context.SecurityContextHolderFilter@407ff25f, org.springframework.security.web.header.HeaderWriterFilter@53850535, org.springframework.security.web.csrf.CsrfFilter@c680819, org.springframework.security.web.authentication.logout.LogoutFilter@375682a5, org.springframework.security.web.authentication.UsernamePasswordAuthenticationFilter@2ac00dc9, org.springframework.security.web.authentication.ui.DefaultLoginPageGeneratingFilter@2898c70d, org.springframework.security.web.authentication.ui.DefaultLogoutPageGeneratingFilter@6c8f5262, org.springframework.security.web.authentication.www.BasicAuthenticationFilter@39303a6, org.springframework.security.web.savedrequest.RequestCacheAwareFilter@113a89c5, org.springframework.security.web.servletapi.SecurityContextHolderAwareRequestFilter@3b446d7, org.springframework.security.web.authentication.AnonymousAuthenticationFilter@6bca6c4c, org.springframework.security.web.access.ExceptionTranslationFilter@56afbace, org.springframework.security.web.access.intercept.AuthorizationFilter@700596f9]
2024-02-17 11:39:54.917 INFO  - LAP-NFS1192 - Starting ProtocolHandler ["http-nio-9010"]
2024-02-17 11:39:54.938 INFO  - LAP-NFS1192 - Tomcat started on port(s): 9010 (http) with context path '/api'
2024-02-17 11:39:54.947 INFO  - LAP-NFS1192 - Started KhataApplication in 6.966 seconds (process running for 7.923)
2024-02-17 11:40:19.948 INFO  - LAP-NFS1192 - Starting KhataApplication using Java 17.0.8.1 with PID 25260 (D:\JKD17WorkSpace\Personal\khata\target\classes started by Administrator in D:\JKD17WorkSpace\Personal\khata)
2024-02-17 11:40:19.950 INFO  - LAP-NFS1192 - No active profile set, falling back to 1 default profile: "default"
2024-02-17 11:40:20.584 INFO  - LAP-NFS1192 - Bootstrapping Spring Data JPA repositories in DEFAULT mode.
2024-02-17 11:40:20.637 INFO  - LAP-NFS1192 - Finished Spring Data repository scanning in 46 ms. Found 1 JPA repository interfaces.
2024-02-17 11:40:21.190 INFO  - LAP-NFS1192 - Tomcat initialized with port(s): 9010 (http)
2024-02-17 11:40:21.198 INFO  - LAP-NFS1192 - Initializing ProtocolHandler ["http-nio-9010"]
2024-02-17 11:40:21.200 INFO  - LAP-NFS1192 - Starting service [Tomcat]
2024-02-17 11:40:21.200 INFO  - LAP-NFS1192 - Starting Servlet engine: [Apache Tomcat/10.1.15]
2024-02-17 11:40:21.307 INFO  - LAP-NFS1192 - Initializing Spring embedded WebApplicationContext
2024-02-17 11:40:21.308 INFO  - LAP-NFS1192 - Root WebApplicationContext: initialization completed in 1312 ms
2024-02-17 11:40:21.785 INFO  - LAP-NFS1192 - No LoadTimeWeaver setup: ignoring JPA class transformer
2024-02-17 11:40:21.816 INFO  - LAP-NFS1192 - HikariPool-1 - Starting...
2024-02-17 11:40:22.979 ERROR - LAP-NFS1192 - HikariPool-1 - Exception during pool initialization.
java.sql.SQLSyntaxErrorException: Unknown database 'db_khata_app'
	at com.mysql.cj.jdbc.exceptions.SQLError.createSQLException(SQLError.java:121)
	at com.mysql.cj.jdbc.exceptions.SQLExceptionsMapping.translateException(SQLExceptionsMapping.java:122)
	at com.mysql.cj.jdbc.ConnectionImpl.createNewIO(ConnectionImpl.java:825)
	at com.mysql.cj.jdbc.ConnectionImpl.<init>(ConnectionImpl.java:446)
	at com.mysql.cj.jdbc.ConnectionImpl.getInstance(ConnectionImpl.java:239)
	at com.mysql.cj.jdbc.NonRegisteringDriver.connect(NonRegisteringDriver.java:188)
	at com.zaxxer.hikari.util.DriverDataSource.getConnection(DriverDataSource.java:138)
	at com.zaxxer.hikari.pool.PoolBase.newConnection(PoolBase.java:359)
	at com.zaxxer.hikari.pool.PoolBase.newPoolEntry(PoolBase.java:201)
	at com.zaxxer.hikari.pool.HikariPool.createPoolEntry(HikariPool.java:470)
	at com.zaxxer.hikari.pool.HikariPool.checkFailFast(HikariPool.java:561)
	at com.zaxxer.hikari.pool.HikariPool.<init>(HikariPool.java:100)
	at com.zaxxer.hikari.HikariDataSource.getConnection(HikariDataSource.java:112)
	at org.hibernate.engine.jdbc.connections.internal.DatasourceConnectionProviderImpl.getConnection(DatasourceConnectionProviderImpl.java:122)
	at org.hibernate.engine.jdbc.env.internal.JdbcEnvironmentInitiator$ConnectionProviderJdbcConnectionAccess.obtainConnection(JdbcEnvironmentInitiator.java:437)
	at org.hibernate.resource.transaction.backend.jdbc.internal.JdbcIsolationDelegate.delegateWork(JdbcIsolationDelegate.java:61)
	at org.hibernate.engine.jdbc.env.internal.JdbcEnvironmentInitiator.getJdbcEnvironmentUsingJdbcMetadata(JdbcEnvironmentInitiator.java:279)
	at org.hibernate.engine.jdbc.env.internal.JdbcEnvironmentInitiator.initiateService(JdbcEnvironmentInitiator.java:193)
	at org.hibernate.engine.jdbc.env.internal.JdbcEnvironmentInitiator.initiateService(JdbcEnvironmentInitiator.java:69)
	at org.hibernate.boot.registry.internal.StandardServiceRegistryImpl.initiateService(StandardServiceRegistryImpl.java:119)
	at org.hibernate.service.internal.AbstractServiceRegistryImpl.createService(AbstractServiceRegistryImpl.java:264)
	at org.hibernate.service.internal.AbstractServiceRegistryImpl.initializeService(AbstractServiceRegistryImpl.java:239)
	at org.hibernate.service.internal.AbstractServiceRegistryImpl.getService(AbstractServiceRegistryImpl.java:216)
	at org.hibernate.boot.model.relational.Database.<init>(Database.java:45)
	at org.hibernate.boot.internal.InFlightMetadataCollectorImpl.getDatabase(InFlightMetadataCollectorImpl.java:231)
	at org.hibernate.boot.internal.InFlightMetadataCollectorImpl.<init>(InFlightMetadataCollectorImpl.java:199)
	at org.hibernate.boot.model.process.spi.MetadataBuildingProcess.complete(MetadataBuildingProcess.java:169)
	at org.hibernate.jpa.boot.internal.EntityManagerFactoryBuilderImpl.metadata(EntityManagerFactoryBuilderImpl.java:1383)
	at org.hibernate.jpa.boot.internal.EntityManagerFactoryBuilderImpl.build(EntityManagerFactoryBuilderImpl.java:1454)
	at org.springframework.orm.jpa.vendor.SpringHibernateJpaPersistenceProvider.createContainerEntityManagerFactory(SpringHibernateJpaPersistenceProvider.java:75)
	at org.springframework.orm.jpa.LocalContainerEntityManagerFactoryBean.createNativeEntityManagerFactory(LocalContainerEntityManagerFactoryBean.java:376)
	at org.springframework.orm.jpa.AbstractEntityManagerFactoryBean.buildNativeEntityManagerFactory(AbstractEntityManagerFactoryBean.java:409)
	at org.springframework.orm.jpa.AbstractEntityManagerFactoryBean.afterPropertiesSet(AbstractEntityManagerFactoryBean.java:396)
	at org.springframework.orm.jpa.LocalContainerEntityManagerFactoryBean.afterPropertiesSet(LocalContainerEntityManagerFactoryBean.java:352)
	at org.springframework.beans.factory.support.AbstractAutowireCapableBeanFactory.invokeInitMethods(AbstractAutowireCapableBeanFactory.java:1817)
	at org.springframework.beans.factory.support.AbstractAutowireCapableBeanFactory.initializeBean(AbstractAutowireCapableBeanFactory.java:1766)
	at org.springframework.beans.factory.support.AbstractAutowireCapableBeanFactory.doCreateBean(AbstractAutowireCapableBeanFactory.java:598)
	at org.springframework.beans.factory.support.AbstractAutowireCapableBeanFactory.createBean(AbstractAutowireCapableBeanFactory.java:520)
	at org.springframework.beans.factory.support.AbstractBeanFactory.lambda$doGetBean$0(AbstractBeanFactory.java:325)
	at org.springframework.beans.factory.support.DefaultSingletonBeanRegistry.getSingleton(DefaultSingletonBeanRegistry.java:234)
	at org.springframework.beans.factory.support.AbstractBeanFactory.doGetBean(AbstractBeanFactory.java:323)
	at org.springframework.beans.factory.support.AbstractBeanFactory.getBean(AbstractBeanFactory.java:199)
	at org.springframework.context.support.AbstractApplicationContext.getBean(AbstractApplicationContext.java:1166)
	at org.springframework.context.support.AbstractApplicationContext.finishBeanFactoryInitialization(AbstractApplicationContext.java:940)
	at org.springframework.context.support.AbstractApplicationContext.refresh(AbstractApplicationContext.java:616)
	at org.springframework.boot.web.servlet.context.ServletWebServerApplicationContext.refresh(ServletWebServerApplicationContext.java:146)
	at org.springframework.boot.SpringApplication.refresh(SpringApplication.java:738)
	at org.springframework.boot.SpringApplication.refreshContext(SpringApplication.java:440)
	at org.springframework.boot.SpringApplication.run(SpringApplication.java:316)
	at org.springframework.boot.SpringApplication.run(SpringApplication.java:1306)
	at org.springframework.boot.SpringApplication.run(SpringApplication.java:1295)
	at com.khata.onsite.KhataApplication.main(KhataApplication.java:17)
2024-02-17 11:40:23.771 INFO  - LAP-NFS1192 - HikariPool-1 - Starting...
2024-02-17 11:40:24.776 ERROR - LAP-NFS1192 - HikariPool-1 - Exception during pool initialization.
java.sql.SQLSyntaxErrorException: Unknown database 'db_khata_app'
	at com.mysql.cj.jdbc.exceptions.SQLError.createSQLException(SQLError.java:121)
	at com.mysql.cj.jdbc.exceptions.SQLExceptionsMapping.translateException(SQLExceptionsMapping.java:122)
	at com.mysql.cj.jdbc.ConnectionImpl.createNewIO(ConnectionImpl.java:825)
	at com.mysql.cj.jdbc.ConnectionImpl.<init>(ConnectionImpl.java:446)
	at com.mysql.cj.jdbc.ConnectionImpl.getInstance(ConnectionImpl.java:239)
	at com.mysql.cj.jdbc.NonRegisteringDriver.connect(NonRegisteringDriver.java:188)
	at com.zaxxer.hikari.util.DriverDataSource.getConnection(DriverDataSource.java:138)
	at com.zaxxer.hikari.pool.PoolBase.newConnection(PoolBase.java:359)
	at com.zaxxer.hikari.pool.PoolBase.newPoolEntry(PoolBase.java:201)
	at com.zaxxer.hikari.pool.HikariPool.createPoolEntry(HikariPool.java:470)
	at com.zaxxer.hikari.pool.HikariPool.checkFailFast(HikariPool.java:561)
	at com.zaxxer.hikari.pool.HikariPool.<init>(HikariPool.java:100)
	at com.zaxxer.hikari.HikariDataSource.getConnection(HikariDataSource.java:112)
	at org.hibernate.engine.jdbc.connections.internal.DatasourceConnectionProviderImpl.getConnection(DatasourceConnectionProviderImpl.java:122)
	at org.hibernate.engine.jdbc.env.internal.JdbcEnvironmentInitiator$ConnectionProviderJdbcConnectionAccess.obtainConnection(JdbcEnvironmentInitiator.java:437)
	at org.hibernate.resource.transaction.backend.jdbc.internal.DdlTransactionIsolatorNonJtaImpl.getIsolatedConnection(DdlTransactionIsolatorNonJtaImpl.java:46)
	at org.hibernate.resource.transaction.backend.jdbc.internal.DdlTransactionIsolatorNonJtaImpl.getIsolatedConnection(DdlTransactionIsolatorNonJtaImpl.java:39)
	at org.hibernate.tool.schema.internal.exec.ImprovedExtractionContextImpl.getJdbcConnection(ImprovedExtractionContextImpl.java:63)
	at org.hibernate.tool.schema.internal.exec.ImprovedExtractionContextImpl.getJdbcDatabaseMetaData(ImprovedExtractionContextImpl.java:70)
	at org.hibernate.tool.schema.extract.internal.InformationExtractorJdbcDatabaseMetaDataImpl.processTableResultSet(InformationExtractorJdbcDatabaseMetaDataImpl.java:64)
	at org.hibernate.tool.schema.extract.internal.AbstractInformationExtractorImpl.getTables(AbstractInformationExtractorImpl.java:570)
	at org.hibernate.tool.schema.extract.internal.DatabaseInformationImpl.getTablesInformation(DatabaseInformationImpl.java:122)
	at org.hibernate.tool.schema.internal.GroupedSchemaMigratorImpl.performTablesMigration(GroupedSchemaMigratorImpl.java:72)
	at org.hibernate.tool.schema.internal.AbstractSchemaMigrator.performMigration(AbstractSchemaMigrator.java:232)
	at org.hibernate.tool.schema.internal.AbstractSchemaMigrator.doMigration(AbstractSchemaMigrator.java:117)
	at org.hibernate.tool.schema.spi.SchemaManagementToolCoordinator.performDatabaseAction(SchemaManagementToolCoordinator.java:284)
	at org.hibernate.tool.schema.spi.SchemaManagementToolCoordinator.lambda$process$5(SchemaManagementToolCoordinator.java:143)
	at java.base/java.util.HashMap.forEach(HashMap.java:1421)
	at org.hibernate.tool.schema.spi.SchemaManagementToolCoordinator.process(SchemaManagementToolCoordinator.java:140)
	at org.hibernate.boot.internal.SessionFactoryObserverForSchemaExport.sessionFactoryCreated(SessionFactoryObserverForSchemaExport.java:37)
	at org.hibernate.internal.SessionFactoryObserverChain.sessionFactoryCreated(SessionFactoryObserverChain.java:35)
	at org.hibernate.internal.SessionFactoryImpl.<init>(SessionFactoryImpl.java:293)
	at org.hibernate.boot.internal.SessionFactoryBuilderImpl.build(SessionFactoryBuilderImpl.java:444)
	at org.hibernate.jpa.boot.internal.EntityManagerFactoryBuilderImpl.build(EntityManagerFactoryBuilderImpl.java:1458)
	at org.springframework.orm.jpa.vendor.SpringHibernateJpaPersistenceProvider.createContainerEntityManagerFactory(SpringHibernateJpaPersistenceProvider.java:75)
	at org.springframework.orm.jpa.LocalContainerEntityManagerFactoryBean.createNativeEntityManagerFactory(LocalContainerEntityManagerFactoryBean.java:376)
	at org.springframework.orm.jpa.AbstractEntityManagerFactoryBean.buildNativeEntityManagerFactory(AbstractEntityManagerFactoryBean.java:409)
	at org.springframework.orm.jpa.AbstractEntityManagerFactoryBean.afterPropertiesSet(AbstractEntityManagerFactoryBean.java:396)
	at org.springframework.orm.jpa.LocalContainerEntityManagerFactoryBean.afterPropertiesSet(LocalContainerEntityManagerFactoryBean.java:352)
	at org.springframework.beans.factory.support.AbstractAutowireCapableBeanFactory.invokeInitMethods(AbstractAutowireCapableBeanFactory.java:1817)
	at org.springframework.beans.factory.support.AbstractAutowireCapableBeanFactory.initializeBean(AbstractAutowireCapableBeanFactory.java:1766)
	at org.springframework.beans.factory.support.AbstractAutowireCapableBeanFactory.doCreateBean(AbstractAutowireCapableBeanFactory.java:598)
	at org.springframework.beans.factory.support.AbstractAutowireCapableBeanFactory.createBean(AbstractAutowireCapableBeanFactory.java:520)
	at org.springframework.beans.factory.support.AbstractBeanFactory.lambda$doGetBean$0(AbstractBeanFactory.java:325)
	at org.springframework.beans.factory.support.DefaultSingletonBeanRegistry.getSingleton(DefaultSingletonBeanRegistry.java:234)
	at org.springframework.beans.factory.support.AbstractBeanFactory.doGetBean(AbstractBeanFactory.java:323)
	at org.springframework.beans.factory.support.AbstractBeanFactory.getBean(AbstractBeanFactory.java:199)
	at org.springframework.context.support.AbstractApplicationContext.getBean(AbstractApplicationContext.java:1166)
	at org.springframework.context.support.AbstractApplicationContext.finishBeanFactoryInitialization(AbstractApplicationContext.java:940)
	at org.springframework.context.support.AbstractApplicationContext.refresh(AbstractApplicationContext.java:616)
	at org.springframework.boot.web.servlet.context.ServletWebServerApplicationContext.refresh(ServletWebServerApplicationContext.java:146)
	at org.springframework.boot.SpringApplication.refresh(SpringApplication.java:738)
	at org.springframework.boot.SpringApplication.refreshContext(SpringApplication.java:440)
	at org.springframework.boot.SpringApplication.run(SpringApplication.java:316)
	at org.springframework.boot.SpringApplication.run(SpringApplication.java:1306)
	at org.springframework.boot.SpringApplication.run(SpringApplication.java:1295)
	at com.khata.onsite.KhataApplication.main(KhataApplication.java:17)
2024-02-17 11:40:24.777 ERROR - LAP-NFS1192 - Unknown database 'db_khata_app'
2024-02-17 11:40:24.782 ERROR - LAP-NFS1192 - Failed to initialize JPA EntityManagerFactory: [PersistenceUnit: default] Unable to build Hibernate SessionFactory; nested exception is org.hibernate.exception.SQLGrammarException: Unable to open JDBC Connection for DDL execution [Unknown database 'db_khata_app'] [n/a]
2024-02-17 11:40:24.783 WARN  - LAP-NFS1192 - Exception encountered during context initialization - cancelling refresh attempt: org.springframework.beans.factory.BeanCreationException: Error creating bean with name 'entityManagerFactory' defined in class path resource [org/springframework/boot/autoconfigure/orm/jpa/HibernateJpaConfiguration.class]: [PersistenceUnit: default] Unable to build Hibernate SessionFactory; nested exception is org.hibernate.exception.SQLGrammarException: Unable to open JDBC Connection for DDL execution [Unknown database 'db_khata_app'] [n/a]
2024-02-17 11:40:24.785 INFO  - LAP-NFS1192 - Stopping service [Tomcat]
2024-02-17 11:40:24.795 INFO  - LAP-NFS1192 - 

Error starting ApplicationContext. To display the condition evaluation report re-run your application with 'debug' enabled.
2024-02-17 11:40:24.818 ERROR - LAP-NFS1192 - Application run failed
org.springframework.beans.factory.BeanCreationException: Error creating bean with name 'entityManagerFactory' defined in class path resource [org/springframework/boot/autoconfigure/orm/jpa/HibernateJpaConfiguration.class]: [PersistenceUnit: default] Unable to build Hibernate SessionFactory; nested exception is org.hibernate.exception.SQLGrammarException: Unable to open JDBC Connection for DDL execution [Unknown database 'db_khata_app'] [n/a]
	at org.springframework.beans.factory.support.AbstractAutowireCapableBeanFactory.initializeBean(AbstractAutowireCapableBeanFactory.java:1770)
	at org.springframework.beans.factory.support.AbstractAutowireCapableBeanFactory.doCreateBean(AbstractAutowireCapableBeanFactory.java:598)
	at org.springframework.beans.factory.support.AbstractAutowireCapableBeanFactory.createBean(AbstractAutowireCapableBeanFactory.java:520)
	at org.springframework.beans.factory.support.AbstractBeanFactory.lambda$doGetBean$0(AbstractBeanFactory.java:325)
	at org.springframework.beans.factory.support.DefaultSingletonBeanRegistry.getSingleton(DefaultSingletonBeanRegistry.java:234)
	at org.springframework.beans.factory.support.AbstractBeanFactory.doGetBean(AbstractBeanFactory.java:323)
	at org.springframework.beans.factory.support.AbstractBeanFactory.getBean(AbstractBeanFactory.java:199)
	at org.springframework.context.support.AbstractApplicationContext.getBean(AbstractApplicationContext.java:1166)
	at org.springframework.context.support.AbstractApplicationContext.finishBeanFactoryInitialization(AbstractApplicationContext.java:940)
	at org.springframework.context.support.AbstractApplicationContext.refresh(AbstractApplicationContext.java:616)
	at org.springframework.boot.web.servlet.context.ServletWebServerApplicationContext.refresh(ServletWebServerApplicationContext.java:146)
	at org.springframework.boot.SpringApplication.refresh(SpringApplication.java:738)
	at org.springframework.boot.SpringApplication.refreshContext(SpringApplication.java:440)
	at org.springframework.boot.SpringApplication.run(SpringApplication.java:316)
	at org.springframework.boot.SpringApplication.run(SpringApplication.java:1306)
	at org.springframework.boot.SpringApplication.run(SpringApplication.java:1295)
	at com.khata.onsite.KhataApplication.main(KhataApplication.java:17)
Caused by: jakarta.persistence.PersistenceException: [PersistenceUnit: default] Unable to build Hibernate SessionFactory; nested exception is org.hibernate.exception.SQLGrammarException: Unable to open JDBC Connection for DDL execution [Unknown database 'db_khata_app'] [n/a]
	at org.springframework.orm.jpa.AbstractEntityManagerFactoryBean.buildNativeEntityManagerFactory(AbstractEntityManagerFactoryBean.java:421)
	at org.springframework.orm.jpa.AbstractEntityManagerFactoryBean.afterPropertiesSet(AbstractEntityManagerFactoryBean.java:396)
	at org.springframework.orm.jpa.LocalContainerEntityManagerFactoryBean.afterPropertiesSet(LocalContainerEntityManagerFactoryBean.java:352)
	at org.springframework.beans.factory.support.AbstractAutowireCapableBeanFactory.invokeInitMethods(AbstractAutowireCapableBeanFactory.java:1817)
	at org.springframework.beans.factory.support.AbstractAutowireCapableBeanFactory.initializeBean(AbstractAutowireCapableBeanFactory.java:1766)
	... 16 common frames omitted
Caused by: org.hibernate.exception.SQLGrammarException: Unable to open JDBC Connection for DDL execution [Unknown database 'db_khata_app'] [n/a]
	at org.hibernate.exception.internal.SQLExceptionTypeDelegate.convert(SQLExceptionTypeDelegate.java:64)
	at org.hibernate.exception.internal.StandardSQLExceptionConverter.convert(StandardSQLExceptionConverter.java:56)
	at org.hibernate.engine.jdbc.spi.SqlExceptionHelper.convert(SqlExceptionHelper.java:108)
	at org.hibernate.engine.jdbc.spi.SqlExceptionHelper.convert(SqlExceptionHelper.java:94)
	at org.hibernate.resource.transaction.backend.jdbc.internal.DdlTransactionIsolatorNonJtaImpl.getIsolatedConnection(DdlTransactionIsolatorNonJtaImpl.java:74)
	at org.hibernate.resource.transaction.backend.jdbc.internal.DdlTransactionIsolatorNonJtaImpl.getIsolatedConnection(DdlTransactionIsolatorNonJtaImpl.java:39)
	at org.hibernate.tool.schema.internal.exec.ImprovedExtractionContextImpl.getJdbcConnection(ImprovedExtractionContextImpl.java:63)
	at org.hibernate.tool.schema.internal.exec.ImprovedExtractionContextImpl.getJdbcDatabaseMetaData(ImprovedExtractionContextImpl.java:70)
	at org.hibernate.tool.schema.extract.internal.InformationExtractorJdbcDatabaseMetaDataImpl.processTableResultSet(InformationExtractorJdbcDatabaseMetaDataImpl.java:64)
	at org.hibernate.tool.schema.extract.internal.AbstractInformationExtractorImpl.getTables(AbstractInformationExtractorImpl.java:570)
	at org.hibernate.tool.schema.extract.internal.DatabaseInformationImpl.getTablesInformation(DatabaseInformationImpl.java:122)
	at org.hibernate.tool.schema.internal.GroupedSchemaMigratorImpl.performTablesMigration(GroupedSchemaMigratorImpl.java:72)
	at org.hibernate.tool.schema.internal.AbstractSchemaMigrator.performMigration(AbstractSchemaMigrator.java:232)
	at org.hibernate.tool.schema.internal.AbstractSchemaMigrator.doMigration(AbstractSchemaMigrator.java:117)
	at org.hibernate.tool.schema.spi.SchemaManagementToolCoordinator.performDatabaseAction(SchemaManagementToolCoordinator.java:284)
	at org.hibernate.tool.schema.spi.SchemaManagementToolCoordinator.lambda$process$5(SchemaManagementToolCoordinator.java:143)
	at java.base/java.util.HashMap.forEach(HashMap.java:1421)
	at org.hibernate.tool.schema.spi.SchemaManagementToolCoordinator.process(SchemaManagementToolCoordinator.java:140)
	at org.hibernate.boot.internal.SessionFactoryObserverForSchemaExport.sessionFactoryCreated(SessionFactoryObserverForSchemaExport.java:37)
	at org.hibernate.internal.SessionFactoryObserverChain.sessionFactoryCreated(SessionFactoryObserverChain.java:35)
	at org.hibernate.internal.SessionFactoryImpl.<init>(SessionFactoryImpl.java:293)
	at org.hibernate.boot.internal.SessionFactoryBuilderImpl.build(SessionFactoryBuilderImpl.java:444)
	at org.hibernate.jpa.boot.internal.EntityManagerFactoryBuilderImpl.build(EntityManagerFactoryBuilderImpl.java:1458)
	at org.springframework.orm.jpa.vendor.SpringHibernateJpaPersistenceProvider.createContainerEntityManagerFactory(SpringHibernateJpaPersistenceProvider.java:75)
	at org.springframework.orm.jpa.LocalContainerEntityManagerFactoryBean.createNativeEntityManagerFactory(LocalContainerEntityManagerFactoryBean.java:376)
	at org.springframework.orm.jpa.AbstractEntityManagerFactoryBean.buildNativeEntityManagerFactory(AbstractEntityManagerFactoryBean.java:409)
	... 20 common frames omitted
Caused by: java.sql.SQLSyntaxErrorException: Unknown database 'db_khata_app'
	at com.mysql.cj.jdbc.exceptions.SQLError.createSQLException(SQLError.java:121)
	at com.mysql.cj.jdbc.exceptions.SQLExceptionsMapping.translateException(SQLExceptionsMapping.java:122)
	at com.mysql.cj.jdbc.ConnectionImpl.createNewIO(ConnectionImpl.java:825)
	at com.mysql.cj.jdbc.ConnectionImpl.<init>(ConnectionImpl.java:446)
	at com.mysql.cj.jdbc.ConnectionImpl.getInstance(ConnectionImpl.java:239)
	at com.mysql.cj.jdbc.NonRegisteringDriver.connect(NonRegisteringDriver.java:188)
	at com.zaxxer.hikari.util.DriverDataSource.getConnection(DriverDataSource.java:138)
	at com.zaxxer.hikari.pool.PoolBase.newConnection(PoolBase.java:359)
	at com.zaxxer.hikari.pool.PoolBase.newPoolEntry(PoolBase.java:201)
	at com.zaxxer.hikari.pool.HikariPool.createPoolEntry(HikariPool.java:470)
	at com.zaxxer.hikari.pool.HikariPool.checkFailFast(HikariPool.java:561)
	at com.zaxxer.hikari.pool.HikariPool.<init>(HikariPool.java:100)
	at com.zaxxer.hikari.HikariDataSource.getConnection(HikariDataSource.java:112)
	at org.hibernate.engine.jdbc.connections.internal.DatasourceConnectionProviderImpl.getConnection(DatasourceConnectionProviderImpl.java:122)
	at org.hibernate.engine.jdbc.env.internal.JdbcEnvironmentInitiator$ConnectionProviderJdbcConnectionAccess.obtainConnection(JdbcEnvironmentInitiator.java:437)
	at org.hibernate.resource.transaction.backend.jdbc.internal.DdlTransactionIsolatorNonJtaImpl.getIsolatedConnection(DdlTransactionIsolatorNonJtaImpl.java:46)
	... 41 common frames omitted
2024-02-17 11:41:31.000 INFO  - LAP-NFS1192 - Starting KhataApplication using Java 17.0.8.1 with PID 44556 (D:\JKD17WorkSpace\Personal\khata\target\classes started by Administrator in D:\JKD17WorkSpace\Personal\khata)
2024-02-17 11:41:31.003 INFO  - LAP-NFS1192 - No active profile set, falling back to 1 default profile: "default"
2024-02-17 11:41:31.631 INFO  - LAP-NFS1192 - Bootstrapping Spring Data JPA repositories in DEFAULT mode.
2024-02-17 11:41:31.684 INFO  - LAP-NFS1192 - Finished Spring Data repository scanning in 42 ms. Found 1 JPA repository interfaces.
2024-02-17 11:41:32.228 INFO  - LAP-NFS1192 - Tomcat initialized with port(s): 9010 (http)
2024-02-17 11:41:32.237 INFO  - LAP-NFS1192 - Initializing ProtocolHandler ["http-nio-9010"]
2024-02-17 11:41:32.239 INFO  - LAP-NFS1192 - Starting service [Tomcat]
2024-02-17 11:41:32.239 INFO  - LAP-NFS1192 - Starting Servlet engine: [Apache Tomcat/10.1.15]
2024-02-17 11:41:32.340 INFO  - LAP-NFS1192 - Initializing Spring embedded WebApplicationContext
2024-02-17 11:41:32.341 INFO  - LAP-NFS1192 - Root WebApplicationContext: initialization completed in 1290 ms
2024-02-17 11:41:32.841 INFO  - LAP-NFS1192 - No LoadTimeWeaver setup: ignoring JPA class transformer
2024-02-17 11:41:32.869 INFO  - LAP-NFS1192 - HikariPool-1 - Starting...
2024-02-17 11:41:33.040 INFO  - LAP-NFS1192 - HikariPool-1 - Added connection com.mysql.cj.jdbc.ConnectionImpl@147c00aa
2024-02-17 11:41:33.042 INFO  - LAP-NFS1192 - HikariPool-1 - Start completed.
2024-02-17 11:41:34.108 INFO  - LAP-NFS1192 - Initialized JPA EntityManagerFactory for persistence unit 'default'
2024-02-17 11:41:34.470 WARN  - LAP-NFS1192 - spring.jpa.open-in-view is enabled by default. Therefore, database queries may be performed during view rendering. Explicitly configure spring.jpa.open-in-view to disable this warning
2024-02-17 11:41:35.041 WARN  - LAP-NFS1192 - 

Using generated security password: 2aae2d36-f36b-4b1d-9b5b-3cd6a0663e85

This generated password is for development use only. Your security configuration must be updated before running your application in production.

2024-02-17 11:41:35.163 INFO  - LAP-NFS1192 - Will secure any request with [org.springframework.security.web.session.DisableEncodeUrlFilter@5984742f, org.springframework.security.web.context.request.async.WebAsyncManagerIntegrationFilter@56a6aadb, org.springframework.security.web.context.SecurityContextHolderFilter@6ae55678, org.springframework.security.web.header.HeaderWriterFilter@773ad729, org.springframework.security.web.csrf.CsrfFilter@70313b0b, org.springframework.security.web.authentication.logout.LogoutFilter@eb23b9c, org.springframework.security.web.authentication.UsernamePasswordAuthenticationFilter@6391d34f, org.springframework.security.web.authentication.ui.DefaultLoginPageGeneratingFilter@1c4a8c93, org.springframework.security.web.authentication.ui.DefaultLogoutPageGeneratingFilter@359903b6, org.springframework.security.web.authentication.www.BasicAuthenticationFilter@6b6c882c, org.springframework.security.web.savedrequest.RequestCacheAwareFilter@2a0d8df8, org.springframework.security.web.servletapi.SecurityContextHolderAwareRequestFilter@14060410, org.springframework.security.web.authentication.AnonymousAuthenticationFilter@1071f3ad, org.springframework.security.web.access.ExceptionTranslationFilter@75f316df, org.springframework.security.web.access.intercept.AuthorizationFilter@3958e148]
2024-02-17 11:41:35.197 INFO  - LAP-NFS1192 - Starting ProtocolHandler ["http-nio-9010"]
2024-02-17 11:41:35.224 INFO  - LAP-NFS1192 - Tomcat started on port(s): 9010 (http) with context path '/api'
2024-02-17 11:41:35.237 INFO  - LAP-NFS1192 - Started KhataApplication in 4.699 seconds (process running for 5.425)
2024-02-17 12:00:41.697 INFO  - LAP-NFS1192 - Starting KhataApplication using Java 17.0.8.1 with PID 43540 (D:\JKD17WorkSpace\Personal\khata\target\classes started by Administrator in D:\JKD17WorkSpace\Personal\khata)
2024-02-17 12:00:41.700 INFO  - LAP-NFS1192 - No active profile set, falling back to 1 default profile: "default"
2024-02-17 12:00:42.348 INFO  - LAP-NFS1192 - Bootstrapping Spring Data JPA repositories in DEFAULT mode.
2024-02-17 12:00:42.398 INFO  - LAP-NFS1192 - Finished Spring Data repository scanning in 42 ms. Found 1 JPA repository interfaces.
2024-02-17 12:00:42.923 INFO  - LAP-NFS1192 - Tomcat initialized with port(s): 9010 (http)
2024-02-17 12:00:42.931 INFO  - LAP-NFS1192 - Initializing ProtocolHandler ["http-nio-9010"]
2024-02-17 12:00:42.933 INFO  - LAP-NFS1192 - Starting service [Tomcat]
2024-02-17 12:00:42.933 INFO  - LAP-NFS1192 - Starting Servlet engine: [Apache Tomcat/10.1.15]
2024-02-17 12:00:43.035 INFO  - LAP-NFS1192 - Initializing Spring embedded WebApplicationContext
2024-02-17 12:00:43.036 INFO  - LAP-NFS1192 - Root WebApplicationContext: initialization completed in 1285 ms
2024-02-17 12:00:43.504 INFO  - LAP-NFS1192 - No LoadTimeWeaver setup: ignoring JPA class transformer
2024-02-17 12:00:43.530 INFO  - LAP-NFS1192 - HikariPool-1 - Starting...
2024-02-17 12:00:43.692 INFO  - LAP-NFS1192 - HikariPool-1 - Added connection com.mysql.cj.jdbc.ConnectionImpl@4db728df
2024-02-17 12:00:43.695 INFO  - LAP-NFS1192 - HikariPool-1 - Start completed.
2024-02-17 12:00:44.555 INFO  - LAP-NFS1192 - Initialized JPA EntityManagerFactory for persistence unit 'default'
2024-02-17 12:00:44.928 WARN  - LAP-NFS1192 - spring.jpa.open-in-view is enabled by default. Therefore, database queries may be performed during view rendering. Explicitly configure spring.jpa.open-in-view to disable this warning
2024-02-17 12:00:45.452 WARN  - LAP-NFS1192 - 

Using generated security password: 576200fd-abeb-4da0-a16f-19bfcc874fc6

This generated password is for development use only. Your security configuration must be updated before running your application in production.

2024-02-17 12:00:45.550 INFO  - LAP-NFS1192 - Will secure any request with [org.springframework.security.web.session.DisableEncodeUrlFilter@77c1a7ce, org.springframework.security.web.context.request.async.WebAsyncManagerIntegrationFilter@14a488ed, org.springframework.security.web.context.SecurityContextHolderFilter@620260ad, org.springframework.security.web.header.HeaderWriterFilter@522221e1, org.springframework.security.web.csrf.CsrfFilter@7d5ddfac, org.springframework.security.web.authentication.logout.LogoutFilter@77b0ff24, org.springframework.security.web.authentication.UsernamePasswordAuthenticationFilter@240fa4ad, org.springframework.security.web.authentication.ui.DefaultLoginPageGeneratingFilter@549b26d7, org.springframework.security.web.authentication.ui.DefaultLogoutPageGeneratingFilter@433d5536, org.springframework.security.web.authentication.www.BasicAuthenticationFilter@9bd477c, org.springframework.security.web.savedrequest.RequestCacheAwareFilter@56ece9c, org.springframework.security.web.servletapi.SecurityContextHolderAwareRequestFilter@5c3ad125, org.springframework.security.web.authentication.AnonymousAuthenticationFilter@101eb529, org.springframework.security.web.access.ExceptionTranslationFilter@63be4548, org.springframework.security.web.access.intercept.AuthorizationFilter@34e1c23d]
2024-02-17 12:00:45.581 INFO  - LAP-NFS1192 - Starting ProtocolHandler ["http-nio-9010"]
2024-02-17 12:00:45.603 INFO  - LAP-NFS1192 - Tomcat started on port(s): 9010 (http) with context path '/api'
2024-02-17 12:00:45.612 INFO  - LAP-NFS1192 - Started KhataApplication in 4.418 seconds (process running for 5.231)
2024-02-17 12:02:45.137 INFO  - LAP-NFS1192 - Starting KhataApplication using Java 17.0.8.1 with PID 19240 (D:\JKD17WorkSpace\Personal\khata\target\classes started by Administrator in D:\JKD17WorkSpace\Personal\khata)
2024-02-17 12:02:45.139 INFO  - LAP-NFS1192 - No active profile set, falling back to 1 default profile: "default"
2024-02-17 12:02:45.764 INFO  - LAP-NFS1192 - Bootstrapping Spring Data JPA repositories in DEFAULT mode.
2024-02-17 12:02:45.821 INFO  - LAP-NFS1192 - Finished Spring Data repository scanning in 48 ms. Found 1 JPA repository interfaces.
2024-02-17 12:02:46.351 INFO  - LAP-NFS1192 - Tomcat initialized with port(s): 9010 (http)
2024-02-17 12:02:46.360 INFO  - LAP-NFS1192 - Initializing ProtocolHandler ["http-nio-9010"]
2024-02-17 12:02:46.362 INFO  - LAP-NFS1192 - Starting service [Tomcat]
2024-02-17 12:02:46.363 INFO  - LAP-NFS1192 - Starting Servlet engine: [Apache Tomcat/10.1.15]
2024-02-17 12:02:46.463 INFO  - LAP-NFS1192 - Initializing Spring embedded WebApplicationContext
2024-02-17 12:02:46.464 INFO  - LAP-NFS1192 - Root WebApplicationContext: initialization completed in 1276 ms
2024-02-17 12:02:46.923 INFO  - LAP-NFS1192 - No LoadTimeWeaver setup: ignoring JPA class transformer
2024-02-17 12:02:46.957 INFO  - LAP-NFS1192 - HikariPool-1 - Starting...
2024-02-17 12:02:47.153 INFO  - LAP-NFS1192 - HikariPool-1 - Added connection com.mysql.cj.jdbc.ConnectionImpl@483b7dc4
2024-02-17 12:02:47.156 INFO  - LAP-NFS1192 - HikariPool-1 - Start completed.
2024-02-17 12:02:48.135 INFO  - LAP-NFS1192 - Initialized JPA EntityManagerFactory for persistence unit 'default'
2024-02-17 12:02:48.519 WARN  - LAP-NFS1192 - spring.jpa.open-in-view is enabled by default. Therefore, database queries may be performed during view rendering. Explicitly configure spring.jpa.open-in-view to disable this warning
2024-02-17 12:02:49.077 INFO  - LAP-NFS1192 - Starting ProtocolHandler ["http-nio-9010"]
2024-02-17 12:02:49.096 INFO  - LAP-NFS1192 - Tomcat started on port(s): 9010 (http) with context path '/api'
2024-02-17 12:02:49.105 INFO  - LAP-NFS1192 - Started KhataApplication in 4.424 seconds (process running for 5.107)
2024-02-17 12:03:09.143 INFO  - LAP-NFS1192 - Initializing Spring DispatcherServlet 'dispatcherServlet'
2024-02-17 12:03:09.433 INFO  - LAP-NFS1192 - REST Request - [HTTP METHOD:POST] [PATH INFO:/rules/addOrUpdateRule] [REQUEST PARAMETERS:{}] [REQUEST BODY:{"ruleName": "test1","ruleAmount": "2000","ruleProposedBy": 1,"ruleDesc": "It is mutually agreed by all onsi","status": true,"ruleIdPk": ""}] [REMOTE ADDRESS:0:0:0:0:0:0:0:1] [RESPONSE:{"status":"200","message":"Operation Completed Successfully","error":null,"jsonData":null,"data":null}]
2024-02-17 12:03:42.135 INFO  - LAP-NFS1192 - Starting KhataApplication using Java 17.0.8.1 with PID 42020 (D:\JKD17WorkSpace\Personal\khata\target\classes started by Administrator in D:\JKD17WorkSpace\Personal\khata)
2024-02-17 12:03:42.139 INFO  - LAP-NFS1192 - No active profile set, falling back to 1 default profile: "default"
2024-02-17 12:03:43.035 INFO  - LAP-NFS1192 - Bootstrapping Spring Data JPA repositories in DEFAULT mode.
2024-02-17 12:03:43.105 INFO  - LAP-NFS1192 - Finished Spring Data repository scanning in 58 ms. Found 1 JPA repository interfaces.
2024-02-17 12:03:43.884 INFO  - LAP-NFS1192 - Tomcat initialized with port(s): 9010 (http)
2024-02-17 12:03:43.896 INFO  - LAP-NFS1192 - Initializing ProtocolHandler ["http-nio-9010"]
2024-02-17 12:03:43.899 INFO  - LAP-NFS1192 - Starting service [Tomcat]
2024-02-17 12:03:43.900 INFO  - LAP-NFS1192 - Starting Servlet engine: [Apache Tomcat/10.1.15]
2024-02-17 12:03:44.049 INFO  - LAP-NFS1192 - Initializing Spring embedded WebApplicationContext
2024-02-17 12:03:44.051 INFO  - LAP-NFS1192 - Root WebApplicationContext: initialization completed in 1837 ms
2024-02-17 12:03:44.730 INFO  - LAP-NFS1192 - No LoadTimeWeaver setup: ignoring JPA class transformer
2024-02-17 12:03:44.774 INFO  - LAP-NFS1192 - HikariPool-1 - Starting...
2024-02-17 12:03:44.997 INFO  - LAP-NFS1192 - HikariPool-1 - Added connection com.mysql.cj.jdbc.ConnectionImpl@1c90029b
2024-02-17 12:03:45.001 INFO  - LAP-NFS1192 - HikariPool-1 - Start completed.
2024-02-17 12:03:45.964 INFO  - LAP-NFS1192 - Initialized JPA EntityManagerFactory for persistence unit 'default'
2024-02-17 12:03:46.310 WARN  - LAP-NFS1192 - spring.jpa.open-in-view is enabled by default. Therefore, database queries may be performed during view rendering. Explicitly configure spring.jpa.open-in-view to disable this warning
2024-02-17 12:03:46.850 WARN  - LAP-NFS1192 - 

Using generated security password: 64ce3a8a-1008-4024-bdb2-c591f0c0c64d

This generated password is for development use only. Your security configuration must be updated before running your application in production.

2024-02-17 12:03:46.968 INFO  - LAP-NFS1192 - Will secure any request with [org.springframework.security.web.session.DisableEncodeUrlFilter@9bd477c, org.springframework.security.web.context.request.async.WebAsyncManagerIntegrationFilter@7444714e, org.springframework.security.web.context.SecurityContextHolderFilter@522221e1, org.springframework.security.web.header.HeaderWriterFilter@2a0d8df8, org.springframework.security.web.csrf.CsrfFilter@7d0e46dd, org.springframework.security.web.authentication.logout.LogoutFilter@5013c6bc, org.springframework.security.web.authentication.UsernamePasswordAuthenticationFilter@2d18d9ed, org.springframework.security.web.authentication.ui.DefaultLoginPageGeneratingFilter@1deca369, org.springframework.security.web.authentication.ui.DefaultLogoutPageGeneratingFilter@6b3708f0, org.springframework.security.web.authentication.www.BasicAuthenticationFilter@359903b6, org.springframework.security.web.savedrequest.RequestCacheAwareFilter@58397dd, org.springframework.security.web.servletapi.SecurityContextHolderAwareRequestFilter@1c4a8c93, org.springframework.security.web.authentication.AnonymousAuthenticationFilter@77c1a7ce, org.springframework.security.web.access.ExceptionTranslationFilter@6ae55678, org.springframework.security.web.access.intercept.AuthorizationFilter@408a0e92]
2024-02-17 12:03:47.000 INFO  - LAP-NFS1192 - Starting ProtocolHandler ["http-nio-9010"]
2024-02-17 12:03:47.021 INFO  - LAP-NFS1192 - Tomcat started on port(s): 9010 (http) with context path '/api'
2024-02-17 12:03:47.030 INFO  - LAP-NFS1192 - Started KhataApplication in 5.577 seconds (process running for 6.416)
2024-02-17 12:03:58.852 INFO  - LAP-NFS1192 - Initializing Spring DispatcherServlet 'dispatcherServlet'
2024-02-17 18:38:15.387 WARN  - LAP-NFS1192 - HikariPool-1 - Thread starvation or clock leap detected (housekeeper delta=3h29s401ms945µs100ns).
2024-02-19 08:49:45.037 WARN  - LAP-NFS1192 - HikariPool-1 - Thread starvation or clock leap detected (housekeeper delta=1d14h11m52s370ms677µs400ns).
2024-02-19 11:33:51.804 INFO  - LAP-NFS1192 - Starting KhataApplication using Java 17.0.8.1 with PID 47064 (D:\JKD17WorkSpace\Personal\khata\target\classes started by Administrator in D:\JKD17WorkSpace\Personal\khata)
2024-02-19 11:33:51.807 INFO  - LAP-NFS1192 - No active profile set, falling back to 1 default profile: "default"
2024-02-19 11:33:52.457 INFO  - LAP-NFS1192 - Bootstrapping Spring Data JPA repositories in DEFAULT mode.
2024-02-19 11:33:52.515 INFO  - LAP-NFS1192 - Finished Spring Data repository scanning in 49 ms. Found 1 JPA repository interfaces.
2024-02-19 11:33:53.079 INFO  - LAP-NFS1192 - Tomcat initialized with port(s): 9010 (http)
2024-02-19 11:33:53.087 INFO  - LAP-NFS1192 - Initializing ProtocolHandler ["http-nio-9010"]
2024-02-19 11:33:53.089 INFO  - LAP-NFS1192 - Starting service [Tomcat]
2024-02-19 11:33:53.089 INFO  - LAP-NFS1192 - Starting Servlet engine: [Apache Tomcat/10.1.15]
2024-02-19 11:33:53.194 INFO  - LAP-NFS1192 - Initializing Spring embedded WebApplicationContext
2024-02-19 11:33:53.195 INFO  - LAP-NFS1192 - Root WebApplicationContext: initialization completed in 1343 ms
2024-02-19 11:33:53.819 INFO  - LAP-NFS1192 - No LoadTimeWeaver setup: ignoring JPA class transformer
2024-02-19 11:33:53.851 INFO  - LAP-NFS1192 - HikariPool-1 - Starting...
2024-02-19 11:33:54.041 INFO  - LAP-NFS1192 - HikariPool-1 - Added connection com.mysql.cj.jdbc.ConnectionImpl@17f8db6
2024-02-19 11:33:54.044 INFO  - LAP-NFS1192 - HikariPool-1 - Start completed.
2024-02-19 11:33:55.142 INFO  - LAP-NFS1192 - Initialized JPA EntityManagerFactory for persistence unit 'default'
2024-02-19 11:33:55.571 WARN  - LAP-NFS1192 - spring.jpa.open-in-view is enabled by default. Therefore, database queries may be performed during view rendering. Explicitly configure spring.jpa.open-in-view to disable this warning
2024-02-19 11:33:56.180 WARN  - LAP-NFS1192 - 

Using generated security password: a265e583-c97f-49b2-873a-43eac5a41e42

This generated password is for development use only. Your security configuration must be updated before running your application in production.

2024-02-19 11:33:56.305 INFO  - LAP-NFS1192 - Will secure any request with [org.springframework.security.web.session.DisableEncodeUrlFilter@16a7af5d, org.springframework.security.web.context.request.async.WebAsyncManagerIntegrationFilter@207358ad, org.springframework.security.web.context.SecurityContextHolderFilter@145ce025, org.springframework.security.web.header.HeaderWriterFilter@6d3c80bf, org.springframework.security.web.csrf.CsrfFilter@18edbed9, org.springframework.security.web.authentication.logout.LogoutFilter@2d18d9ed, org.springframework.security.web.authentication.UsernamePasswordAuthenticationFilter@359903b6, org.springframework.security.web.authentication.ui.DefaultLoginPageGeneratingFilter@6c2a7c73, org.springframework.security.web.authentication.ui.DefaultLogoutPageGeneratingFilter@3e2ee637, org.springframework.security.web.authentication.www.BasicAuthenticationFilter@6a9b8f33, org.springframework.security.web.savedrequest.RequestCacheAwareFilter@2d0ce8a1, org.springframework.security.web.servletapi.SecurityContextHolderAwareRequestFilter@66978c15, org.springframework.security.web.authentication.AnonymousAuthenticationFilter@62d818c6, org.springframework.security.web.access.ExceptionTranslationFilter@56ece9c, org.springframework.security.web.access.intercept.AuthorizationFilter@56a6aadb]
2024-02-19 11:33:56.354 INFO  - LAP-NFS1192 - Starting ProtocolHandler ["http-nio-9010"]
2024-02-19 11:33:56.389 INFO  - LAP-NFS1192 - Tomcat started on port(s): 9010 (http) with context path '/api'
2024-02-19 11:33:56.402 INFO  - LAP-NFS1192 - Started KhataApplication in 5.158 seconds (process running for 5.912)
2024-02-19 11:34:37.263 INFO  - LAP-NFS1192 - Initializing Spring DispatcherServlet 'dispatcherServlet'
2024-02-19 11:35:08.679 INFO  - LAP-NFS1192 - Starting KhataApplication using Java 17.0.8.1 with PID 42708 (D:\JKD17WorkSpace\Personal\khata\target\classes started by Administrator in D:\JKD17WorkSpace\Personal\khata)
2024-02-19 11:35:08.682 INFO  - LAP-NFS1192 - No active profile set, falling back to 1 default profile: "default"
2024-02-19 11:35:09.462 INFO  - LAP-NFS1192 - Bootstrapping Spring Data JPA repositories in DEFAULT mode.
2024-02-19 11:35:09.516 INFO  - LAP-NFS1192 - Finished Spring Data repository scanning in 46 ms. Found 1 JPA repository interfaces.
2024-02-19 11:35:10.194 INFO  - LAP-NFS1192 - Tomcat initialized with port(s): 9010 (http)
2024-02-19 11:35:10.204 INFO  - LAP-NFS1192 - Initializing ProtocolHandler ["http-nio-9010"]
2024-02-19 11:35:10.207 INFO  - LAP-NFS1192 - Starting service [Tomcat]
2024-02-19 11:35:10.207 INFO  - LAP-NFS1192 - Starting Servlet engine: [Apache Tomcat/10.1.15]
2024-02-19 11:35:10.323 INFO  - LAP-NFS1192 - Initializing Spring embedded WebApplicationContext
2024-02-19 11:35:10.324 INFO  - LAP-NFS1192 - Root WebApplicationContext: initialization completed in 1579 ms
2024-02-19 11:35:10.804 INFO  - LAP-NFS1192 - No LoadTimeWeaver setup: ignoring JPA class transformer
2024-02-19 11:35:10.831 INFO  - LAP-NFS1192 - HikariPool-1 - Starting...
2024-02-19 11:35:11.000 INFO  - LAP-NFS1192 - HikariPool-1 - Added connection com.mysql.cj.jdbc.ConnectionImpl@350f18a6
2024-02-19 11:35:11.002 INFO  - LAP-NFS1192 - HikariPool-1 - Start completed.
2024-02-19 11:35:12.008 INFO  - LAP-NFS1192 - Initialized JPA EntityManagerFactory for persistence unit 'default'
2024-02-19 11:35:12.347 WARN  - LAP-NFS1192 - spring.jpa.open-in-view is enabled by default. Therefore, database queries may be performed during view rendering. Explicitly configure spring.jpa.open-in-view to disable this warning
2024-02-19 11:35:12.885 WARN  - LAP-NFS1192 - 

Using generated security password: e3e6f104-8215-4ca6-aad0-4468f7b931c1

This generated password is for development use only. Your security configuration must be updated before running your application in production.

2024-02-19 11:35:12.985 INFO  - LAP-NFS1192 - Will secure any request with [org.springframework.security.web.session.DisableEncodeUrlFilter@6aaed880, org.springframework.security.web.context.request.async.WebAsyncManagerIntegrationFilter@9bd477c, org.springframework.security.web.context.SecurityContextHolderFilter@232899d1, org.springframework.security.web.header.HeaderWriterFilter@4bc75792, org.springframework.security.web.csrf.CsrfFilter@2b8f5aa4, org.springframework.security.web.authentication.logout.LogoutFilter@41f84bb1, org.springframework.security.web.authentication.UsernamePasswordAuthenticationFilter@408a0e92, org.springframework.security.web.authentication.ui.DefaultLoginPageGeneratingFilter@145ce025, org.springframework.security.web.authentication.ui.DefaultLogoutPageGeneratingFilter@7444714e, org.springframework.security.web.authentication.www.BasicAuthenticationFilter@56a6aadb, org.springframework.security.web.savedrequest.RequestCacheAwareFilter@14060410, org.springframework.security.web.servletapi.SecurityContextHolderAwareRequestFilter@56ece9c, org.springframework.security.web.authentication.AnonymousAuthenticationFilter@6b3708f0, org.springframework.security.web.access.ExceptionTranslationFilter@4d408746, org.springframework.security.web.access.intercept.AuthorizationFilter@2d6cbbdb]
2024-02-19 11:35:13.016 INFO  - LAP-NFS1192 - Starting ProtocolHandler ["http-nio-9010"]
2024-02-19 11:35:13.035 INFO  - LAP-NFS1192 - Tomcat started on port(s): 9010 (http) with context path ''
2024-02-19 11:35:13.043 INFO  - LAP-NFS1192 - Started KhataApplication in 4.842 seconds (process running for 5.628)
2024-02-19 11:35:17.836 INFO  - LAP-NFS1192 - Initializing Spring DispatcherServlet 'dispatcherServlet'
2024-02-19 11:43:03.765 INFO  - LAP-NFS1192 - Starting KhataApplication using Java 17.0.8.1 with PID 23220 (D:\JKD17WorkSpace\Personal\khata\target\classes started by Administrator in D:\JKD17WorkSpace\Personal\khata)
2024-02-19 11:43:03.767 INFO  - LAP-NFS1192 - No active profile set, falling back to 1 default profile: "default"
2024-02-19 11:43:04.413 INFO  - LAP-NFS1192 - Bootstrapping Spring Data JPA repositories in DEFAULT mode.
2024-02-19 11:43:04.468 INFO  - LAP-NFS1192 - Finished Spring Data repository scanning in 48 ms. Found 1 JPA repository interfaces.
2024-02-19 11:43:05.013 INFO  - LAP-NFS1192 - Tomcat initialized with port(s): 9010 (http)
2024-02-19 11:43:05.021 INFO  - LAP-NFS1192 - Initializing ProtocolHandler ["http-nio-9010"]
2024-02-19 11:43:05.023 INFO  - LAP-NFS1192 - Starting service [Tomcat]
2024-02-19 11:43:05.024 INFO  - LAP-NFS1192 - Starting Servlet engine: [Apache Tomcat/10.1.15]
2024-02-19 11:43:05.123 INFO  - LAP-NFS1192 - Initializing Spring embedded WebApplicationContext
2024-02-19 11:43:05.125 INFO  - LAP-NFS1192 - Root WebApplicationContext: initialization completed in 1313 ms
2024-02-19 11:43:05.570 INFO  - LAP-NFS1192 - No LoadTimeWeaver setup: ignoring JPA class transformer
2024-02-19 11:43:05.596 INFO  - LAP-NFS1192 - HikariPool-1 - Starting...
2024-02-19 11:43:05.761 INFO  - LAP-NFS1192 - HikariPool-1 - Added connection com.mysql.cj.jdbc.ConnectionImpl@1c2096c6
2024-02-19 11:43:05.764 INFO  - LAP-NFS1192 - HikariPool-1 - Start completed.
2024-02-19 11:43:06.663 INFO  - LAP-NFS1192 - Initialized JPA EntityManagerFactory for persistence unit 'default'
2024-02-19 11:43:07.014 WARN  - LAP-NFS1192 - spring.jpa.open-in-view is enabled by default. Therefore, database queries may be performed during view rendering. Explicitly configure spring.jpa.open-in-view to disable this warning
2024-02-19 11:43:07.743 WARN  - LAP-NFS1192 - 

Using generated security password: 0cf811bf-fcea-4566-a781-b53f347b3ad6

This generated password is for development use only. Your security configuration must be updated before running your application in production.

2024-02-19 11:43:07.843 INFO  - LAP-NFS1192 - Will secure any request with [org.springframework.security.web.session.DisableEncodeUrlFilter@101eb529, org.springframework.security.web.context.request.async.WebAsyncManagerIntegrationFilter@6a9b8f33, org.springframework.security.web.context.SecurityContextHolderFilter@1c4a8c93, org.springframework.security.web.header.HeaderWriterFilter@620260ad, org.springframework.security.web.csrf.CsrfFilter@6557dcea, org.springframework.security.web.authentication.logout.LogoutFilter@23f9d0ce, org.springframework.security.web.authentication.UsernamePasswordAuthenticationFilter@51a65f56, org.springframework.security.web.authentication.ui.DefaultLoginPageGeneratingFilter@6c96dc5c, org.springframework.security.web.authentication.ui.DefaultLogoutPageGeneratingFilter@5ac8916d, org.springframework.security.web.authentication.www.BasicAuthenticationFilter@77c1a7ce, org.springframework.security.web.savedrequest.RequestCacheAwareFilter@2f53e07d, org.springframework.security.web.servletapi.SecurityContextHolderAwareRequestFilter@2d0ce8a1, org.springframework.security.web.authentication.AnonymousAuthenticationFilter@7375ebe7, org.springframework.security.web.access.ExceptionTranslationFilter@14060410, org.springframework.security.web.access.intercept.AuthorizationFilter@6b6c882c]
2024-02-19 11:43:07.876 INFO  - LAP-NFS1192 - Starting ProtocolHandler ["http-nio-9010"]
2024-02-19 11:43:07.895 INFO  - LAP-NFS1192 - Tomcat started on port(s): 9010 (http) with context path ''
2024-02-19 11:43:07.905 INFO  - LAP-NFS1192 - Started KhataApplication in 4.598 seconds (process running for 5.318)
2024-02-19 11:44:00.037 INFO  - LAP-NFS1192 - Initializing Spring DispatcherServlet 'dispatcherServlet'
2024-02-19 11:44:38.674 INFO  - LAP-NFS1192 - Starting KhataApplication using Java 17.0.8.1 with PID 37932 (D:\JKD17WorkSpace\Personal\khata\target\classes started by Administrator in D:\JKD17WorkSpace\Personal\khata)
2024-02-19 11:44:38.678 INFO  - LAP-NFS1192 - No active profile set, falling back to 1 default profile: "default"
2024-02-19 11:44:39.581 INFO  - LAP-NFS1192 - Bootstrapping Spring Data JPA repositories in DEFAULT mode.
2024-02-19 11:44:39.636 INFO  - LAP-NFS1192 - Finished Spring Data repository scanning in 47 ms. Found 1 JPA repository interfaces.
2024-02-19 11:44:40.477 INFO  - LAP-NFS1192 - Tomcat initialized with port(s): 9010 (http)
2024-02-19 11:44:40.503 INFO  - LAP-NFS1192 - Initializing ProtocolHandler ["http-nio-9010"]
2024-02-19 11:44:40.507 INFO  - LAP-NFS1192 - Starting service [Tomcat]
2024-02-19 11:44:40.508 INFO  - LAP-NFS1192 - Starting Servlet engine: [Apache Tomcat/10.1.15]
2024-02-19 11:44:40.675 INFO  - LAP-NFS1192 - Initializing Spring embedded WebApplicationContext
2024-02-19 11:44:40.676 INFO  - LAP-NFS1192 - Root WebApplicationContext: initialization completed in 1915 ms
2024-02-19 11:44:41.266 INFO  - LAP-NFS1192 - No LoadTimeWeaver setup: ignoring JPA class transformer
2024-02-19 11:44:41.298 INFO  - LAP-NFS1192 - HikariPool-1 - Starting...
2024-02-19 11:44:41.459 INFO  - LAP-NFS1192 - HikariPool-1 - Added connection com.mysql.cj.jdbc.ConnectionImpl@44492c06
2024-02-19 11:44:41.461 INFO  - LAP-NFS1192 - HikariPool-1 - Start completed.
2024-02-19 11:44:42.506 INFO  - LAP-NFS1192 - Initialized JPA EntityManagerFactory for persistence unit 'default'
2024-02-19 11:44:42.853 WARN  - LAP-NFS1192 - spring.jpa.open-in-view is enabled by default. Therefore, database queries may be performed during view rendering. Explicitly configure spring.jpa.open-in-view to disable this warning
2024-02-19 11:44:43.431 WARN  - LAP-NFS1192 - 

Using generated security password: 803a5606-c689-47cc-9f00-cf781e032e5d

This generated password is for development use only. Your security configuration must be updated before running your application in production.

2024-02-19 11:44:43.540 INFO  - LAP-NFS1192 - Will secure any request with [org.springframework.security.web.session.DisableEncodeUrlFilter@207358ad, org.springframework.security.web.context.request.async.WebAsyncManagerIntegrationFilter@3e2ee637, org.springframework.security.web.context.SecurityContextHolderFilter@1deca369, org.springframework.security.web.header.HeaderWriterFilter@2f53e07d, org.springframework.security.web.csrf.CsrfFilter@4823f4d0, org.springframework.security.web.authentication.logout.LogoutFilter@7c9b0c16, org.springframework.security.web.authentication.UsernamePasswordAuthenticationFilter@1071f3ad, org.springframework.security.web.authentication.ui.DefaultLoginPageGeneratingFilter@3ade99bb, org.springframework.security.web.authentication.ui.DefaultLogoutPageGeneratingFilter@62d818c6, org.springframework.security.web.authentication.www.BasicAuthenticationFilter@5ac8916d, org.springframework.security.web.savedrequest.RequestCacheAwareFilter@2735a7dc, org.springframework.security.web.servletapi.SecurityContextHolderAwareRequestFilter@6c96dc5c, org.springframework.security.web.authentication.AnonymousAuthenticationFilter@492e9e87, org.springframework.security.web.access.ExceptionTranslationFilter@1c4a8c93, org.springframework.security.web.access.intercept.AuthorizationFilter@359903b6]
2024-02-19 11:44:43.574 INFO  - LAP-NFS1192 - Starting ProtocolHandler ["http-nio-9010"]
2024-02-19 11:44:43.596 INFO  - LAP-NFS1192 - Tomcat started on port(s): 9010 (http) with context path ''
2024-02-19 11:44:43.606 INFO  - LAP-NFS1192 - Started KhataApplication in 5.531 seconds (process running for 6.295)
2024-02-19 11:44:53.826 INFO  - LAP-NFS1192 - Initializing Spring DispatcherServlet 'dispatcherServlet'
2024-02-19 11:45:27.792 INFO  - LAP-NFS1192 - Starting KhataApplication using Java 17.0.8.1 with PID 44908 (D:\JKD17WorkSpace\Personal\khata\target\classes started by Administrator in D:\JKD17WorkSpace\Personal\khata)
2024-02-19 11:45:27.794 INFO  - LAP-NFS1192 - No active profile set, falling back to 1 default profile: "default"
2024-02-19 11:45:28.549 INFO  - LAP-NFS1192 - Bootstrapping Spring Data JPA repositories in DEFAULT mode.
2024-02-19 11:45:28.612 INFO  - LAP-NFS1192 - Finished Spring Data repository scanning in 54 ms. Found 1 JPA repository interfaces.
2024-02-19 11:45:29.565 INFO  - LAP-NFS1192 - Tomcat initialized with port(s): 9010 (http)
2024-02-19 11:45:29.582 INFO  - LAP-NFS1192 - Initializing ProtocolHandler ["http-nio-9010"]
2024-02-19 11:45:29.587 INFO  - LAP-NFS1192 - Starting service [Tomcat]
2024-02-19 11:45:29.588 INFO  - LAP-NFS1192 - Starting Servlet engine: [Apache Tomcat/10.1.15]
2024-02-19 11:45:29.780 INFO  - LAP-NFS1192 - Initializing Spring embedded WebApplicationContext
2024-02-19 11:45:29.784 INFO  - LAP-NFS1192 - Root WebApplicationContext: initialization completed in 1943 ms
2024-02-19 11:45:30.592 INFO  - LAP-NFS1192 - No LoadTimeWeaver setup: ignoring JPA class transformer
2024-02-19 11:45:30.634 INFO  - LAP-NFS1192 - HikariPool-1 - Starting...
2024-02-19 11:45:30.912 INFO  - LAP-NFS1192 - HikariPool-1 - Added connection com.mysql.cj.jdbc.ConnectionImpl@1a89414e
2024-02-19 11:45:30.915 INFO  - LAP-NFS1192 - HikariPool-1 - Start completed.
2024-02-19 11:45:32.276 INFO  - LAP-NFS1192 - Initialized JPA EntityManagerFactory for persistence unit 'default'
2024-02-19 11:45:32.695 WARN  - LAP-NFS1192 - spring.jpa.open-in-view is enabled by default. Therefore, database queries may be performed during view rendering. Explicitly configure spring.jpa.open-in-view to disable this warning
2024-02-19 11:45:33.274 WARN  - LAP-NFS1192 - 

Using generated security password: da3bb4be-e0f8-468b-90ae-9f8627420202

This generated password is for development use only. Your security configuration must be updated before running your application in production.

2024-02-19 11:45:33.386 INFO  - LAP-NFS1192 - Will secure any request with [org.springframework.security.web.session.DisableEncodeUrlFilter@16a7af5d, org.springframework.security.web.context.request.async.WebAsyncManagerIntegrationFilter@207358ad, org.springframework.security.web.context.SecurityContextHolderFilter@145ce025, org.springframework.security.web.header.HeaderWriterFilter@6d3c80bf, org.springframework.security.web.csrf.CsrfFilter@18edbed9, org.springframework.security.web.authentication.logout.LogoutFilter@2d18d9ed, org.springframework.security.web.authentication.UsernamePasswordAuthenticationFilter@359903b6, org.springframework.security.web.authentication.ui.DefaultLoginPageGeneratingFilter@6c2a7c73, org.springframework.security.web.authentication.ui.DefaultLogoutPageGeneratingFilter@3e2ee637, org.springframework.security.web.authentication.www.BasicAuthenticationFilter@6a9b8f33, org.springframework.security.web.savedrequest.RequestCacheAwareFilter@2d0ce8a1, org.springframework.security.web.servletapi.SecurityContextHolderAwareRequestFilter@66978c15, org.springframework.security.web.authentication.AnonymousAuthenticationFilter@62d818c6, org.springframework.security.web.access.ExceptionTranslationFilter@56ece9c, org.springframework.security.web.access.intercept.AuthorizationFilter@56a6aadb]
2024-02-19 11:45:33.421 INFO  - LAP-NFS1192 - Starting ProtocolHandler ["http-nio-9010"]
2024-02-19 11:45:33.442 INFO  - LAP-NFS1192 - Tomcat started on port(s): 9010 (http) with context path ''
2024-02-19 11:45:33.450 INFO  - LAP-NFS1192 - Started KhataApplication in 6.121 seconds (process running for 6.937)
2024-02-19 11:45:36.656 INFO  - LAP-NFS1192 - Initializing Spring DispatcherServlet 'dispatcherServlet'
2024-02-19 14:07:12.956 INFO  - LAP-NFS1192 - Starting KhataApplication using Java 17.0.8.1 with PID 46084 (D:\JKD17WorkSpace\Personal\khata\target\classes started by Administrator in D:\JKD17WorkSpace\Personal\khata)
2024-02-19 14:07:12.962 INFO  - LAP-NFS1192 - No active profile set, falling back to 1 default profile: "default"
2024-02-19 14:07:14.361 INFO  - LAP-NFS1192 - Bootstrapping Spring Data JPA repositories in DEFAULT mode.
2024-02-19 14:07:14.516 INFO  - LAP-NFS1192 - Finished Spring Data repository scanning in 126 ms. Found 2 JPA repository interfaces.
2024-02-19 14:07:15.638 INFO  - LAP-NFS1192 - Tomcat initialized with port(s): 9010 (http)
2024-02-19 14:07:15.651 INFO  - LAP-NFS1192 - Initializing ProtocolHandler ["http-nio-9010"]
2024-02-19 14:07:15.655 INFO  - LAP-NFS1192 - Starting service [Tomcat]
2024-02-19 14:07:15.655 INFO  - LAP-NFS1192 - Starting Servlet engine: [Apache Tomcat/10.1.15]
2024-02-19 14:07:15.824 INFO  - LAP-NFS1192 - Initializing Spring embedded WebApplicationContext
2024-02-19 14:07:15.826 INFO  - LAP-NFS1192 - Root WebApplicationContext: initialization completed in 2779 ms
2024-02-19 14:07:16.767 INFO  - LAP-NFS1192 - No LoadTimeWeaver setup: ignoring JPA class transformer
2024-02-19 14:07:16.809 INFO  - LAP-NFS1192 - HikariPool-1 - Starting...
2024-02-19 14:07:17.038 INFO  - LAP-NFS1192 - HikariPool-1 - Added connection com.mysql.cj.jdbc.ConnectionImpl@318e3942
2024-02-19 14:07:17.041 INFO  - LAP-NFS1192 - HikariPool-1 - Start completed.
2024-02-19 14:07:18.471 INFO  - LAP-NFS1192 - Initialized JPA EntityManagerFactory for persistence unit 'default'
2024-02-19 14:07:18.954 WARN  - LAP-NFS1192 - spring.jpa.open-in-view is enabled by default. Therefore, database queries may be performed during view rendering. Explicitly configure spring.jpa.open-in-view to disable this warning
2024-02-19 14:07:19.869 WARN  - LAP-NFS1192 - 

Using generated security password: 2ee5b0b6-91f9-4224-8d42-6a5a8309bf16

This generated password is for development use only. Your security configuration must be updated before running your application in production.

2024-02-19 14:07:20.065 INFO  - LAP-NFS1192 - Will secure any request with [org.springframework.security.web.session.DisableEncodeUrlFilter@538fb761, org.springframework.security.web.context.request.async.WebAsyncManagerIntegrationFilter@163cd4a6, org.springframework.security.web.context.SecurityContextHolderFilter@4b02dc4e, org.springframework.security.web.header.HeaderWriterFilter@3b863b4, org.springframework.security.web.csrf.CsrfFilter@279e4506, org.springframework.security.web.authentication.logout.LogoutFilter@5bbeb9e3, org.springframework.security.web.authentication.UsernamePasswordAuthenticationFilter@395854dd, org.springframework.security.web.authentication.ui.DefaultLoginPageGeneratingFilter@4822fc53, org.springframework.security.web.authentication.ui.DefaultLogoutPageGeneratingFilter@1d0f03f6, org.springframework.security.web.authentication.www.BasicAuthenticationFilter@1b4bc7b9, org.springframework.security.web.savedrequest.RequestCacheAwareFilter@98c4a8b, org.springframework.security.web.servletapi.SecurityContextHolderAwareRequestFilter@13cec4ff, org.springframework.security.web.authentication.AnonymousAuthenticationFilter@5653429e, org.springframework.security.web.access.ExceptionTranslationFilter@62d72091, org.springframework.security.web.access.intercept.AuthorizationFilter@16a89351]
2024-02-19 14:07:20.117 INFO  - LAP-NFS1192 - Starting ProtocolHandler ["http-nio-9010"]
2024-02-19 14:07:20.148 INFO  - LAP-NFS1192 - Tomcat started on port(s): 9010 (http) with context path ''
2024-02-19 14:07:20.162 INFO  - LAP-NFS1192 - Started KhataApplication in 8.226 seconds (process running for 9.184)
2024-02-19 17:33:12.173 INFO  - LAP-NFS1192 - Starting KhataApplication using Java 17.0.8.1 with PID 52992 (D:\JKD17WorkSpace\Personal\khata\target\classes started by Administrator in D:\JKD17WorkSpace\Personal\khata)
2024-02-19 17:33:12.177 INFO  - LAP-NFS1192 - No active profile set, falling back to 1 default profile: "default"
2024-02-19 17:33:13.364 INFO  - LAP-NFS1192 - Bootstrapping Spring Data JPA repositories in DEFAULT mode.
2024-02-19 17:33:13.477 INFO  - LAP-NFS1192 - Finished Spring Data repository scanning in 97 ms. Found 2 JPA repository interfaces.
2024-02-19 17:33:14.518 INFO  - LAP-NFS1192 - Tomcat initialized with port(s): 9010 (http)
2024-02-19 17:33:14.531 INFO  - LAP-NFS1192 - Initializing ProtocolHandler ["http-nio-9010"]
2024-02-19 17:33:14.533 INFO  - LAP-NFS1192 - Starting service [Tomcat]
2024-02-19 17:33:14.534 INFO  - LAP-NFS1192 - Starting Servlet engine: [Apache Tomcat/10.1.15]
2024-02-19 17:33:14.697 INFO  - LAP-NFS1192 - Initializing Spring embedded WebApplicationContext
2024-02-19 17:33:14.700 INFO  - LAP-NFS1192 - Root WebApplicationContext: initialization completed in 2434 ms
2024-02-19 17:33:15.427 INFO  - LAP-NFS1192 - No LoadTimeWeaver setup: ignoring JPA class transformer
2024-02-19 17:33:15.467 INFO  - LAP-NFS1192 - HikariPool-1 - Starting...
2024-02-19 17:33:15.704 INFO  - LAP-NFS1192 - HikariPool-1 - Added connection com.mysql.cj.jdbc.ConnectionImpl@48d44b46
2024-02-19 17:33:15.707 INFO  - LAP-NFS1192 - HikariPool-1 - Start completed.
2024-02-19 17:33:17.072 INFO  - LAP-NFS1192 - Initialized JPA EntityManagerFactory for persistence unit 'default'
2024-02-19 17:33:17.622 WARN  - LAP-NFS1192 - spring.jpa.open-in-view is enabled by default. Therefore, database queries may be performed during view rendering. Explicitly configure spring.jpa.open-in-view to disable this warning
2024-02-19 17:33:18.488 WARN  - LAP-NFS1192 - 

Using generated security password: 853d23ce-b12f-4110-a524-f588a47863a9

This generated password is for development use only. Your security configuration must be updated before running your application in production.

2024-02-19 17:33:18.675 INFO  - LAP-NFS1192 - Will secure any request with [org.springframework.security.web.session.DisableEncodeUrlFilter@7af5ce66, org.springframework.security.web.context.request.async.WebAsyncManagerIntegrationFilter@3f2bf80d, org.springframework.security.web.context.SecurityContextHolderFilter@2e41e0c, org.springframework.security.web.header.HeaderWriterFilter@517fb2c3, org.springframework.security.web.csrf.CsrfFilter@4b02dc4e, org.springframework.security.web.authentication.logout.LogoutFilter@16bbb59c, org.springframework.security.web.authentication.UsernamePasswordAuthenticationFilter@1a9e2c3b, org.springframework.security.web.authentication.ui.DefaultLoginPageGeneratingFilter@31a9eaa, org.springframework.security.web.authentication.ui.DefaultLogoutPageGeneratingFilter@6cb5a64d, org.springframework.security.web.authentication.www.BasicAuthenticationFilter@1d4b0a07, org.springframework.security.web.savedrequest.RequestCacheAwareFilter@622e39d, org.springframework.security.web.servletapi.SecurityContextHolderAwareRequestFilter@54dc163a, org.springframework.security.web.authentication.AnonymousAuthenticationFilter@729eef5f, org.springframework.security.web.access.ExceptionTranslationFilter@738ed8d3, org.springframework.security.web.access.intercept.AuthorizationFilter@173da924]
2024-02-19 17:33:18.726 INFO  - LAP-NFS1192 - Starting ProtocolHandler ["http-nio-9010"]
2024-02-19 17:33:18.757 INFO  - LAP-NFS1192 - Tomcat started on port(s): 9010 (http) with context path ''
2024-02-19 17:33:18.772 INFO  - LAP-NFS1192 - Started KhataApplication in 7.323 seconds (process running for 8.265)
2024-02-19 17:34:02.326 INFO  - LAP-NFS1192 - Starting KhataApplication using Java 17.0.8.1 with PID 3160 (D:\JKD17WorkSpace\Personal\khata\target\classes started by Administrator in D:\JKD17WorkSpace\Personal\khata)
2024-02-19 17:34:02.330 INFO  - LAP-NFS1192 - No active profile set, falling back to 1 default profile: "default"
2024-02-19 17:34:03.310 INFO  - LAP-NFS1192 - Bootstrapping Spring Data JPA repositories in DEFAULT mode.
2024-02-19 17:34:03.399 INFO  - LAP-NFS1192 - Finished Spring Data repository scanning in 76 ms. Found 2 JPA repository interfaces.
2024-02-19 17:34:04.310 INFO  - LAP-NFS1192 - Tomcat initialized with port(s): 9010 (http)
2024-02-19 17:34:04.321 INFO  - LAP-NFS1192 - Initializing ProtocolHandler ["http-nio-9010"]
2024-02-19 17:34:04.325 INFO  - LAP-NFS1192 - Starting service [Tomcat]
2024-02-19 17:34:04.325 INFO  - LAP-NFS1192 - Starting Servlet engine: [Apache Tomcat/10.1.15]
2024-02-19 17:34:04.485 INFO  - LAP-NFS1192 - Initializing Spring embedded WebApplicationContext
2024-02-19 17:34:04.488 INFO  - LAP-NFS1192 - Root WebApplicationContext: initialization completed in 2078 ms
2024-02-19 17:34:05.248 INFO  - LAP-NFS1192 - No LoadTimeWeaver setup: ignoring JPA class transformer
2024-02-19 17:34:05.287 INFO  - LAP-NFS1192 - HikariPool-1 - Starting...
2024-02-19 17:34:05.554 INFO  - LAP-NFS1192 - HikariPool-1 - Added connection com.mysql.cj.jdbc.ConnectionImpl@69a73867
2024-02-19 17:34:05.557 INFO  - LAP-NFS1192 - HikariPool-1 - Start completed.
2024-02-19 17:34:06.963 INFO  - LAP-NFS1192 - Initialized JPA EntityManagerFactory for persistence unit 'default'
2024-02-19 17:34:07.446 WARN  - LAP-NFS1192 - spring.jpa.open-in-view is enabled by default. Therefore, database queries may be performed during view rendering. Explicitly configure spring.jpa.open-in-view to disable this warning
2024-02-19 17:34:08.188 WARN  - LAP-NFS1192 - 

Using generated security password: 416b7391-4b36-4cf8-b780-ca20e887603e

This generated password is for development use only. Your security configuration must be updated before running your application in production.

2024-02-19 17:34:08.324 INFO  - LAP-NFS1192 - Will secure any request with [org.springframework.security.web.session.DisableEncodeUrlFilter@5d4af473, org.springframework.security.web.context.request.async.WebAsyncManagerIntegrationFilter@31f96cf, org.springframework.security.web.context.SecurityContextHolderFilter@5c7c22ce, org.springframework.security.web.header.HeaderWriterFilter@6db84cae, org.springframework.security.web.csrf.CsrfFilter@60b8c05c, org.springframework.security.web.authentication.logout.LogoutFilter@20e4e27f, org.springframework.security.web.authentication.UsernamePasswordAuthenticationFilter@5653429e, org.springframework.security.web.authentication.ui.DefaultLoginPageGeneratingFilter@45f32b12, org.springframework.security.web.authentication.ui.DefaultLogoutPageGeneratingFilter@3dc5eb8f, org.springframework.security.web.authentication.www.BasicAuthenticationFilter@18d8da77, org.springframework.security.web.savedrequest.RequestCacheAwareFilter@328b2c2a, org.springframework.security.web.servletapi.SecurityContextHolderAwareRequestFilter@2e41e0c, org.springframework.security.web.authentication.AnonymousAuthenticationFilter@1d4b0a07, org.springframework.security.web.access.ExceptionTranslationFilter@4822fc53, org.springframework.security.web.access.intercept.AuthorizationFilter@1d0f03f6]
2024-02-19 17:34:08.365 INFO  - LAP-NFS1192 - Starting ProtocolHandler ["http-nio-9010"]
2024-02-19 17:34:08.391 INFO  - LAP-NFS1192 - Tomcat started on port(s): 9010 (http) with context path ''
2024-02-19 17:34:08.402 INFO  - LAP-NFS1192 - Started KhataApplication in 6.85 seconds (process running for 7.876)
2024-02-19 17:35:26.408 INFO  - LAP-NFS1192 - Starting KhataApplication using Java 17.0.8.1 with PID 41716 (D:\JKD17WorkSpace\Personal\khata\target\classes started by Administrator in D:\JKD17WorkSpace\Personal\khata)
2024-02-19 17:35:26.412 INFO  - LAP-NFS1192 - No active profile set, falling back to 1 default profile: "default"
2024-02-19 17:35:27.471 INFO  - LAP-NFS1192 - Bootstrapping Spring Data JPA repositories in DEFAULT mode.
2024-02-19 17:35:27.561 INFO  - LAP-NFS1192 - Finished Spring Data repository scanning in 77 ms. Found 2 JPA repository interfaces.
2024-02-19 17:35:28.394 INFO  - LAP-NFS1192 - Tomcat initialized with port(s): 9010 (http)
2024-02-19 17:35:28.407 INFO  - LAP-NFS1192 - Initializing ProtocolHandler ["http-nio-9010"]
2024-02-19 17:35:28.410 INFO  - LAP-NFS1192 - Starting service [Tomcat]
2024-02-19 17:35:28.410 INFO  - LAP-NFS1192 - Starting Servlet engine: [Apache Tomcat/10.1.15]
2024-02-19 17:35:28.563 INFO  - LAP-NFS1192 - Initializing Spring embedded WebApplicationContext
2024-02-19 17:35:28.564 INFO  - LAP-NFS1192 - Root WebApplicationContext: initialization completed in 2085 ms
2024-02-19 17:35:29.228 INFO  - LAP-NFS1192 - No LoadTimeWeaver setup: ignoring JPA class transformer
2024-02-19 17:35:29.263 INFO  - LAP-NFS1192 - HikariPool-1 - Starting...
2024-02-19 17:35:29.505 INFO  - LAP-NFS1192 - HikariPool-1 - Added connection com.mysql.cj.jdbc.ConnectionImpl@750e2d33
2024-02-19 17:35:29.509 INFO  - LAP-NFS1192 - HikariPool-1 - Start completed.
2024-02-19 17:35:30.797 INFO  - LAP-NFS1192 - Initialized JPA EntityManagerFactory for persistence unit 'default'
2024-02-19 17:35:31.229 WARN  - LAP-NFS1192 - spring.jpa.open-in-view is enabled by default. Therefore, database queries may be performed during view rendering. Explicitly configure spring.jpa.open-in-view to disable this warning
2024-02-19 17:35:31.946 WARN  - LAP-NFS1192 - 

Using generated security password: ce25fd23-1019-43de-ac57-517caf7c1541

This generated password is for development use only. Your security configuration must be updated before running your application in production.

2024-02-19 17:35:32.087 INFO  - LAP-NFS1192 - Will secure any request with [org.springframework.security.web.session.DisableEncodeUrlFilter@46c7e6c0, org.springframework.security.web.context.request.async.WebAsyncManagerIntegrationFilter@701a79b, org.springframework.security.web.context.SecurityContextHolderFilter@45f32b12, org.springframework.security.web.header.HeaderWriterFilter@622e39d, org.springframework.security.web.csrf.CsrfFilter@78fd1179, org.springframework.security.web.authentication.logout.LogoutFilter@78c9c38a, org.springframework.security.web.authentication.UsernamePasswordAuthenticationFilter@502dc93a, org.springframework.security.web.authentication.ui.DefaultLoginPageGeneratingFilter@16a89351, org.springframework.security.web.authentication.ui.DefaultLogoutPageGeneratingFilter@2605433, org.springframework.security.web.authentication.www.BasicAuthenticationFilter@6cb5a64d, org.springframework.security.web.savedrequest.RequestCacheAwareFilter@5bbeb9e3, org.springframework.security.web.servletapi.SecurityContextHolderAwareRequestFilter@31a9eaa, org.springframework.security.web.authentication.AnonymousAuthenticationFilter@40a2fdd2, org.springframework.security.web.access.ExceptionTranslationFilter@2e41e0c, org.springframework.security.web.access.intercept.AuthorizationFilter@18d8da77]
2024-02-19 17:35:32.128 INFO  - LAP-NFS1192 - Starting ProtocolHandler ["http-nio-9010"]
2024-02-19 17:35:32.153 INFO  - LAP-NFS1192 - Tomcat started on port(s): 9010 (http) with context path ''
2024-02-19 17:35:32.166 INFO  - LAP-NFS1192 - Started KhataApplication in 6.458 seconds (process running for 7.406)
2024-02-19 17:49:59.324 INFO  - LAP-NFS1192 - Starting KhataApplication using Java 17.0.8.1 with PID 50028 (D:\JKD17WorkSpace\Personal\khata\target\classes started by Administrator in D:\JKD17WorkSpace\Personal\khata)
2024-02-19 17:49:59.328 INFO  - LAP-NFS1192 - No active profile set, falling back to 1 default profile: "default"
2024-02-19 17:50:00.494 INFO  - LAP-NFS1192 - Bootstrapping Spring Data JPA repositories in DEFAULT mode.
2024-02-19 17:50:00.591 INFO  - LAP-NFS1192 - Finished Spring Data repository scanning in 82 ms. Found 2 JPA repository interfaces.
2024-02-19 17:50:01.816 INFO  - LAP-NFS1192 - Tomcat initialized with port(s): 9010 (http)
2024-02-19 17:50:01.833 INFO  - LAP-NFS1192 - Initializing ProtocolHandler ["http-nio-9010"]
2024-02-19 17:50:01.838 INFO  - LAP-NFS1192 - Starting service [Tomcat]
2024-02-19 17:50:01.838 INFO  - LAP-NFS1192 - Starting Servlet engine: [Apache Tomcat/10.1.15]
2024-02-19 17:50:02.010 INFO  - LAP-NFS1192 - Initializing Spring embedded WebApplicationContext
2024-02-19 17:50:02.012 INFO  - LAP-NFS1192 - Root WebApplicationContext: initialization completed in 2606 ms
2024-02-19 17:50:02.911 INFO  - LAP-NFS1192 - No LoadTimeWeaver setup: ignoring JPA class transformer
2024-02-19 17:50:02.962 INFO  - LAP-NFS1192 - HikariPool-1 - Starting...
2024-02-19 17:50:03.249 INFO  - LAP-NFS1192 - HikariPool-1 - Added connection com.mysql.cj.jdbc.ConnectionImpl@252c6cdb
2024-02-19 17:50:03.252 INFO  - LAP-NFS1192 - HikariPool-1 - Start completed.
2024-02-19 17:50:05.358 INFO  - LAP-NFS1192 - Initialized JPA EntityManagerFactory for persistence unit 'default'
2024-02-19 17:50:06.119 WARN  - LAP-NFS1192 - spring.jpa.open-in-view is enabled by default. Therefore, database queries may be performed during view rendering. Explicitly configure spring.jpa.open-in-view to disable this warning
2024-02-19 17:50:07.376 WARN  - LAP-NFS1192 - 

Using generated security password: c31cd569-0acd-44d4-9d07-1106961eaac1

This generated password is for development use only. Your security configuration must be updated before running your application in production.

2024-02-19 17:50:07.574 INFO  - LAP-NFS1192 - Will secure any request with [org.springframework.security.web.session.DisableEncodeUrlFilter@137a9d69, org.springframework.security.web.context.request.async.WebAsyncManagerIntegrationFilter@12faeada, org.springframework.security.web.context.SecurityContextHolderFilter@216de23a, org.springframework.security.web.header.HeaderWriterFilter@3c5d60db, org.springframework.security.web.csrf.CsrfFilter@1aade3c, org.springframework.security.web.authentication.logout.LogoutFilter@56c7e2d1, org.springframework.security.web.authentication.UsernamePasswordAuthenticationFilter@6a35cccf, org.springframework.security.web.authentication.ui.DefaultLoginPageGeneratingFilter@59eb987a, org.springframework.security.web.authentication.ui.DefaultLogoutPageGeneratingFilter@73a5cc47, org.springframework.security.web.authentication.www.BasicAuthenticationFilter@20a434a8, org.springframework.security.web.savedrequest.RequestCacheAwareFilter@7c290246, org.springframework.security.web.servletapi.SecurityContextHolderAwareRequestFilter@78b293a, org.springframework.security.web.authentication.AnonymousAuthenticationFilter@17fa25f1, org.springframework.security.web.access.ExceptionTranslationFilter@1abb719a, org.springframework.security.web.access.intercept.AuthorizationFilter@139da216]
2024-02-19 17:50:07.674 INFO  - LAP-NFS1192 - Starting ProtocolHandler ["http-nio-9010"]
2024-02-19 17:50:07.765 INFO  - LAP-NFS1192 - Tomcat started on port(s): 9010 (http) with context path ''
2024-02-19 17:50:07.802 INFO  - LAP-NFS1192 - Started KhataApplication in 9.296 seconds (process running for 10.27)
2024-02-19 18:06:56.076 INFO  - LAP-NFS1192 - Initializing Spring DispatcherServlet 'dispatcherServlet'
2024-02-19 18:07:33.925 INFO  - LAP-NFS1192 - REST Request - [HTTP METHOD:GET] [PATH INFO:/] [REQUEST PARAMETERS:{}] [REQUEST BODY:] [REMOTE ADDRESS:0:0:0:0:0:0:0:1] [RESPONSE:Hello World]
2024-02-19 18:07:43.003 INFO  - LAP-NFS1192 - REST Request - [HTTP METHOD:GET] [PATH INFO:/] [REQUEST PARAMETERS:{}] [REQUEST BODY:] [REMOTE ADDRESS:0:0:0:0:0:0:0:1] [RESPONSE:Hello World]
2024-02-19 18:07:43.308 INFO  - LAP-NFS1192 - REST Request - [HTTP METHOD:GET] [PATH INFO:/] [REQUEST PARAMETERS:{}] [REQUEST BODY:] [REMOTE ADDRESS:0:0:0:0:0:0:0:1] [RESPONSE:Hello World]
2024-02-19 18:07:44.849 INFO  - LAP-NFS1192 - REST Request - [HTTP METHOD:GET] [PATH INFO:/] [REQUEST PARAMETERS:{}] [REQUEST BODY:] [REMOTE ADDRESS:0:0:0:0:0:0:0:1] [RESPONSE:Hello World]
2024-02-19 18:07:45.029 INFO  - LAP-NFS1192 - REST Request - [HTTP METHOD:GET] [PATH INFO:/] [REQUEST PARAMETERS:{}] [REQUEST BODY:] [REMOTE ADDRESS:0:0:0:0:0:0:0:1] [RESPONSE:Hello World]
2024-02-19 18:07:45.202 INFO  - LAP-NFS1192 - REST Request - [HTTP METHOD:GET] [PATH INFO:/] [REQUEST PARAMETERS:{}] [REQUEST BODY:] [REMOTE ADDRESS:0:0:0:0:0:0:0:1] [RESPONSE:Hello World]
2024-02-19 18:07:45.384 INFO  - LAP-NFS1192 - REST Request - [HTTP METHOD:GET] [PATH INFO:/] [REQUEST PARAMETERS:{}] [REQUEST BODY:] [REMOTE ADDRESS:0:0:0:0:0:0:0:1] [RESPONSE:Hello World]
2024-02-19 18:07:45.538 INFO  - LAP-NFS1192 - REST Request - [HTTP METHOD:GET] [PATH INFO:/] [REQUEST PARAMETERS:{}] [REQUEST BODY:] [REMOTE ADDRESS:0:0:0:0:0:0:0:1] [RESPONSE:Hello World]
2024-02-19 18:07:46.050 INFO  - LAP-NFS1192 - REST Request - [HTTP METHOD:GET] [PATH INFO:/] [REQUEST PARAMETERS:{}] [REQUEST BODY:] [REMOTE ADDRESS:0:0:0:0:0:0:0:1] [RESPONSE:Hello World]
2024-02-19 18:07:46.192 INFO  - LAP-NFS1192 - REST Request - [HTTP METHOD:GET] [PATH INFO:/] [REQUEST PARAMETERS:{}] [REQUEST BODY:] [REMOTE ADDRESS:0:0:0:0:0:0:0:1] [RESPONSE:Hello World]
2024-02-19 18:07:46.337 INFO  - LAP-NFS1192 - REST Request - [HTTP METHOD:GET] [PATH INFO:/] [REQUEST PARAMETERS:{}] [REQUEST BODY:] [REMOTE ADDRESS:0:0:0:0:0:0:0:1] [RESPONSE:Hello World]
2024-02-19 18:07:49.958 ERROR - LAP-NFS1192 - Cannot invoke "java.io.ByteArrayOutputStream.toString()" because "this.bos" is null
2024-02-19 18:08:03.617 ERROR - LAP-NFS1192 - Cannot invoke "java.io.ByteArrayOutputStream.toString()" because "this.bos" is null
2024-02-19 18:08:12.201 ERROR - LAP-NFS1192 - Cannot invoke "java.io.ByteArrayOutputStream.toString()" because "this.bos" is null
2024-02-20 13:32:22.022 INFO  - LAP-NFS1192 - Starting KhataApplication using Java 17.0.8.1 with PID 33780 (D:\JKD17WorkSpace\Personal\khata\target\classes started by Administrator in D:\JKD17WorkSpace\Personal\khata)
2024-02-20 13:32:22.025 INFO  - LAP-NFS1192 - No active profile set, falling back to 1 default profile: "default"
2024-02-20 13:32:22.741 INFO  - LAP-NFS1192 - Bootstrapping Spring Data JPA repositories in DEFAULT mode.
2024-02-20 13:32:22.805 INFO  - LAP-NFS1192 - Finished Spring Data repository scanning in 56 ms. Found 2 JPA repository interfaces.
2024-02-20 13:32:23.379 INFO  - LAP-NFS1192 - Tomcat initialized with port(s): 9010 (http)
2024-02-20 13:32:23.386 INFO  - LAP-NFS1192 - Initializing ProtocolHandler ["http-nio-9010"]
2024-02-20 13:32:23.389 INFO  - LAP-NFS1192 - Starting service [Tomcat]
2024-02-20 13:32:23.389 INFO  - LAP-NFS1192 - Starting Servlet engine: [Apache Tomcat/10.1.15]
2024-02-20 13:32:23.495 INFO  - LAP-NFS1192 - Initializing Spring embedded WebApplicationContext
2024-02-20 13:32:23.496 INFO  - LAP-NFS1192 - Root WebApplicationContext: initialization completed in 1414 ms
2024-02-20 13:32:23.972 INFO  - LAP-NFS1192 - No LoadTimeWeaver setup: ignoring JPA class transformer
2024-02-20 13:32:24.000 INFO  - LAP-NFS1192 - HikariPool-1 - Starting...
2024-02-20 13:32:24.175 INFO  - LAP-NFS1192 - HikariPool-1 - Added connection com.mysql.cj.jdbc.ConnectionImpl@401ec794
2024-02-20 13:32:24.177 INFO  - LAP-NFS1192 - HikariPool-1 - Start completed.
2024-02-20 13:32:25.189 INFO  - LAP-NFS1192 - Initialized JPA EntityManagerFactory for persistence unit 'default'
2024-02-20 13:32:25.542 WARN  - LAP-NFS1192 - spring.jpa.open-in-view is enabled by default. Therefore, database queries may be performed during view rendering. Explicitly configure spring.jpa.open-in-view to disable this warning
2024-02-20 13:32:26.167 WARN  - LAP-NFS1192 - 

Using generated security password: e0525e82-d52d-4ec4-8f7d-fa0661ef1a5d

This generated password is for development use only. Your security configuration must be updated before running your application in production.

2024-02-20 13:32:26.291 INFO  - LAP-NFS1192 - Will secure any request with [org.springframework.security.web.session.DisableEncodeUrlFilter@608b74f3, org.springframework.security.web.context.request.async.WebAsyncManagerIntegrationFilter@1ef8f7e6, org.springframework.security.web.context.SecurityContextHolderFilter@4b98c80c, org.springframework.security.web.header.HeaderWriterFilter@6dd59886, org.springframework.security.web.csrf.CsrfFilter@2e871e93, org.springframework.security.web.authentication.logout.LogoutFilter@6a450cb5, org.springframework.security.web.authentication.UsernamePasswordAuthenticationFilter@71d0ad00, org.springframework.security.web.authentication.ui.DefaultLoginPageGeneratingFilter@216de23a, org.springframework.security.web.authentication.ui.DefaultLogoutPageGeneratingFilter@5a6f1342, org.springframework.security.web.authentication.www.BasicAuthenticationFilter@139da216, org.springframework.security.web.savedrequest.RequestCacheAwareFilter@52539624, org.springframework.security.web.servletapi.SecurityContextHolderAwareRequestFilter@1abb719a, org.springframework.security.web.authentication.AnonymousAuthenticationFilter@650d5a3d, org.springframework.security.web.access.ExceptionTranslationFilter@599cf2cd, org.springframework.security.web.access.intercept.AuthorizationFilter@26c494d7]
2024-02-20 13:32:26.327 INFO  - LAP-NFS1192 - Starting ProtocolHandler ["http-nio-9010"]
2024-02-20 13:32:26.349 INFO  - LAP-NFS1192 - Tomcat started on port(s): 9010 (http) with context path ''
2024-02-20 13:32:26.358 INFO  - LAP-NFS1192 - Started KhataApplication in 4.812 seconds (process running for 5.492)
2024-02-20 13:33:12.492 INFO  - LAP-NFS1192 - Initializing Spring DispatcherServlet 'dispatcherServlet'
2024-02-20 13:34:56.362 INFO  - LAP-NFS1192 - Starting KhataApplication using Java 17.0.8.1 with PID 51760 (D:\JKD17WorkSpace\Personal\khata\target\classes started by Administrator in D:\JKD17WorkSpace\Personal\khata)
2024-02-20 13:34:56.364 INFO  - LAP-NFS1192 - No active profile set, falling back to 1 default profile: "default"
2024-02-20 13:34:57.024 INFO  - LAP-NFS1192 - Bootstrapping Spring Data JPA repositories in DEFAULT mode.
2024-02-20 13:34:57.103 INFO  - LAP-NFS1192 - Finished Spring Data repository scanning in 72 ms. Found 2 JPA repository interfaces.
2024-02-20 13:34:57.703 INFO  - LAP-NFS1192 - Tomcat initialized with port(s): 9010 (http)
2024-02-20 13:34:57.712 INFO  - LAP-NFS1192 - Initializing ProtocolHandler ["http-nio-9010"]
2024-02-20 13:34:57.714 INFO  - LAP-NFS1192 - Starting service [Tomcat]
2024-02-20 13:34:57.714 INFO  - LAP-NFS1192 - Starting Servlet engine: [Apache Tomcat/10.1.15]
2024-02-20 13:34:57.818 INFO  - LAP-NFS1192 - Initializing Spring embedded WebApplicationContext
2024-02-20 13:34:57.819 INFO  - LAP-NFS1192 - Root WebApplicationContext: initialization completed in 1411 ms
2024-02-20 13:34:58.293 INFO  - LAP-NFS1192 - No LoadTimeWeaver setup: ignoring JPA class transformer
2024-02-20 13:34:58.327 INFO  - LAP-NFS1192 - HikariPool-1 - Starting...
2024-02-20 13:34:58.496 INFO  - LAP-NFS1192 - HikariPool-1 - Added connection com.mysql.cj.jdbc.ConnectionImpl@4809c771
2024-02-20 13:34:58.498 INFO  - LAP-NFS1192 - HikariPool-1 - Start completed.
2024-02-20 13:34:59.394 INFO  - LAP-NFS1192 - Initialized JPA EntityManagerFactory for persistence unit 'default'
2024-02-20 13:34:59.726 WARN  - LAP-NFS1192 - spring.jpa.open-in-view is enabled by default. Therefore, database queries may be performed during view rendering. Explicitly configure spring.jpa.open-in-view to disable this warning
2024-02-20 13:35:00.270 WARN  - LAP-NFS1192 - 

Using generated security password: 7155c61a-2b54-4bd5-bb94-b41ca3a5ef02

This generated password is for development use only. Your security configuration must be updated before running your application in production.

2024-02-20 13:35:00.368 INFO  - LAP-NFS1192 - Will secure any request with [org.springframework.security.web.session.DisableEncodeUrlFilter@2553fbd0, org.springframework.security.web.context.request.async.WebAsyncManagerIntegrationFilter@2a8081f5, org.springframework.security.web.context.SecurityContextHolderFilter@1abb719a, org.springframework.security.web.header.HeaderWriterFilter@1001b435, org.springframework.security.web.csrf.CsrfFilter@27ea7c8f, org.springframework.security.web.authentication.logout.LogoutFilter@747476f1, org.springframework.security.web.authentication.UsernamePasswordAuthenticationFilter@3bb6b9ab, org.springframework.security.web.authentication.ui.DefaultLoginPageGeneratingFilter@78b293a, org.springframework.security.web.authentication.ui.DefaultLogoutPageGeneratingFilter@20a434a8, org.springframework.security.web.authentication.www.BasicAuthenticationFilter@650d5a3d, org.springframework.security.web.savedrequest.RequestCacheAwareFilter@3c5d60db, org.springframework.security.web.servletapi.SecurityContextHolderAwareRequestFilter@76e10574, org.springframework.security.web.authentication.AnonymousAuthenticationFilter@7ecca48, org.springframework.security.web.access.ExceptionTranslationFilter@a486851, org.springframework.security.web.access.intercept.AuthorizationFilter@31406eab]
2024-02-20 13:35:00.401 INFO  - LAP-NFS1192 - Starting ProtocolHandler ["http-nio-9010"]
2024-02-20 13:35:00.420 INFO  - LAP-NFS1192 - Tomcat started on port(s): 9010 (http) with context path ''
2024-02-20 13:35:00.429 INFO  - LAP-NFS1192 - Started KhataApplication in 4.594 seconds (process running for 5.319)
2024-02-20 13:35:03.560 INFO  - LAP-NFS1192 - Initializing Spring DispatcherServlet 'dispatcherServlet'
2024-02-20 13:37:03.831 INFO  - LAP-NFS1192 - REST Request - [HTTP METHOD:GET] [PATH INFO:/] [REQUEST PARAMETERS:{}] [REQUEST BODY:] [REMOTE ADDRESS:0:0:0:0:0:0:0:1] [RESPONSE:Hello World]
2024-02-20 13:41:31.261 INFO  - LAP-NFS1192 - Starting KhataApplication using Java 17.0.8.1 with PID 33360 (D:\JKD17WorkSpace\Personal\khata\target\classes started by Administrator in D:\JKD17WorkSpace\Personal\khata)
2024-02-20 13:41:31.264 INFO  - LAP-NFS1192 - No active profile set, falling back to 1 default profile: "default"
2024-02-20 13:41:31.981 INFO  - LAP-NFS1192 - Bootstrapping Spring Data JPA repositories in DEFAULT mode.
2024-02-20 13:41:32.042 INFO  - LAP-NFS1192 - Finished Spring Data repository scanning in 55 ms. Found 2 JPA repository interfaces.
2024-02-20 13:41:32.616 INFO  - LAP-NFS1192 - Tomcat initialized with port(s): 9010 (http)
2024-02-20 13:41:32.623 INFO  - LAP-NFS1192 - Initializing ProtocolHandler ["http-nio-9010"]
2024-02-20 13:41:32.625 INFO  - LAP-NFS1192 - Starting service [Tomcat]
2024-02-20 13:41:32.625 INFO  - LAP-NFS1192 - Starting Servlet engine: [Apache Tomcat/10.1.15]
2024-02-20 13:41:32.726 INFO  - LAP-NFS1192 - Initializing Spring embedded WebApplicationContext
2024-02-20 13:41:32.727 INFO  - LAP-NFS1192 - Root WebApplicationContext: initialization completed in 1407 ms
2024-02-20 13:41:33.247 INFO  - LAP-NFS1192 - No LoadTimeWeaver setup: ignoring JPA class transformer
2024-02-20 13:41:33.276 INFO  - LAP-NFS1192 - HikariPool-1 - Starting...
2024-02-20 13:41:33.435 INFO  - LAP-NFS1192 - HikariPool-1 - Added connection com.mysql.cj.jdbc.ConnectionImpl@252c6cdb
2024-02-20 13:41:33.437 INFO  - LAP-NFS1192 - HikariPool-1 - Start completed.
2024-02-20 13:41:34.444 INFO  - LAP-NFS1192 - Initialized JPA EntityManagerFactory for persistence unit 'default'
2024-02-20 13:41:34.782 WARN  - LAP-NFS1192 - spring.jpa.open-in-view is enabled by default. Therefore, database queries may be performed during view rendering. Explicitly configure spring.jpa.open-in-view to disable this warning
2024-02-20 13:41:35.371 WARN  - LAP-NFS1192 - 

Using generated security password: 523eb856-e1eb-49c3-9274-dfe2468bec52

This generated password is for development use only. Your security configuration must be updated before running your application in production.

2024-02-20 13:41:35.469 INFO  - LAP-NFS1192 - Will secure any request with [org.springframework.security.web.session.DisableEncodeUrlFilter@7ecca48, org.springframework.security.web.context.request.async.WebAsyncManagerIntegrationFilter@3d5b2c1e, org.springframework.security.web.context.SecurityContextHolderFilter@515b7335, org.springframework.security.web.header.HeaderWriterFilter@1abb719a, org.springframework.security.web.csrf.CsrfFilter@7a8e35d1, org.springframework.security.web.authentication.logout.LogoutFilter@26c494d7, org.springframework.security.web.authentication.UsernamePasswordAuthenticationFilter@1de83be1, org.springframework.security.web.authentication.ui.DefaultLoginPageGeneratingFilter@49318c2a, org.springframework.security.web.authentication.ui.DefaultLogoutPageGeneratingFilter@137a9d69, org.springframework.security.web.authentication.www.BasicAuthenticationFilter@2553fbd0, org.springframework.security.web.savedrequest.RequestCacheAwareFilter@216de23a, org.springframework.security.web.servletapi.SecurityContextHolderAwareRequestFilter@4d305059, org.springframework.security.web.authentication.AnonymousAuthenticationFilter@12faeada, org.springframework.security.web.access.ExceptionTranslationFilter@1dd4c691, org.springframework.security.web.access.intercept.AuthorizationFilter@2f6f2d91]
2024-02-20 13:41:35.498 INFO  - LAP-NFS1192 - Starting ProtocolHandler ["http-nio-9010"]
2024-02-20 13:41:35.516 INFO  - LAP-NFS1192 - Tomcat started on port(s): 9010 (http) with context path ''
2024-02-20 13:41:35.524 INFO  - LAP-NFS1192 - Started KhataApplication in 4.769 seconds (process running for 5.499)
2024-02-20 13:41:38.882 INFO  - LAP-NFS1192 - Initializing Spring DispatcherServlet 'dispatcherServlet'
2024-02-20 13:42:01.008 INFO  - LAP-NFS1192 - Starting KhataApplication using Java 17.0.8.1 with PID 44464 (D:\JKD17WorkSpace\Personal\khata\target\classes started by Administrator in D:\JKD17WorkSpace\Personal\khata)
2024-02-20 13:42:01.011 INFO  - LAP-NFS1192 - No active profile set, falling back to 1 default profile: "default"
2024-02-20 13:42:01.672 INFO  - LAP-NFS1192 - Bootstrapping Spring Data JPA repositories in DEFAULT mode.
2024-02-20 13:42:01.746 INFO  - LAP-NFS1192 - Finished Spring Data repository scanning in 63 ms. Found 2 JPA repository interfaces.
2024-02-20 13:42:02.292 INFO  - LAP-NFS1192 - Tomcat initialized with port(s): 9010 (http)
2024-02-20 13:42:02.300 INFO  - LAP-NFS1192 - Initializing ProtocolHandler ["http-nio-9010"]
2024-02-20 13:42:02.302 INFO  - LAP-NFS1192 - Starting service [Tomcat]
2024-02-20 13:42:02.302 INFO  - LAP-NFS1192 - Starting Servlet engine: [Apache Tomcat/10.1.15]
2024-02-20 13:42:02.414 INFO  - LAP-NFS1192 - Initializing Spring embedded WebApplicationContext
2024-02-20 13:42:02.416 INFO  - LAP-NFS1192 - Root WebApplicationContext: initialization completed in 1360 ms
2024-02-20 13:42:02.914 INFO  - LAP-NFS1192 - No LoadTimeWeaver setup: ignoring JPA class transformer
2024-02-20 13:42:02.940 INFO  - LAP-NFS1192 - HikariPool-1 - Starting...
2024-02-20 13:42:03.100 INFO  - LAP-NFS1192 - HikariPool-1 - Added connection com.mysql.cj.jdbc.ConnectionImpl@277bc3a5
2024-02-20 13:42:03.103 INFO  - LAP-NFS1192 - HikariPool-1 - Start completed.
2024-02-20 13:42:04.072 INFO  - LAP-NFS1192 - Initialized JPA EntityManagerFactory for persistence unit 'default'
2024-02-20 13:42:04.443 WARN  - LAP-NFS1192 - spring.jpa.open-in-view is enabled by default. Therefore, database queries may be performed during view rendering. Explicitly configure spring.jpa.open-in-view to disable this warning
2024-02-20 13:42:05.013 WARN  - LAP-NFS1192 - 

Using generated security password: f61d4b8a-7a66-47da-ad31-081da0469a1e

This generated password is for development use only. Your security configuration must be updated before running your application in production.

2024-02-20 13:42:05.110 INFO  - LAP-NFS1192 - Will secure any request with [org.springframework.security.web.session.DisableEncodeUrlFilter@2a8081f5, org.springframework.security.web.context.request.async.WebAsyncManagerIntegrationFilter@20a434a8, org.springframework.security.web.context.SecurityContextHolderFilter@706dee4, org.springframework.security.web.header.HeaderWriterFilter@1dd4c691, org.springframework.security.web.csrf.CsrfFilter@17e31657, org.springframework.security.web.authentication.logout.LogoutFilter@6238b10a, org.springframework.security.web.authentication.UsernamePasswordAuthenticationFilter@31f90517, org.springframework.security.web.authentication.ui.DefaultLoginPageGeneratingFilter@146b4c6c, org.springframework.security.web.authentication.ui.DefaultLogoutPageGeneratingFilter@7ecca48, org.springframework.security.web.authentication.www.BasicAuthenticationFilter@5e9a9683, org.springframework.security.web.savedrequest.RequestCacheAwareFilter@515b7335, org.springframework.security.web.servletapi.SecurityContextHolderAwareRequestFilter@7c290246, org.springframework.security.web.authentication.AnonymousAuthenticationFilter@3d5b2c1e, org.springframework.security.web.access.ExceptionTranslationFilter@52539624, org.springframework.security.web.access.intercept.AuthorizationFilter@3bb6b9ab]
2024-02-20 13:42:05.142 INFO  - LAP-NFS1192 - Starting ProtocolHandler ["http-nio-9010"]
2024-02-20 13:42:05.159 INFO  - LAP-NFS1192 - Tomcat started on port(s): 9010 (http) with context path ''
2024-02-20 13:42:05.167 INFO  - LAP-NFS1192 - Started KhataApplication in 4.598 seconds (process running for 5.305)
2024-02-20 13:42:11.639 INFO  - LAP-NFS1192 - Initializing Spring DispatcherServlet 'dispatcherServlet'
2024-02-20 13:42:29.615 INFO  - LAP-NFS1192 - Starting KhataApplication using Java 17.0.8.1 with PID 53200 (D:\JKD17WorkSpace\Personal\khata\target\classes started by Administrator in D:\JKD17WorkSpace\Personal\khata)
2024-02-20 13:42:29.617 INFO  - LAP-NFS1192 - No active profile set, falling back to 1 default profile: "default"
2024-02-20 13:42:30.425 INFO  - LAP-NFS1192 - Bootstrapping Spring Data JPA repositories in DEFAULT mode.
2024-02-20 13:42:30.485 INFO  - LAP-NFS1192 - Finished Spring Data repository scanning in 52 ms. Found 2 JPA repository interfaces.
2024-02-20 13:42:31.034 INFO  - LAP-NFS1192 - Tomcat initialized with port(s): 9010 (http)
2024-02-20 13:42:31.057 INFO  - LAP-NFS1192 - Initializing ProtocolHandler ["http-nio-9010"]
2024-02-20 13:42:31.060 INFO  - LAP-NFS1192 - Starting service [Tomcat]
2024-02-20 13:42:31.060 INFO  - LAP-NFS1192 - Starting Servlet engine: [Apache Tomcat/10.1.15]
2024-02-20 13:42:31.257 INFO  - LAP-NFS1192 - Initializing Spring embedded WebApplicationContext
2024-02-20 13:42:31.260 INFO  - LAP-NFS1192 - Root WebApplicationContext: initialization completed in 1601 ms
2024-02-20 13:42:31.862 INFO  - LAP-NFS1192 - No LoadTimeWeaver setup: ignoring JPA class transformer
2024-02-20 13:42:31.889 INFO  - LAP-NFS1192 - HikariPool-1 - Starting...
2024-02-20 13:42:32.046 INFO  - LAP-NFS1192 - HikariPool-1 - Added connection com.mysql.cj.jdbc.ConnectionImpl@5f7cd50e
2024-02-20 13:42:32.048 INFO  - LAP-NFS1192 - HikariPool-1 - Start completed.
2024-02-20 13:42:32.897 INFO  - LAP-NFS1192 - Initialized JPA EntityManagerFactory for persistence unit 'default'
2024-02-20 13:42:33.221 WARN  - LAP-NFS1192 - spring.jpa.open-in-view is enabled by default. Therefore, database queries may be performed during view rendering. Explicitly configure spring.jpa.open-in-view to disable this warning
2024-02-20 13:42:33.747 WARN  - LAP-NFS1192 - 

Using generated security password: 2f4c6686-5f5d-49ed-8826-37c93ee9e332

This generated password is for development use only. Your security configuration must be updated before running your application in production.

2024-02-20 13:42:33.845 INFO  - LAP-NFS1192 - Will secure any request with [org.springframework.security.web.session.DisableEncodeUrlFilter@1ef8f7e6, org.springframework.security.web.context.request.async.WebAsyncManagerIntegrationFilter@5a6f1342, org.springframework.security.web.context.SecurityContextHolderFilter@a486851, org.springframework.security.web.header.HeaderWriterFilter@65a7bc80, org.springframework.security.web.csrf.CsrfFilter@6c2063e0, org.springframework.security.web.authentication.logout.LogoutFilter@c4bb119, org.springframework.security.web.authentication.UsernamePasswordAuthenticationFilter@56c7e2d1, org.springframework.security.web.authentication.ui.DefaultLoginPageGeneratingFilter@76e10574, org.springframework.security.web.authentication.ui.DefaultLogoutPageGeneratingFilter@650d5a3d, org.springframework.security.web.authentication.www.BasicAuthenticationFilter@6a35cccf, org.springframework.security.web.savedrequest.RequestCacheAwareFilter@1001b435, org.springframework.security.web.servletapi.SecurityContextHolderAwareRequestFilter@706dee4, org.springframework.security.web.authentication.AnonymousAuthenticationFilter@5e9a9683, org.springframework.security.web.access.ExceptionTranslationFilter@52984065, org.springframework.security.web.access.intercept.AuthorizationFilter@71d0ad00]
2024-02-20 13:42:33.878 INFO  - LAP-NFS1192 - Starting ProtocolHandler ["http-nio-9010"]
2024-02-20 13:42:33.896 INFO  - LAP-NFS1192 - Tomcat started on port(s): 9010 (http) with context path ''
2024-02-20 13:42:33.903 INFO  - LAP-NFS1192 - Started KhataApplication in 4.745 seconds (process running for 5.624)
2024-02-20 13:43:15.893 INFO  - LAP-NFS1192 - Initializing Spring DispatcherServlet 'dispatcherServlet'
2024-02-20 13:53:16.187 INFO  - LAP-NFS1192 - Starting KhataApplication using Java 17.0.8.1 with PID 51376 (D:\JKD17WorkSpace\Personal\khata\target\classes started by Administrator in D:\JKD17WorkSpace\Personal\khata)
2024-02-20 13:53:16.190 INFO  - LAP-NFS1192 - No active profile set, falling back to 1 default profile: "default"
2024-02-20 13:53:17.196 INFO  - LAP-NFS1192 - Bootstrapping Spring Data JPA repositories in DEFAULT mode.
2024-02-20 13:53:17.297 INFO  - LAP-NFS1192 - Finished Spring Data repository scanning in 89 ms. Found 2 JPA repository interfaces.
2024-02-20 13:53:18.105 INFO  - LAP-NFS1192 - Tomcat initialized with port(s): 9010 (http)
2024-02-20 13:53:18.117 INFO  - LAP-NFS1192 - Initializing ProtocolHandler ["http-nio-9010"]
2024-02-20 13:53:18.120 INFO  - LAP-NFS1192 - Starting service [Tomcat]
2024-02-20 13:53:18.121 INFO  - LAP-NFS1192 - Starting Servlet engine: [Apache Tomcat/10.1.15]
2024-02-20 13:53:18.275 INFO  - LAP-NFS1192 - Initializing Spring embedded WebApplicationContext
2024-02-20 13:53:18.278 INFO  - LAP-NFS1192 - Root WebApplicationContext: initialization completed in 2012 ms
2024-02-20 13:53:18.989 INFO  - LAP-NFS1192 - No LoadTimeWeaver setup: ignoring JPA class transformer
2024-02-20 13:53:19.029 INFO  - LAP-NFS1192 - HikariPool-1 - Starting...
2024-02-20 13:53:19.252 INFO  - LAP-NFS1192 - HikariPool-1 - Added connection com.mysql.cj.jdbc.ConnectionImpl@277bc3a5
2024-02-20 13:53:19.255 INFO  - LAP-NFS1192 - HikariPool-1 - Start completed.
2024-02-20 13:53:20.539 INFO  - LAP-NFS1192 - Initialized JPA EntityManagerFactory for persistence unit 'default'
2024-02-20 13:53:20.988 WARN  - LAP-NFS1192 - spring.jpa.open-in-view is enabled by default. Therefore, database queries may be performed during view rendering. Explicitly configure spring.jpa.open-in-view to disable this warning
2024-02-20 13:53:21.708 WARN  - LAP-NFS1192 - 

Using generated security password: 247f1643-a2a8-470b-84de-868405ed55ff

This generated password is for development use only. Your security configuration must be updated before running your application in production.

2024-02-20 13:53:21.843 INFO  - LAP-NFS1192 - Will secure any request with [org.springframework.security.web.session.DisableEncodeUrlFilter@2a8081f5, org.springframework.security.web.context.request.async.WebAsyncManagerIntegrationFilter@20a434a8, org.springframework.security.web.context.SecurityContextHolderFilter@706dee4, org.springframework.security.web.header.HeaderWriterFilter@1dd4c691, org.springframework.security.web.csrf.CsrfFilter@17e31657, org.springframework.security.web.authentication.logout.LogoutFilter@6238b10a, org.springframework.security.web.authentication.UsernamePasswordAuthenticationFilter@31f90517, org.springframework.security.web.authentication.ui.DefaultLoginPageGeneratingFilter@146b4c6c, org.springframework.security.web.authentication.ui.DefaultLogoutPageGeneratingFilter@7ecca48, org.springframework.security.web.authentication.www.BasicAuthenticationFilter@5e9a9683, org.springframework.security.web.savedrequest.RequestCacheAwareFilter@515b7335, org.springframework.security.web.servletapi.SecurityContextHolderAwareRequestFilter@7c290246, org.springframework.security.web.authentication.AnonymousAuthenticationFilter@3d5b2c1e, org.springframework.security.web.access.ExceptionTranslationFilter@52539624, org.springframework.security.web.access.intercept.AuthorizationFilter@3bb6b9ab]
2024-02-20 13:53:21.892 INFO  - LAP-NFS1192 - Starting ProtocolHandler ["http-nio-9010"]
2024-02-20 13:53:21.917 INFO  - LAP-NFS1192 - Tomcat started on port(s): 9010 (http) with context path ''
2024-02-20 13:53:21.932 INFO  - LAP-NFS1192 - Started KhataApplication in 6.503 seconds (process running for 7.436)
2024-02-20 13:53:35.697 INFO  - LAP-NFS1192 - Initializing Spring DispatcherServlet 'dispatcherServlet'
2024-02-20 13:54:52.623 INFO  - LAP-NFS1192 - Starting KhataApplication using Java 17.0.8.1 with PID 47680 (D:\JKD17WorkSpace\Personal\khata\target\classes started by Administrator in D:\JKD17WorkSpace\Personal\khata)
2024-02-20 13:54:52.627 INFO  - LAP-NFS1192 - No active profile set, falling back to 1 default profile: "default"
2024-02-20 13:54:53.681 INFO  - LAP-NFS1192 - Bootstrapping Spring Data JPA repositories in DEFAULT mode.
2024-02-20 13:54:53.770 INFO  - LAP-NFS1192 - Finished Spring Data repository scanning in 77 ms. Found 2 JPA repository interfaces.
2024-02-20 13:54:54.575 INFO  - LAP-NFS1192 - Tomcat initialized with port(s): 9010 (http)
2024-02-20 13:54:54.588 INFO  - LAP-NFS1192 - Initializing ProtocolHandler ["http-nio-9010"]
2024-02-20 13:54:54.591 INFO  - LAP-NFS1192 - Starting service [Tomcat]
2024-02-20 13:54:54.591 INFO  - LAP-NFS1192 - Starting Servlet engine: [Apache Tomcat/10.1.15]
2024-02-20 13:54:54.744 INFO  - LAP-NFS1192 - Initializing Spring embedded WebApplicationContext
2024-02-20 13:54:54.746 INFO  - LAP-NFS1192 - Root WebApplicationContext: initialization completed in 2035 ms
2024-02-20 13:54:55.466 INFO  - LAP-NFS1192 - No LoadTimeWeaver setup: ignoring JPA class transformer
2024-02-20 13:54:55.506 INFO  - LAP-NFS1192 - HikariPool-1 - Starting...
2024-02-20 13:54:55.746 INFO  - LAP-NFS1192 - HikariPool-1 - Added connection com.mysql.cj.jdbc.ConnectionImpl@d76099a
2024-02-20 13:54:55.750 INFO  - LAP-NFS1192 - HikariPool-1 - Start completed.
2024-02-20 13:54:57.013 INFO  - LAP-NFS1192 - Initialized JPA EntityManagerFactory for persistence unit 'default'
2024-02-20 13:54:57.478 WARN  - LAP-NFS1192 - spring.jpa.open-in-view is enabled by default. Therefore, database queries may be performed during view rendering. Explicitly configure spring.jpa.open-in-view to disable this warning
2024-02-20 13:54:58.231 WARN  - LAP-NFS1192 - 

Using generated security password: 6bdbecea-c1ec-4bad-bf88-2cfc72407122

This generated password is for development use only. Your security configuration must be updated before running your application in production.

2024-02-20 13:54:58.376 INFO  - LAP-NFS1192 - Will secure any request with [org.springframework.security.web.session.DisableEncodeUrlFilter@650d5a3d, org.springframework.security.web.context.request.async.WebAsyncManagerIntegrationFilter@5e9a9683, org.springframework.security.web.context.SecurityContextHolderFilter@1001b435, org.springframework.security.web.header.HeaderWriterFilter@4b98c80c, org.springframework.security.web.csrf.CsrfFilter@22825762, org.springframework.security.web.authentication.logout.LogoutFilter@3b45a3e6, org.springframework.security.web.authentication.UsernamePasswordAuthenticationFilter@2c34ce24, org.springframework.security.web.authentication.ui.DefaultLoginPageGeneratingFilter@3021e31, org.springframework.security.web.authentication.ui.DefaultLogoutPageGeneratingFilter@7040d71, org.springframework.security.web.authentication.www.BasicAuthenticationFilter@608b74f3, org.springframework.security.web.savedrequest.RequestCacheAwareFilter@54972f9a, org.springframework.security.web.servletapi.SecurityContextHolderAwareRequestFilter@515b7335, org.springframework.security.web.authentication.AnonymousAuthenticationFilter@2553fbd0, org.springframework.security.web.access.ExceptionTranslationFilter@65a7bc80, org.springframework.security.web.access.intercept.AuthorizationFilter@2e549515]
2024-02-20 13:54:58.429 INFO  - LAP-NFS1192 - Starting ProtocolHandler ["http-nio-9010"]
2024-02-20 13:54:58.460 INFO  - LAP-NFS1192 - Tomcat started on port(s): 9010 (http) with context path ''
2024-02-20 13:54:58.478 INFO  - LAP-NFS1192 - Started KhataApplication in 6.694 seconds (process running for 7.864)
2024-02-20 13:55:04.786 INFO  - LAP-NFS1192 - Initializing Spring DispatcherServlet 'dispatcherServlet'
2024-02-20 13:56:14.584 INFO  - LAP-NFS1192 - Starting KhataApplication using Java 17.0.8.1 with PID 24912 (D:\JKD17WorkSpace\Personal\khata\target\classes started by Administrator in D:\JKD17WorkSpace\Personal\khata)
2024-02-20 13:56:14.588 INFO  - LAP-NFS1192 - No active profile set, falling back to 1 default profile: "default"
2024-02-20 13:56:15.608 INFO  - LAP-NFS1192 - Bootstrapping Spring Data JPA repositories in DEFAULT mode.
2024-02-20 13:56:15.703 INFO  - LAP-NFS1192 - Finished Spring Data repository scanning in 81 ms. Found 2 JPA repository interfaces.
2024-02-20 13:56:16.581 INFO  - LAP-NFS1192 - Tomcat initialized with port(s): 9010 (http)
2024-02-20 13:56:16.595 INFO  - LAP-NFS1192 - Initializing ProtocolHandler ["http-nio-9010"]
2024-02-20 13:56:16.599 INFO  - LAP-NFS1192 - Starting service [Tomcat]
2024-02-20 13:56:16.599 INFO  - LAP-NFS1192 - Starting Servlet engine: [Apache Tomcat/10.1.15]
2024-02-20 13:56:16.774 INFO  - LAP-NFS1192 - Initializing Spring embedded WebApplicationContext
2024-02-20 13:56:16.776 INFO  - LAP-NFS1192 - Root WebApplicationContext: initialization completed in 2109 ms
2024-02-20 13:56:17.526 INFO  - LAP-NFS1192 - No LoadTimeWeaver setup: ignoring JPA class transformer
2024-02-20 13:56:17.573 INFO  - LAP-NFS1192 - HikariPool-1 - Starting...
2024-02-20 13:56:17.814 INFO  - LAP-NFS1192 - HikariPool-1 - Added connection com.mysql.cj.jdbc.ConnectionImpl@61c87f1b
2024-02-20 13:56:17.817 INFO  - LAP-NFS1192 - HikariPool-1 - Start completed.
2024-02-20 13:56:19.119 INFO  - LAP-NFS1192 - Initialized JPA EntityManagerFactory for persistence unit 'default'
2024-02-20 13:56:19.603 WARN  - LAP-NFS1192 - spring.jpa.open-in-view is enabled by default. Therefore, database queries may be performed during view rendering. Explicitly configure spring.jpa.open-in-view to disable this warning
2024-02-20 13:56:20.768 WARN  - LAP-NFS1192 - 

Using generated security password: 372d6921-140d-4d50-b45d-f7d84ec49517

This generated password is for development use only. Your security configuration must be updated before running your application in production.

2024-02-20 13:56:21.014 INFO  - LAP-NFS1192 - Will secure any request with [org.springframework.security.web.session.DisableEncodeUrlFilter@12faeada, org.springframework.security.web.context.request.async.WebAsyncManagerIntegrationFilter@73a5cc47, org.springframework.security.web.context.SecurityContextHolderFilter@76e10574, org.springframework.security.web.header.HeaderWriterFilter@515b7335, org.springframework.security.web.csrf.CsrfFilter@7d8a5ec7, org.springframework.security.web.authentication.logout.LogoutFilter@2e549515, org.springframework.security.web.authentication.UsernamePasswordAuthenticationFilter@3ce067bd, org.springframework.security.web.authentication.ui.DefaultLoginPageGeneratingFilter@31b4c003, org.springframework.security.web.authentication.ui.DefaultLogoutPageGeneratingFilter@17fa25f1, org.springframework.security.web.authentication.www.BasicAuthenticationFilter@7ecca48, org.springframework.security.web.savedrequest.RequestCacheAwareFilter@3021e31, org.springframework.security.web.servletapi.SecurityContextHolderAwareRequestFilter@146b4c6c, org.springframework.security.web.authentication.AnonymousAuthenticationFilter@50ac63b2, org.springframework.security.web.access.ExceptionTranslationFilter@706dee4, org.springframework.security.web.access.intercept.AuthorizationFilter@6a35cccf]
2024-02-20 13:56:21.070 INFO  - LAP-NFS1192 - Starting ProtocolHandler ["http-nio-9010"]
2024-02-20 13:56:21.100 INFO  - LAP-NFS1192 - Tomcat started on port(s): 9010 (http) with context path ''
2024-02-20 13:56:21.114 INFO  - LAP-NFS1192 - Started KhataApplication in 7.243 seconds (process running for 8.198)
2024-02-20 13:56:31.925 INFO  - LAP-NFS1192 - Initializing Spring DispatcherServlet 'dispatcherServlet'
2024-02-20 13:56:54.806 INFO  - LAP-NFS1192 - Starting KhataApplication using Java 17.0.8.1 with PID 50724 (D:\JKD17WorkSpace\Personal\khata\target\classes started by Administrator in D:\JKD17WorkSpace\Personal\khata)
2024-02-20 13:56:54.809 INFO  - LAP-NFS1192 - No active profile set, falling back to 1 default profile: "default"
2024-02-20 13:56:55.796 INFO  - LAP-NFS1192 - Bootstrapping Spring Data JPA repositories in DEFAULT mode.
2024-02-20 13:56:55.893 INFO  - LAP-NFS1192 - Finished Spring Data repository scanning in 85 ms. Found 2 JPA repository interfaces.
2024-02-20 13:56:56.947 INFO  - LAP-NFS1192 - Tomcat initialized with port(s): 9010 (http)
2024-02-20 13:56:56.963 INFO  - LAP-NFS1192 - Initializing ProtocolHandler ["http-nio-9010"]
2024-02-20 13:56:56.966 INFO  - LAP-NFS1192 - Starting service [Tomcat]
2024-02-20 13:56:56.966 INFO  - LAP-NFS1192 - Starting Servlet engine: [Apache Tomcat/10.1.15]
2024-02-20 13:56:57.125 INFO  - LAP-NFS1192 - Initializing Spring embedded WebApplicationContext
2024-02-20 13:56:57.127 INFO  - LAP-NFS1192 - Root WebApplicationContext: initialization completed in 2229 ms
2024-02-20 13:56:57.909 INFO  - LAP-NFS1192 - No LoadTimeWeaver setup: ignoring JPA class transformer
2024-02-20 13:56:57.952 INFO  - LAP-NFS1192 - HikariPool-1 - Starting...
2024-02-20 13:56:58.195 INFO  - LAP-NFS1192 - HikariPool-1 - Added connection com.mysql.cj.jdbc.ConnectionImpl@1857fe6c
2024-02-20 13:56:58.199 INFO  - LAP-NFS1192 - HikariPool-1 - Start completed.
2024-02-20 13:56:59.663 INFO  - LAP-NFS1192 - Initialized JPA EntityManagerFactory for persistence unit 'default'
2024-02-20 13:57:00.333 WARN  - LAP-NFS1192 - spring.jpa.open-in-view is enabled by default. Therefore, database queries may be performed during view rendering. Explicitly configure spring.jpa.open-in-view to disable this warning
2024-02-20 13:57:01.437 WARN  - LAP-NFS1192 - 

Using generated security password: 79436064-9493-4e24-b30f-592665703bfd

This generated password is for development use only. Your security configuration must be updated before running your application in production.

2024-02-20 13:57:01.623 INFO  - LAP-NFS1192 - Will secure any request with [org.springframework.security.web.session.DisableEncodeUrlFilter@73a5cc47, org.springframework.security.web.context.request.async.WebAsyncManagerIntegrationFilter@17fa25f1, org.springframework.security.web.context.SecurityContextHolderFilter@7c290246, org.springframework.security.web.header.HeaderWriterFilter@102dff25, org.springframework.security.web.csrf.CsrfFilter@76a1cc1a, org.springframework.security.web.authentication.logout.LogoutFilter@2c34ce24, org.springframework.security.web.authentication.UsernamePasswordAuthenticationFilter@608b74f3, org.springframework.security.web.authentication.ui.DefaultLoginPageGeneratingFilter@74214ac3, org.springframework.security.web.authentication.ui.DefaultLogoutPageGeneratingFilter@50ac63b2, org.springframework.security.web.authentication.www.BasicAuthenticationFilter@3d5b2c1e, org.springframework.security.web.savedrequest.RequestCacheAwareFilter@4d305059, org.springframework.security.web.servletapi.SecurityContextHolderAwareRequestFilter@5b166420, org.springframework.security.web.authentication.AnonymousAuthenticationFilter@1545ef47, org.springframework.security.web.access.ExceptionTranslationFilter@3c5d60db, org.springframework.security.web.access.intercept.AuthorizationFilter@3ce067bd]
2024-02-20 13:57:01.691 INFO  - LAP-NFS1192 - Starting ProtocolHandler ["http-nio-9010"]
2024-02-20 13:57:01.732 INFO  - LAP-NFS1192 - Tomcat started on port(s): 9010 (http) with context path ''
2024-02-20 13:57:01.751 INFO  - LAP-NFS1192 - Started KhataApplication in 7.644 seconds (process running for 8.622)
2024-02-20 13:57:01.850 INFO  - LAP-NFS1192 - Initializing Spring DispatcherServlet 'dispatcherServlet'
2024-02-20 13:58:41.182 INFO  - LAP-NFS1192 - Starting KhataApplication using Java 17.0.8.1 with PID 54920 (D:\JKD17WorkSpace\Personal\khata\target\classes started by Administrator in D:\JKD17WorkSpace\Personal\khata)
2024-02-20 13:58:41.186 INFO  - LAP-NFS1192 - No active profile set, falling back to 1 default profile: "default"
2024-02-20 13:58:42.337 INFO  - LAP-NFS1192 - Bootstrapping Spring Data JPA repositories in DEFAULT mode.
2024-02-20 13:58:42.431 INFO  - LAP-NFS1192 - Finished Spring Data repository scanning in 81 ms. Found 2 JPA repository interfaces.
2024-02-20 13:58:43.261 INFO  - LAP-NFS1192 - Tomcat initialized with port(s): 9010 (http)
2024-02-20 13:58:43.274 INFO  - LAP-NFS1192 - Initializing ProtocolHandler ["http-nio-9010"]
2024-02-20 13:58:43.277 INFO  - LAP-NFS1192 - Starting service [Tomcat]
2024-02-20 13:58:43.278 INFO  - LAP-NFS1192 - Starting Servlet engine: [Apache Tomcat/10.1.15]
2024-02-20 13:58:43.450 INFO  - LAP-NFS1192 - Initializing Spring embedded WebApplicationContext
2024-02-20 13:58:43.452 INFO  - LAP-NFS1192 - Root WebApplicationContext: initialization completed in 2181 ms
2024-02-20 13:58:44.086 INFO  - LAP-NFS1192 - No LoadTimeWeaver setup: ignoring JPA class transformer
2024-02-20 13:58:44.126 INFO  - LAP-NFS1192 - HikariPool-1 - Starting...
2024-02-20 13:58:44.374 INFO  - LAP-NFS1192 - HikariPool-1 - Added connection com.mysql.cj.jdbc.ConnectionImpl@6210666c
2024-02-20 13:58:44.378 INFO  - LAP-NFS1192 - HikariPool-1 - Start completed.
2024-02-20 13:58:45.740 INFO  - LAP-NFS1192 - Initialized JPA EntityManagerFactory for persistence unit 'default'
2024-02-20 13:58:46.340 WARN  - LAP-NFS1192 - spring.jpa.open-in-view is enabled by default. Therefore, database queries may be performed during view rendering. Explicitly configure spring.jpa.open-in-view to disable this warning
2024-02-20 13:58:46.887 INFO  - LAP-NFS1192 - Will secure any request with [org.springframework.security.web.session.DisableEncodeUrlFilter@5ae6119b, org.springframework.security.web.context.request.async.WebAsyncManagerIntegrationFilter@31b6eec8, org.springframework.security.web.context.SecurityContextHolderFilter@321302bc, org.springframework.security.web.header.HeaderWriterFilter@156d7556, org.springframework.security.web.authentication.logout.LogoutFilter@1cc878e6, com.khata.onsite.security.filter.JwtAuthenticationFilter@5cb6b81b, org.springframework.security.web.savedrequest.RequestCacheAwareFilter@2b826482, org.springframework.security.web.servletapi.SecurityContextHolderAwareRequestFilter@4b517357, org.springframework.security.web.authentication.AnonymousAuthenticationFilter@3abd7b20, org.springframework.security.web.session.SessionManagementFilter@7ef8899d, org.springframework.security.web.access.ExceptionTranslationFilter@cfe72b0, org.springframework.security.web.access.intercept.AuthorizationFilter@4545cfc0]
2024-02-20 13:58:47.224 INFO  - LAP-NFS1192 - Starting ProtocolHandler ["http-nio-9010"]
2024-02-20 13:58:47.251 INFO  - LAP-NFS1192 - Tomcat started on port(s): 9010 (http) with context path ''
2024-02-20 13:58:47.261 INFO  - LAP-NFS1192 - Started KhataApplication in 6.81 seconds (process running for 7.711)
2024-02-20 13:58:50.913 INFO  - LAP-NFS1192 - Initializing Spring DispatcherServlet 'dispatcherServlet'
2024-02-20 13:58:55.955 INFO  - LAP-NFS1192 - REST Request - [HTTP METHOD:POST] [PATH INFO:/register] [REQUEST PARAMETERS:{}] [REQUEST BODY:{"firstName": "Mohsin","lastName" : "Shabbir","username" : "mohisn","password" : "123","role" : "USER"}] [REMOTE ADDRESS:0:0:0:0:0:0:0:1] [RESPONSE:{"token":"eyJhbGciOiJIUzM4NCJ9.eyJzdWIiOiJtb2hpc24iLCJpYXQiOjE3MDg0MTIzMzUsImV4cCI6MTcwODQ5ODczNX0.GfUnyvjxY8TqvPw0ahHuTfU5HbWGUsbQ8F5l_JCg3DYeSSZpuIjGJlzaYzBgAQxq"}]
2024-02-20 13:59:11.621 WARN  - LAP-NFS1192 - Resolved [org.springframework.web.HttpRequestMethodNotSupportedException: Request method 'GET' is not supported]
2024-02-20 13:59:11.623 ERROR - LAP-NFS1192 - Cannot invoke "java.io.ByteArrayOutputStream.toString()" because "this.bos" is null
2024-02-20 13:59:12.810 WARN  - LAP-NFS1192 - Resolved [org.springframework.web.HttpRequestMethodNotSupportedException: Request method 'GET' is not supported]
2024-02-20 13:59:12.811 ERROR - LAP-NFS1192 - Cannot invoke "java.io.ByteArrayOutputStream.toString()" because "this.bos" is null
2024-02-20 13:59:13.013 WARN  - LAP-NFS1192 - Resolved [org.springframework.web.HttpRequestMethodNotSupportedException: Request method 'GET' is not supported]
2024-02-20 13:59:13.015 ERROR - LAP-NFS1192 - Cannot invoke "java.io.ByteArrayOutputStream.toString()" because "this.bos" is null
2024-02-20 13:59:13.175 WARN  - LAP-NFS1192 - Resolved [org.springframework.web.HttpRequestMethodNotSupportedException: Request method 'GET' is not supported]
2024-02-20 13:59:13.176 ERROR - LAP-NFS1192 - Cannot invoke "java.io.ByteArrayOutputStream.toString()" because "this.bos" is null
2024-02-20 13:59:13.305 WARN  - LAP-NFS1192 - Resolved [org.springframework.web.HttpRequestMethodNotSupportedException: Request method 'GET' is not supported]
2024-02-20 13:59:13.306 ERROR - LAP-NFS1192 - Cannot invoke "java.io.ByteArrayOutputStream.toString()" because "this.bos" is null
2024-02-20 13:59:13.423 WARN  - LAP-NFS1192 - Resolved [org.springframework.web.HttpRequestMethodNotSupportedException: Request method 'GET' is not supported]
2024-02-20 13:59:13.424 ERROR - LAP-NFS1192 - Cannot invoke "java.io.ByteArrayOutputStream.toString()" because "this.bos" is null
2024-02-20 13:59:19.999 WARN  - LAP-NFS1192 - Resolved [org.springframework.web.HttpRequestMethodNotSupportedException: Request method 'GET' is not supported]
2024-02-20 13:59:20.000 ERROR - LAP-NFS1192 - Cannot invoke "java.io.ByteArrayOutputStream.toString()" because "this.bos" is null
2024-02-20 13:59:31.517 WARN  - LAP-NFS1192 - Resolved [org.springframework.web.HttpRequestMethodNotSupportedException: Request method 'GET' is not supported]
2024-02-20 13:59:31.518 ERROR - LAP-NFS1192 - Cannot invoke "java.io.ByteArrayOutputStream.toString()" because "this.bos" is null
2024-02-20 13:59:46.599 INFO  - LAP-NFS1192 - Starting KhataApplication using Java 17.0.8.1 with PID 29344 (D:\JKD17WorkSpace\Personal\khata\target\classes started by Administrator in D:\JKD17WorkSpace\Personal\khata)
2024-02-20 13:59:46.604 INFO  - LAP-NFS1192 - No active profile set, falling back to 1 default profile: "default"
2024-02-20 13:59:47.697 INFO  - LAP-NFS1192 - Bootstrapping Spring Data JPA repositories in DEFAULT mode.
2024-02-20 13:59:47.818 INFO  - LAP-NFS1192 - Finished Spring Data repository scanning in 104 ms. Found 2 JPA repository interfaces.
2024-02-20 13:59:48.689 INFO  - LAP-NFS1192 - Tomcat initialized with port(s): 9010 (http)
2024-02-20 13:59:48.703 INFO  - LAP-NFS1192 - Initializing ProtocolHandler ["http-nio-9010"]
2024-02-20 13:59:48.707 INFO  - LAP-NFS1192 - Starting service [Tomcat]
2024-02-20 13:59:48.707 INFO  - LAP-NFS1192 - Starting Servlet engine: [Apache Tomcat/10.1.15]
2024-02-20 13:59:48.869 INFO  - LAP-NFS1192 - Initializing Spring embedded WebApplicationContext
2024-02-20 13:59:48.871 INFO  - LAP-NFS1192 - Root WebApplicationContext: initialization completed in 2183 ms
2024-02-20 13:59:49.510 INFO  - LAP-NFS1192 - No LoadTimeWeaver setup: ignoring JPA class transformer
2024-02-20 13:59:49.554 INFO  - LAP-NFS1192 - HikariPool-1 - Starting...
2024-02-20 13:59:49.789 INFO  - LAP-NFS1192 - HikariPool-1 - Added connection com.mysql.cj.jdbc.ConnectionImpl@28fa541
2024-02-20 13:59:49.792 INFO  - LAP-NFS1192 - HikariPool-1 - Start completed.
2024-02-20 13:59:51.169 INFO  - LAP-NFS1192 - Initialized JPA EntityManagerFactory for persistence unit 'default'
2024-02-20 13:59:51.822 WARN  - LAP-NFS1192 - spring.jpa.open-in-view is enabled by default. Therefore, database queries may be performed during view rendering. Explicitly configure spring.jpa.open-in-view to disable this warning
2024-02-20 13:59:52.376 INFO  - LAP-NFS1192 - Will secure any request with [org.springframework.security.web.session.DisableEncodeUrlFilter@3070f59f, org.springframework.security.web.context.request.async.WebAsyncManagerIntegrationFilter@2f16c21f, org.springframework.security.web.context.SecurityContextHolderFilter@64b0ec4a, org.springframework.security.web.header.HeaderWriterFilter@1d2ce035, org.springframework.security.web.authentication.logout.LogoutFilter@49b73e6c, com.khata.onsite.security.filter.JwtAuthenticationFilter@147c4523, org.springframework.security.web.savedrequest.RequestCacheAwareFilter@2981064d, org.springframework.security.web.servletapi.SecurityContextHolderAwareRequestFilter@60ae950f, org.springframework.security.web.authentication.AnonymousAuthenticationFilter@2314f013, org.springframework.security.web.session.SessionManagementFilter@56f569e, org.springframework.security.web.access.ExceptionTranslationFilter@3e3d8e6c, org.springframework.security.web.access.intercept.AuthorizationFilter@44bb6856]
2024-02-20 13:59:52.828 INFO  - LAP-NFS1192 - Starting ProtocolHandler ["http-nio-9010"]
2024-02-20 13:59:52.864 INFO  - LAP-NFS1192 - Tomcat started on port(s): 9010 (http) with context path ''
2024-02-20 13:59:52.878 INFO  - LAP-NFS1192 - Started KhataApplication in 6.99 seconds (process running for 7.948)
2024-02-20 14:00:59.497 INFO  - LAP-NFS1192 - Initializing Spring DispatcherServlet 'dispatcherServlet'
2024-02-20 14:01:00.043 INFO  - LAP-NFS1192 - REST Request - [HTTP METHOD:POST] [PATH INFO:/register] [REQUEST PARAMETERS:{}] [REQUEST BODY:{"firstName": "Mohsin","lastName" : "Shabbir","username" : "mohisn","password" : "123","role" : "USER"}] [REMOTE ADDRESS:0:0:0:0:0:0:0:1] [RESPONSE:{"token":"eyJhbGciOiJIUzM4NCJ9.eyJzdWIiOiJtb2hpc24iLCJpYXQiOjE3MDg0MTI0NTksImV4cCI6MTcwODQ5ODg1OX0.d73ZaBGlblsKMjLeaEzeomj4OY95W9RbEsU4UlYNs7uuXJFlpPGH_qyJHybKYOUO"}]
2024-02-20 14:07:24.575 INFO  - LAP-NFS1192 - REST Request - [HTTP METHOD:POST] [PATH INFO:/register] [REQUEST PARAMETERS:{}] [REQUEST BODY:{"firstName": "Mohsin","lastName" : "Shabbir","username" : "mohisn","password" : "123","role" : "USER"}] [REMOTE ADDRESS:0:0:0:0:0:0:0:1] [RESPONSE:{"token":"eyJhbGciOiJIUzM4NCJ9.eyJzdWIiOiJtb2hpc24iLCJpYXQiOjE3MDg0MTI4NDQsImV4cCI6MTcwODQ5OTI0NH0.vVBJqob7n_w4hnxbxNpRWsLnp7Oze0GqUUiwrgBa3-RMaM9o9h9I7G-kbcdK-4yh"}]
2024-02-20 14:07:50.918 ERROR - LAP-NFS1192 - Request processing failed: org.springframework.security.authentication.InternalAuthenticationServiceException: query did not return a unique result: 3
2024-02-20 14:08:04.929 ERROR - LAP-NFS1192 - Request processing failed: org.springframework.security.authentication.InternalAuthenticationServiceException: query did not return a unique result: 3
2024-02-20 14:09:21.002 ERROR - LAP-NFS1192 - Request processing failed: org.springframework.security.authentication.InternalAuthenticationServiceException: query did not return a unique result: 3
2024-02-20 14:11:53.085 INFO  - LAP-NFS1192 - Starting KhataApplication using Java 17.0.8.1 with PID 50620 (D:\JKD17WorkSpace\Personal\khata\target\classes started by Administrator in D:\JKD17WorkSpace\Personal\khata)
2024-02-20 14:11:53.088 INFO  - LAP-NFS1192 - No active profile set, falling back to 1 default profile: "default"
2024-02-20 14:11:54.142 INFO  - LAP-NFS1192 - Bootstrapping Spring Data JPA repositories in DEFAULT mode.
2024-02-20 14:11:54.230 INFO  - LAP-NFS1192 - Finished Spring Data repository scanning in 76 ms. Found 2 JPA repository interfaces.
2024-02-20 14:11:55.037 INFO  - LAP-NFS1192 - Tomcat initialized with port(s): 9010 (http)
2024-02-20 14:11:55.049 INFO  - LAP-NFS1192 - Initializing ProtocolHandler ["http-nio-9010"]
2024-02-20 14:11:55.052 INFO  - LAP-NFS1192 - Starting service [Tomcat]
2024-02-20 14:11:55.053 INFO  - LAP-NFS1192 - Starting Servlet engine: [Apache Tomcat/10.1.15]
2024-02-20 14:11:55.198 INFO  - LAP-NFS1192 - Initializing Spring embedded WebApplicationContext
2024-02-20 14:11:55.201 INFO  - LAP-NFS1192 - Root WebApplicationContext: initialization completed in 2040 ms
2024-02-20 14:11:55.833 INFO  - LAP-NFS1192 - No LoadTimeWeaver setup: ignoring JPA class transformer
2024-02-20 14:11:55.878 INFO  - LAP-NFS1192 - HikariPool-1 - Starting...
2024-02-20 14:11:56.123 INFO  - LAP-NFS1192 - HikariPool-1 - Added connection com.mysql.cj.jdbc.ConnectionImpl@46524ebe
2024-02-20 14:11:56.126 INFO  - LAP-NFS1192 - HikariPool-1 - Start completed.
2024-02-20 14:11:57.496 INFO  - LAP-NFS1192 - Initialized JPA EntityManagerFactory for persistence unit 'default'
2024-02-20 14:11:58.242 WARN  - LAP-NFS1192 - spring.jpa.open-in-view is enabled by default. Therefore, database queries may be performed during view rendering. Explicitly configure spring.jpa.open-in-view to disable this warning
2024-02-20 14:11:58.810 INFO  - LAP-NFS1192 - Will secure any request with [org.springframework.security.web.session.DisableEncodeUrlFilter@74471600, org.springframework.security.web.context.request.async.WebAsyncManagerIntegrationFilter@1cc878e6, org.springframework.security.web.context.SecurityContextHolderFilter@2c8f7d6a, org.springframework.security.web.header.HeaderWriterFilter@1df83569, org.springframework.security.web.authentication.logout.LogoutFilter@122a6078, com.khata.onsite.security.filter.JwtAuthenticationFilter@7bdf8c92, org.springframework.security.web.savedrequest.RequestCacheAwareFilter@98a0842, org.springframework.security.web.servletapi.SecurityContextHolderAwareRequestFilter@64b0ec4a, org.springframework.security.web.authentication.AnonymousAuthenticationFilter@247877f3, org.springframework.security.web.session.SessionManagementFilter@12f933c7, org.springframework.security.web.access.ExceptionTranslationFilter@623be2a0, org.springframework.security.web.access.intercept.AuthorizationFilter@a1c4f69]
2024-02-20 14:11:59.149 INFO  - LAP-NFS1192 - Starting ProtocolHandler ["http-nio-9010"]
2024-02-20 14:11:59.176 INFO  - LAP-NFS1192 - Tomcat started on port(s): 9010 (http) with context path ''
2024-02-20 14:11:59.186 INFO  - LAP-NFS1192 - Started KhataApplication in 6.837 seconds (process running for 7.915)
2024-02-20 14:12:06.618 INFO  - LAP-NFS1192 - Initializing Spring DispatcherServlet 'dispatcherServlet'
2024-02-20 14:12:25.758 ERROR - LAP-NFS1192 - Request processing failed: org.springframework.security.authentication.InternalAuthenticationServiceException: query did not return a unique result: 3
2024-02-20 14:12:32.657 INFO  - LAP-NFS1192 - REST Request - [HTTP METHOD:POST] [PATH INFO:/register] [REQUEST PARAMETERS:{}] [REQUEST BODY:{"firstName": "Mohsin","lastName" : "Shabbir","username" : "mohisn","password" : "123","role" : "USER"}] [REMOTE ADDRESS:0:0:0:0:0:0:0:1] [RESPONSE:{"token":"eyJhbGciOiJIUzM4NCJ9.eyJzdWIiOiJtb2hpc24iLCJpYXQiOjE3MDg0MTMxNTIsImV4cCI6MTcwODQ5OTU1Mn0.OxU_aZGeJ00vtS0tYfgX-o7bK9M4poeUUCukMsQHEPvG3Y5Uuv0S2gA7qXYfpjIk"}]
2024-02-20 14:12:36.172 ERROR - LAP-NFS1192 - Request processing failed: org.springframework.security.authentication.InternalAuthenticationServiceException: query did not return a unique result: 4
2024-02-20 14:12:53.499 INFO  - LAP-NFS1192 - REST Request - [HTTP METHOD:POST] [PATH INFO:/login] [REQUEST PARAMETERS:{}] [REQUEST BODY:{"username" : "mohisn","password" : "123"}] [REMOTE ADDRESS:0:0:0:0:0:0:0:1] [RESPONSE:{"token":"eyJhbGciOiJIUzM4NCJ9.eyJzdWIiOiJtb2hpc24iLCJpYXQiOjE3MDg0MTMxNzMsImV4cCI6MTcwODQ5OTU3M30.HS1t5VkX7ce1ODiKTHzrCppgOdgKXprsxtOocYJ3JjXrQgtjeK2J0YAbHeUihdJl"}]
2024-02-20 14:15:22.534 INFO  - LAP-NFS1192 - REST Request - [HTTP METHOD:POST] [PATH INFO:/login] [REQUEST PARAMETERS:{}] [REQUEST BODY:{"username" : "mohisn","password" : "123"}] [REMOTE ADDRESS:0:0:0:0:0:0:0:1] [RESPONSE:{"token":"eyJhbGciOiJIUzM4NCJ9.eyJzdWIiOiJtb2hpc24iLCJpYXQiOjE3MDg0MTMzMjIsImV4cCI6MTcwODQ5OTcyMn0.PjUmGlZyCSY_P45vIWLVqxhnSd_57NgMqLH2lwV8WtNXUpiFltTIfTV2ap_YbviP"}]
2024-02-20 14:23:16.653 INFO  - LAP-NFS1192 - REST Request - [HTTP METHOD:POST] [PATH INFO:/login] [REQUEST PARAMETERS:{}] [REQUEST BODY:{"username" : "mohisn","password" : "123"}] [REMOTE ADDRESS:0:0:0:0:0:0:0:1] [RESPONSE:{"token":"eyJhbGciOiJIUzM4NCJ9.eyJzdWIiOiJtb2hpc24iLCJpYXQiOjE3MDg0MTM3OTYsImV4cCI6MTcwODUwMDE5Nn0.waRmceGIb6R8Rmlx2t43TXMrFiLduzy_AKYgJDnaWy86TSbJmG6Q7287I_v6iuzB"}]
2024-02-20 14:24:27.906 WARN  - LAP-NFS1192 - Resolved [org.springframework.web.bind.MethodArgumentNotValidException: Validation failed for argument [0] in public org.springframework.http.ResponseEntity<com.khata.onsite.common.GeneralResponse<?>> com.khata.onsite.controllers.RulesController.addOrUpdateRule(com.khata.onsite.in.dto.RuleRequestDTO) with 2 errors: [Field error in object 'ruleRequestDTO' on field 'ruleName': rejected value []; codes [Size.ruleRequestDTO.ruleName,Size.ruleName,Size.java.lang.String,Size]; arguments [org.springframework.context.support.DefaultMessageSourceResolvable: codes [ruleRequestDTO.ruleName,ruleName]; arguments []; default message [ruleName],30,3]; default message [Invalid Name: Must be of 3 - 30 characters]] [Field error in object 'ruleRequestDTO' on field 'ruleName': rejected value []; codes [NotBlank.ruleRequestDTO.ruleName,NotBlank.ruleName,NotBlank.java.lang.String,NotBlank]; arguments [org.springframework.context.support.DefaultMessageSourceResolvable: codes [ruleRequestDTO.ruleName,ruleName]; arguments []; default message [ruleName]]; default message [Invalid Name: Empty name]] ]
2024-02-20 14:24:27.907 ERROR - LAP-NFS1192 - Cannot invoke "java.io.ByteArrayOutputStream.toString()" because "this.bos" is null
2024-02-20 14:24:34.583 INFO  - LAP-NFS1192 - REST Request - [HTTP METHOD:POST] [PATH INFO:/login] [REQUEST PARAMETERS:{}] [REQUEST BODY:{"username" : "mohisn","password" : "123"}] [REMOTE ADDRESS:0:0:0:0:0:0:0:1] [RESPONSE:{"token":"eyJhbGciOiJIUzM4NCJ9.eyJzdWIiOiJtb2hpc24iLCJpYXQiOjE3MDg0MTM4NzQsImV4cCI6MTcwODUwMDI3NH0.9sKxIy2RJbquI1yuSe0t4iL-KxCKtNnVIaRDEt8y2JYlE366tRMIlbZpNSz9OvJn"}]
2024-02-20 14:24:49.974 WARN  - LAP-NFS1192 - Resolved [org.springframework.web.bind.MethodArgumentNotValidException: Validation failed for argument [0] in public org.springframework.http.ResponseEntity<com.khata.onsite.common.GeneralResponse<?>> com.khata.onsite.controllers.RulesController.addOrUpdateRule(com.khata.onsite.in.dto.RuleRequestDTO) with 2 errors: [Field error in object 'ruleRequestDTO' on field 'ruleName': rejected value []; codes [Size.ruleRequestDTO.ruleName,Size.ruleName,Size.java.lang.String,Size]; arguments [org.springframework.context.support.DefaultMessageSourceResolvable: codes [ruleRequestDTO.ruleName,ruleName]; arguments []; default message [ruleName],30,3]; default message [Invalid Name: Must be of 3 - 30 characters]] [Field error in object 'ruleRequestDTO' on field 'ruleName': rejected value []; codes [NotBlank.ruleRequestDTO.ruleName,NotBlank.ruleName,NotBlank.java.lang.String,NotBlank]; arguments [org.springframework.context.support.DefaultMessageSourceResolvable: codes [ruleRequestDTO.ruleName,ruleName]; arguments []; default message [ruleName]]; default message [Invalid Name: Empty name]] ]
2024-02-20 14:24:49.976 ERROR - LAP-NFS1192 - Cannot invoke "java.io.ByteArrayOutputStream.toString()" because "this.bos" is null
2024-02-20 14:25:03.366 WARN  - LAP-NFS1192 - Resolved [org.springframework.web.bind.MethodArgumentNotValidException: Validation failed for argument [0] in public org.springframework.http.ResponseEntity<com.khata.onsite.common.GeneralResponse<?>> com.khata.onsite.controllers.RulesController.addOrUpdateRule(com.khata.onsite.in.dto.RuleRequestDTO) with 2 errors: [Field error in object 'ruleRequestDTO' on field 'ruleName': rejected value []; codes [Size.ruleRequestDTO.ruleName,Size.ruleName,Size.java.lang.String,Size]; arguments [org.springframework.context.support.DefaultMessageSourceResolvable: codes [ruleRequestDTO.ruleName,ruleName]; arguments []; default message [ruleName],30,3]; default message [Invalid Name: Must be of 3 - 30 characters]] [Field error in object 'ruleRequestDTO' on field 'ruleName': rejected value []; codes [NotBlank.ruleRequestDTO.ruleName,NotBlank.ruleName,NotBlank.java.lang.String,NotBlank]; arguments [org.springframework.context.support.DefaultMessageSourceResolvable: codes [ruleRequestDTO.ruleName,ruleName]; arguments []; default message [ruleName]]; default message [Invalid Name: Empty name]] ]
2024-02-20 14:25:03.367 ERROR - LAP-NFS1192 - Cannot invoke "java.io.ByteArrayOutputStream.toString()" because "this.bos" is null
2024-02-20 14:25:56.030 INFO  - LAP-NFS1192 - REST Request - [HTTP METHOD:POST] [PATH INFO:/api/rules/addOrUpdateRule] [REQUEST PARAMETERS:{}] [REQUEST BODY:{"ruleName": "hello","ruleAmount": "2000","ruleProposedBy": 1,"ruleDesc": "It is mutually agreed by ","ruleStatus": true,"ruleIdPk": ""}] [REMOTE ADDRESS:0:0:0:0:0:0:0:1] [RESPONSE:{"status":"200","message":"Operation Completed Successfully","error":null,"jsonData":null,"data":null}]
2024-02-20 14:26:07.721 ERROR - LAP-NFS1192 - Servlet.service() for servlet [dispatcherServlet] in context with path [] threw exception
io.jsonwebtoken.MalformedJwtException: Malformed protected header JSON: Unable to deserialize: Unexpected character ('�' (code 65533 / 0xfffd)): expected a valid value (JSON String, Number, Array, Object or token 'null', 'true' or 'false')
 at [Source: (InputStreamReader); line: 1, column: 2]
	at io.jsonwebtoken.impl.io.JsonObjectDeserializer.malformed(JsonObjectDeserializer.java:76)
	at io.jsonwebtoken.impl.io.JsonObjectDeserializer.apply(JsonObjectDeserializer.java:70)
	at io.jsonwebtoken.impl.DefaultJwtParser.deserialize(DefaultJwtParser.java:890)
	at io.jsonwebtoken.impl.DefaultJwtParser.parse(DefaultJwtParser.java:380)
	at io.jsonwebtoken.impl.DefaultJwtParser.parse(DefaultJwtParser.java:362)
	at io.jsonwebtoken.impl.DefaultJwtParser.parse(DefaultJwtParser.java:94)
	at io.jsonwebtoken.impl.io.AbstractParser.parse(AbstractParser.java:36)
	at io.jsonwebtoken.impl.io.AbstractParser.parse(AbstractParser.java:29)
	at io.jsonwebtoken.impl.DefaultJwtParser.parseSignedClaims(DefaultJwtParser.java:821)
	at com.khata.onsite.security.service.JWTService.extractAllClaims(JWTService.java:44)
	at com.khata.onsite.security.service.JWTService.extractClaim(JWTService.java:51)
	at com.khata.onsite.security.service.JWTService.getUsername(JWTService.java:58)
	at com.khata.onsite.security.filter.JwtAuthenticationFilter.doFilterInternal(JwtAuthenticationFilter.java:45)
	at org.springframework.web.filter.OncePerRequestFilter.doFilter(OncePerRequestFilter.java:116)
	at org.springframework.security.web.FilterChainProxy$VirtualFilterChain.doFilter(FilterChainProxy.java:374)
	at org.springframework.security.web.authentication.logout.LogoutFilter.doFilter(LogoutFilter.java:107)
	at org.springframework.security.web.authentication.logout.LogoutFilter.doFilter(LogoutFilter.java:93)
	at org.springframework.security.web.FilterChainProxy$VirtualFilterChain.doFilter(FilterChainProxy.java:374)
	at org.springframework.security.web.header.HeaderWriterFilter.doHeadersAfter(HeaderWriterFilter.java:90)
	at org.springframework.security.web.header.HeaderWriterFilter.doFilterInternal(HeaderWriterFilter.java:75)
	at org.springframework.web.filter.OncePerRequestFilter.doFilter(OncePerRequestFilter.java:116)
	at org.springframework.security.web.FilterChainProxy$VirtualFilterChain.doFilter(FilterChainProxy.java:374)
	at org.springframework.security.web.context.SecurityContextHolderFilter.doFilter(SecurityContextHolderFilter.java:82)
	at org.springframework.security.web.context.SecurityContextHolderFilter.doFilter(SecurityContextHolderFilter.java:69)
	at org.springframework.security.web.FilterChainProxy$VirtualFilterChain.doFilter(FilterChainProxy.java:374)
	at org.springframework.security.web.context.request.async.WebAsyncManagerIntegrationFilter.doFilterInternal(WebAsyncManagerIntegrationFilter.java:62)
	at org.springframework.web.filter.OncePerRequestFilter.doFilter(OncePerRequestFilter.java:116)
	at org.springframework.security.web.FilterChainProxy$VirtualFilterChain.doFilter(FilterChainProxy.java:374)
	at org.springframework.security.web.session.DisableEncodeUrlFilter.doFilterInternal(DisableEncodeUrlFilter.java:42)
	at org.springframework.web.filter.OncePerRequestFilter.doFilter(OncePerRequestFilter.java:116)
	at org.springframework.security.web.FilterChainProxy$VirtualFilterChain.doFilter(FilterChainProxy.java:374)
	at org.springframework.security.web.FilterChainProxy.doFilterInternal(FilterChainProxy.java:233)
	at org.springframework.security.web.FilterChainProxy.doFilter(FilterChainProxy.java:191)
	at org.springframework.web.filter.DelegatingFilterProxy.invokeDelegate(DelegatingFilterProxy.java:352)
	at org.springframework.web.filter.DelegatingFilterProxy.doFilter(DelegatingFilterProxy.java:268)
	at org.apache.catalina.core.ApplicationFilterChain.internalDoFilter(ApplicationFilterChain.java:174)
	at org.apache.catalina.core.ApplicationFilterChain.doFilter(ApplicationFilterChain.java:149)
	at org.springframework.web.filter.RequestContextFilter.doFilterInternal(RequestContextFilter.java:100)
	at org.springframework.web.filter.OncePerRequestFilter.doFilter(OncePerRequestFilter.java:116)
	at org.apache.catalina.core.ApplicationFilterChain.internalDoFilter(ApplicationFilterChain.java:174)
	at org.apache.catalina.core.ApplicationFilterChain.doFilter(ApplicationFilterChain.java:149)
	at org.springframework.web.filter.FormContentFilter.doFilterInternal(FormContentFilter.java:93)
	at org.springframework.web.filter.OncePerRequestFilter.doFilter(OncePerRequestFilter.java:116)
	at org.apache.catalina.core.ApplicationFilterChain.internalDoFilter(ApplicationFilterChain.java:174)
	at org.apache.catalina.core.ApplicationFilterChain.doFilter(ApplicationFilterChain.java:149)
	at org.springframework.web.filter.CharacterEncodingFilter.doFilterInternal(CharacterEncodingFilter.java:201)
	at org.springframework.web.filter.OncePerRequestFilter.doFilter(OncePerRequestFilter.java:116)
	at org.apache.catalina.core.ApplicationFilterChain.internalDoFilter(ApplicationFilterChain.java:174)
	at org.apache.catalina.core.ApplicationFilterChain.doFilter(ApplicationFilterChain.java:149)
	at org.apache.catalina.core.StandardWrapperValve.invoke(StandardWrapperValve.java:167)
	at org.apache.catalina.core.StandardContextValve.invoke(StandardContextValve.java:90)
	at org.apache.catalina.authenticator.AuthenticatorBase.invoke(AuthenticatorBase.java:482)
	at org.apache.catalina.core.StandardHostValve.invoke(StandardHostValve.java:115)
	at org.apache.catalina.valves.ErrorReportValve.invoke(ErrorReportValve.java:93)
	at org.apache.catalina.core.StandardEngineValve.invoke(StandardEngineValve.java:74)
	at org.apache.catalina.connector.CoyoteAdapter.service(CoyoteAdapter.java:340)
	at org.apache.coyote.http11.Http11Processor.service(Http11Processor.java:391)
	at org.apache.coyote.AbstractProcessorLight.process(AbstractProcessorLight.java:63)
	at org.apache.coyote.AbstractProtocol$ConnectionHandler.process(AbstractProtocol.java:896)
	at org.apache.tomcat.util.net.NioEndpoint$SocketProcessor.doRun(NioEndpoint.java:1744)
	at org.apache.tomcat.util.net.SocketProcessorBase.run(SocketProcessorBase.java:52)
	at org.apache.tomcat.util.threads.ThreadPoolExecutor.runWorker(ThreadPoolExecutor.java:1191)
	at org.apache.tomcat.util.threads.ThreadPoolExecutor$Worker.run(ThreadPoolExecutor.java:659)
	at org.apache.tomcat.util.threads.TaskThread$WrappingRunnable.run(TaskThread.java:61)
	at java.base/java.lang.Thread.run(Thread.java:833)
Caused by: io.jsonwebtoken.io.DeserializationException: Unable to deserialize: Unexpected character ('�' (code 65533 / 0xfffd)): expected a valid value (JSON String, Number, Array, Object or token 'null', 'true' or 'false')
 at [Source: (InputStreamReader); line: 1, column: 2]
	at io.jsonwebtoken.io.AbstractDeserializer.deserialize(AbstractDeserializer.java:72)
	at io.jsonwebtoken.impl.io.JsonObjectDeserializer.apply(JsonObjectDeserializer.java:52)
	... 63 common frames omitted
Caused by: com.fasterxml.jackson.core.JsonParseException: Unexpected character ('�' (code 65533 / 0xfffd)): expected a valid value (JSON String, Number, Array, Object or token 'null', 'true' or 'false')
 at [Source: (InputStreamReader); line: 1, column: 2]
	at com.fasterxml.jackson.core.JsonParser._constructError(JsonParser.java:2477)
	at com.fasterxml.jackson.core.base.ParserMinimalBase._reportError(ParserMinimalBase.java:750)
	at com.fasterxml.jackson.core.base.ParserMinimalBase._reportUnexpectedChar(ParserMinimalBase.java:674)
	at com.fasterxml.jackson.core.json.ReaderBasedJsonParser._handleOddValue(ReaderBasedJsonParser.java:2085)
	at com.fasterxml.jackson.core.json.ReaderBasedJsonParser.nextToken(ReaderBasedJsonParser.java:808)
	at com.fasterxml.jackson.databind.ObjectMapper._initForReading(ObjectMapper.java:4912)
	at com.fasterxml.jackson.databind.ObjectMapper._readMapAndClose(ObjectMapper.java:4818)
	at com.fasterxml.jackson.databind.ObjectMapper.readValue(ObjectMapper.java:3785)
	at io.jsonwebtoken.jackson.io.JacksonDeserializer.doDeserialize(JacksonDeserializer.java:104)
	at io.jsonwebtoken.io.AbstractDeserializer.deserialize(AbstractDeserializer.java:66)
	... 64 common frames omitted
2024-02-20 14:26:16.110 INFO  - LAP-NFS1192 - REST Request - [HTTP METHOD:POST] [PATH INFO:/api/rules/addOrUpdateRule] [REQUEST PARAMETERS:{}] [REQUEST BODY:{"ruleName": "hello","ruleAmount": "2000","ruleProposedBy": 1,"ruleDesc": "It is mutually agreed by ","ruleStatus": true,"ruleIdPk": ""}] [REMOTE ADDRESS:0:0:0:0:0:0:0:1] [RESPONSE:{"status":"200","message":"Operation Completed Successfully","error":null,"jsonData":null,"data":null}]
2024-02-20 14:31:22.155 INFO  - LAP-NFS1192 - Starting KhataApplication using Java 17.0.8.1 with PID 12096 (D:\JKD17WorkSpace\Personal\khata\target\classes started by Administrator in D:\JKD17WorkSpace\Personal\khata)
2024-02-20 14:31:22.159 INFO  - LAP-NFS1192 - No active profile set, falling back to 1 default profile: "default"
2024-02-20 14:31:23.297 INFO  - LAP-NFS1192 - Bootstrapping Spring Data JPA repositories in DEFAULT mode.
2024-02-20 14:31:23.388 INFO  - LAP-NFS1192 - Finished Spring Data repository scanning in 80 ms. Found 2 JPA repository interfaces.
2024-02-20 14:31:24.218 INFO  - LAP-NFS1192 - Tomcat initialized with port(s): 9010 (http)
2024-02-20 14:31:24.230 INFO  - LAP-NFS1192 - Initializing ProtocolHandler ["http-nio-9010"]
2024-02-20 14:31:24.233 INFO  - LAP-NFS1192 - Starting service [Tomcat]
2024-02-20 14:31:24.234 INFO  - LAP-NFS1192 - Starting Servlet engine: [Apache Tomcat/10.1.15]
2024-02-20 14:31:24.403 INFO  - LAP-NFS1192 - Initializing Spring embedded WebApplicationContext
2024-02-20 14:31:24.406 INFO  - LAP-NFS1192 - Root WebApplicationContext: initialization completed in 2168 ms
2024-02-20 14:31:25.081 INFO  - LAP-NFS1192 - No LoadTimeWeaver setup: ignoring JPA class transformer
2024-02-20 14:31:25.124 INFO  - LAP-NFS1192 - HikariPool-1 - Starting...
2024-02-20 14:31:25.362 INFO  - LAP-NFS1192 - HikariPool-1 - Added connection com.mysql.cj.jdbc.ConnectionImpl@28fa541
2024-02-20 14:31:25.366 INFO  - LAP-NFS1192 - HikariPool-1 - Start completed.
2024-02-20 14:31:26.561 INFO  - LAP-NFS1192 - Initialized JPA EntityManagerFactory for persistence unit 'default'
2024-02-20 14:31:27.158 WARN  - LAP-NFS1192 - spring.jpa.open-in-view is enabled by default. Therefore, database queries may be performed during view rendering. Explicitly configure spring.jpa.open-in-view to disable this warning
2024-02-20 14:31:27.672 INFO  - LAP-NFS1192 - Will secure any request with [org.springframework.security.web.session.DisableEncodeUrlFilter@2314f013, org.springframework.security.web.context.request.async.WebAsyncManagerIntegrationFilter@72ae1007, org.springframework.security.web.context.SecurityContextHolderFilter@2981064d, org.springframework.security.web.header.HeaderWriterFilter@3894d1b1, org.springframework.security.web.authentication.logout.LogoutFilter@4c682826, com.khata.onsite.security.filter.JwtAuthenticationFilter@147c4523, org.springframework.security.web.savedrequest.RequestCacheAwareFilter@7ef8899d, org.springframework.security.web.servletapi.SecurityContextHolderAwareRequestFilter@89dd102, org.springframework.security.web.authentication.AnonymousAuthenticationFilter@4545cfc0, org.springframework.security.web.session.SessionManagementFilter@3da12ba4, org.springframework.security.web.access.ExceptionTranslationFilter@1d2ce035, org.springframework.security.web.access.intercept.AuthorizationFilter@57d0c779]
2024-02-20 14:31:28.024 INFO  - LAP-NFS1192 - Starting ProtocolHandler ["http-nio-9010"]
2024-02-20 14:31:28.049 INFO  - LAP-NFS1192 - Tomcat started on port(s): 9010 (http) with context path ''
2024-02-20 14:31:28.061 INFO  - LAP-NFS1192 - Started KhataApplication in 6.654 seconds (process running for 7.868)
2024-02-20 14:31:43.352 INFO  - LAP-NFS1192 - Initializing Spring DispatcherServlet 'dispatcherServlet'
2024-02-20 14:31:43.759 ERROR - LAP-NFS1192 - Cannot invoke "java.io.ByteArrayOutputStream.toString()" because "this.bos" is null
2024-02-20 14:31:58.472 INFO  - LAP-NFS1192 - REST Request - [HTTP METHOD:POST] [PATH INFO:/login] [REQUEST PARAMETERS:{}] [REQUEST BODY:{"username" : "mohisn","password" : "123"}] [REMOTE ADDRESS:0:0:0:0:0:0:0:1] [RESPONSE:{"token":"eyJhbGciOiJIUzM4NCJ9.eyJzdWIiOiJtb2hpc24iLCJpYXQiOjE3MDg0MTQzMTgsImV4cCI6MTcwODUwMDcxOH0.g8QJlIFk1QwN6IOaQypb7h-6kbfdHoNk6xsOYOKSjascG27aI2iQJTx7VG4Q1pKL"}]
2024-02-20 14:32:02.178 INFO  - LAP-NFS1192 - REST Request - [HTTP METHOD:POST] [PATH INFO:/login] [REQUEST PARAMETERS:{}] [REQUEST BODY:{"username" : "mohisn","password" : "123"}] [REMOTE ADDRESS:0:0:0:0:0:0:0:1] [RESPONSE:{"token":"eyJhbGciOiJIUzM4NCJ9.eyJzdWIiOiJtb2hpc24iLCJpYXQiOjE3MDg0MTQzMjIsImV4cCI6MTcwODUwMDcyMn0.qXG3cbV5_73GHOiuR8-FhWMAk8DeFbIk-Ikt_WyC0331nG4byWW8Mr7L-44iOuee"}]
2024-02-20 14:32:16.513 ERROR - LAP-NFS1192 - Cannot invoke "java.io.ByteArrayOutputStream.toString()" because "this.bos" is null
2024-02-20 14:32:26.242 WARN  - LAP-NFS1192 - Resolved [org.springframework.web.HttpRequestMethodNotSupportedException: Request method 'POST' is not supported]
2024-02-20 14:32:26.243 ERROR - LAP-NFS1192 - Cannot invoke "java.io.ByteArrayOutputStream.toString()" because "this.bos" is null
2024-02-20 14:32:38.800 WARN  - LAP-NFS1192 - Resolved [org.springframework.web.bind.MissingServletRequestParameterException: Required request parameter 'param' for method parameter type String is not present]
2024-02-20 14:32:38.801 ERROR - LAP-NFS1192 - Cannot invoke "java.io.ByteArrayOutputStream.toString()" because "this.bos" is null
2024-02-20 14:32:51.405 WARN  - LAP-NFS1192 - Resolved [org.springframework.web.bind.MissingServletRequestParameterException: Required request parameter 'param' for method parameter type String is not present]
2024-02-20 14:32:51.407 ERROR - LAP-NFS1192 - Cannot invoke "java.io.ByteArrayOutputStream.toString()" because "this.bos" is null
2024-02-20 14:33:01.287 WARN  - LAP-NFS1192 - Resolved [org.springframework.web.bind.MissingServletRequestParameterException: Required request parameter 'param' for method parameter type String is not present]
2024-02-20 14:33:01.288 ERROR - LAP-NFS1192 - Cannot invoke "java.io.ByteArrayOutputStream.toString()" because "this.bos" is null
2024-02-20 14:33:20.710 WARN  - LAP-NFS1192 - Resolved [org.springframework.web.bind.MissingServletRequestParameterException: Required request parameter 'param' for method parameter type String is not present]
2024-02-20 14:33:20.711 ERROR - LAP-NFS1192 - Cannot invoke "java.io.ByteArrayOutputStream.toString()" because "this.bos" is null
2024-02-20 14:34:08.369 INFO  - LAP-NFS1192 - Starting KhataApplication using Java 17.0.8.1 with PID 54104 (D:\JKD17WorkSpace\Personal\khata\target\classes started by Administrator in D:\JKD17WorkSpace\Personal\khata)
2024-02-20 14:34:08.374 INFO  - LAP-NFS1192 - No active profile set, falling back to 1 default profile: "default"
2024-02-20 14:34:09.508 INFO  - LAP-NFS1192 - Bootstrapping Spring Data JPA repositories in DEFAULT mode.
2024-02-20 14:34:09.629 INFO  - LAP-NFS1192 - Finished Spring Data repository scanning in 102 ms. Found 2 JPA repository interfaces.
2024-02-20 14:34:10.566 INFO  - LAP-NFS1192 - Tomcat initialized with port(s): 9010 (http)
2024-02-20 14:34:10.581 INFO  - LAP-NFS1192 - Initializing ProtocolHandler ["http-nio-9010"]
2024-02-20 14:34:10.585 INFO  - LAP-NFS1192 - Starting service [Tomcat]
2024-02-20 14:34:10.586 INFO  - LAP-NFS1192 - Starting Servlet engine: [Apache Tomcat/10.1.15]
2024-02-20 14:34:10.772 INFO  - LAP-NFS1192 - Initializing Spring embedded WebApplicationContext
2024-02-20 14:34:10.774 INFO  - LAP-NFS1192 - Root WebApplicationContext: initialization completed in 2325 ms
2024-02-20 14:34:11.568 INFO  - LAP-NFS1192 - No LoadTimeWeaver setup: ignoring JPA class transformer
2024-02-20 14:34:11.618 INFO  - LAP-NFS1192 - HikariPool-1 - Starting...
2024-02-20 14:34:11.889 INFO  - LAP-NFS1192 - HikariPool-1 - Added connection com.mysql.cj.jdbc.ConnectionImpl@28fa541
2024-02-20 14:34:11.893 INFO  - LAP-NFS1192 - HikariPool-1 - Start completed.
2024-02-20 14:34:13.641 INFO  - LAP-NFS1192 - Initialized JPA EntityManagerFactory for persistence unit 'default'
2024-02-20 14:34:14.391 WARN  - LAP-NFS1192 - spring.jpa.open-in-view is enabled by default. Therefore, database queries may be performed during view rendering. Explicitly configure spring.jpa.open-in-view to disable this warning
2024-02-20 14:34:14.991 INFO  - LAP-NFS1192 - Will secure any request with [org.springframework.security.web.session.DisableEncodeUrlFilter@2314f013, org.springframework.security.web.context.request.async.WebAsyncManagerIntegrationFilter@72ae1007, org.springframework.security.web.context.SecurityContextHolderFilter@2981064d, org.springframework.security.web.header.HeaderWriterFilter@3894d1b1, org.springframework.security.web.authentication.logout.LogoutFilter@4c682826, com.khata.onsite.security.filter.JwtAuthenticationFilter@147c4523, org.springframework.security.web.savedrequest.RequestCacheAwareFilter@7ef8899d, org.springframework.security.web.servletapi.SecurityContextHolderAwareRequestFilter@89dd102, org.springframework.security.web.authentication.AnonymousAuthenticationFilter@4545cfc0, org.springframework.security.web.session.SessionManagementFilter@3da12ba4, org.springframework.security.web.access.ExceptionTranslationFilter@1d2ce035, org.springframework.security.web.access.intercept.AuthorizationFilter@57d0c779]
2024-02-20 14:34:15.495 INFO  - LAP-NFS1192 - Starting ProtocolHandler ["http-nio-9010"]
2024-02-20 14:34:15.522 INFO  - LAP-NFS1192 - Tomcat started on port(s): 9010 (http) with context path ''
2024-02-20 14:34:15.531 INFO  - LAP-NFS1192 - Started KhataApplication in 7.886 seconds (process running for 8.874)
2024-02-20 14:35:15.939 INFO  - LAP-NFS1192 - Initializing Spring DispatcherServlet 'dispatcherServlet'
2024-02-20 14:35:16.771 INFO  - LAP-NFS1192 - REST Request - [HTTP METHOD:POST] [PATH INFO:/login] [REQUEST PARAMETERS:{}] [REQUEST BODY:{"username" : "mohisn","password" : "123"}] [REMOTE ADDRESS:0:0:0:0:0:0:0:1] [RESPONSE:{"token":"eyJhbGciOiJIUzM4NCJ9.eyJzdWIiOiJtb2hpc24iLCJpYXQiOjE3MDg0MTQ1MTYsImV4cCI6MTcwODUwMDkxNn0.Y_TG7R4b-a3SX4W8EzLBdHu5nmI1Y291BCrlq0SLmIBhrQqWMbfZbN9LvTAxt2LK"}]
2024-02-20 14:35:30.720 INFO  - LAP-NFS1192 - REST Request - [HTTP METHOD:GET] [PATH INFO:/userAndAdminAccess] [REQUEST PARAMETERS:{}] [REQUEST BODY:{}] [REMOTE ADDRESS:0:0:0:0:0:0:0:1] [RESPONSE:Its valid for both user and admin token.]
2024-02-20 14:35:52.508 INFO  - LAP-NFS1192 - REST Request - [HTTP METHOD:GET] [PATH INFO:/adminAccessOnly] [REQUEST PARAMETERS:{}] [REQUEST BODY:{}] [REMOTE ADDRESS:0:0:0:0:0:0:0:1] [RESPONSE:Its valid for admin token only.]
2024-02-20 14:40:42.401 INFO  - LAP-NFS1192 - Starting KhataApplication using Java 17.0.8.1 with PID 44096 (D:\JKD17WorkSpace\Personal\khata\target\classes started by Administrator in D:\JKD17WorkSpace\Personal\khata)
2024-02-20 14:40:42.405 INFO  - LAP-NFS1192 - No active profile set, falling back to 1 default profile: "default"
2024-02-20 14:40:43.746 INFO  - LAP-NFS1192 - Bootstrapping Spring Data JPA repositories in DEFAULT mode.
2024-02-20 14:40:43.858 INFO  - LAP-NFS1192 - Finished Spring Data repository scanning in 100 ms. Found 2 JPA repository interfaces.
2024-02-20 14:40:44.903 INFO  - LAP-NFS1192 - Tomcat initialized with port(s): 9010 (http)
2024-02-20 14:40:44.920 INFO  - LAP-NFS1192 - Initializing ProtocolHandler ["http-nio-9010"]
2024-02-20 14:40:44.923 INFO  - LAP-NFS1192 - Starting service [Tomcat]
2024-02-20 14:40:44.924 INFO  - LAP-NFS1192 - Starting Servlet engine: [Apache Tomcat/10.1.15]
2024-02-20 14:40:45.122 INFO  - LAP-NFS1192 - Initializing Spring embedded WebApplicationContext
2024-02-20 14:40:45.125 INFO  - LAP-NFS1192 - Root WebApplicationContext: initialization completed in 2619 ms
2024-02-20 14:40:45.926 INFO  - LAP-NFS1192 - No LoadTimeWeaver setup: ignoring JPA class transformer
2024-02-20 14:40:45.972 INFO  - LAP-NFS1192 - HikariPool-1 - Starting...
2024-02-20 14:40:46.236 INFO  - LAP-NFS1192 - HikariPool-1 - Added connection com.mysql.cj.jdbc.ConnectionImpl@5a82bc58
2024-02-20 14:40:46.240 INFO  - LAP-NFS1192 - HikariPool-1 - Start completed.
2024-02-20 14:40:47.812 INFO  - LAP-NFS1192 - Initialized JPA EntityManagerFactory for persistence unit 'default'
2024-02-20 14:40:48.589 WARN  - LAP-NFS1192 - spring.jpa.open-in-view is enabled by default. Therefore, database queries may be performed during view rendering. Explicitly configure spring.jpa.open-in-view to disable this warning
2024-02-20 14:40:49.542 INFO  - LAP-NFS1192 - Will secure any request with [org.springframework.security.web.session.DisableEncodeUrlFilter@59f5a376, org.springframework.security.web.context.request.async.WebAsyncManagerIntegrationFilter@19c6e821, org.springframework.security.web.context.SecurityContextHolderFilter@8929865, org.springframework.security.web.header.HeaderWriterFilter@1b949de4, org.springframework.security.web.authentication.logout.LogoutFilter@4545cfc0, com.khata.onsite.security.filter.JwtAuthenticationFilter@551725e4, org.springframework.security.web.savedrequest.RequestCacheAwareFilter@6d97a357, org.springframework.security.web.servletapi.SecurityContextHolderAwareRequestFilter@4924ad09, org.springframework.security.web.authentication.AnonymousAuthenticationFilter@1dfd3635, org.springframework.security.web.session.SessionManagementFilter@4b517357, org.springframework.security.web.access.ExceptionTranslationFilter@3da12ba4, org.springframework.security.web.access.intercept.AuthorizationFilter@f69e35a]
2024-02-20 14:40:49.899 INFO  - LAP-NFS1192 - Starting ProtocolHandler ["http-nio-9010"]
2024-02-20 14:40:49.956 INFO  - LAP-NFS1192 - Tomcat started on port(s): 9010 (http) with context path ''
2024-02-20 14:40:49.988 INFO  - LAP-NFS1192 - Started KhataApplication in 8.453 seconds (process running for 9.386)
2024-02-20 14:40:58.339 INFO  - LAP-NFS1192 - Initializing Spring DispatcherServlet 'dispatcherServlet'
2024-02-20 14:40:59.077 INFO  - LAP-NFS1192 - REST Request - [HTTP METHOD:POST] [PATH INFO:/login] [REQUEST PARAMETERS:{}] [REQUEST BODY:{"username" : "mohisn","password" : "123"}] [REMOTE ADDRESS:0:0:0:0:0:0:0:1] [RESPONSE:{"token":"eyJhbGciOiJIUzM4NCJ9.eyJzdWIiOiJtb2hpc24iLCJpYXQiOjE3MDg0MTQ4NTksImV4cCI6MTcwODUwMTI1OX0.jA-h_eWQA_YZHoTzWT7ERkgLUEt-fCzzhyOPLL2kzN44rUf8x6VHsbruxE8s917p"}]
2024-02-20 14:41:47.425 INFO  - LAP-NFS1192 - REST Request - [HTTP METHOD:GET] [PATH INFO:/userAndAdminAccess] [REQUEST PARAMETERS:{}] [REQUEST BODY:{}] [REMOTE ADDRESS:0:0:0:0:0:0:0:1] [RESPONSE:Its valid for both user and admin token.]
2024-02-20 14:41:56.261 INFO  - LAP-NFS1192 - REST Request - [HTTP METHOD:GET] [PATH INFO:/userAndAdminAccess] [REQUEST PARAMETERS:{}] [REQUEST BODY:{}] [REMOTE ADDRESS:0:0:0:0:0:0:0:1] [RESPONSE:Its valid for both user and admin token.]
2024-02-20 14:42:38.021 INFO  - LAP-NFS1192 - REST Request - [HTTP METHOD:POST] [PATH INFO:/register] [REQUEST PARAMETERS:{}] [REQUEST BODY:{"firstName": "Mohsin","lastName" : "Shabbir","username" : "mohisn1","password" : "123","role" : "ADMIN"}] [REMOTE ADDRESS:0:0:0:0:0:0:0:1] [RESPONSE:{"token":"eyJhbGciOiJIUzM4NCJ9.eyJzdWIiOiJtb2hpc24xIiwiaWF0IjoxNzA4NDE0OTU4LCJleHAiOjE3MDg1MDEzNTh9.Zl-cyTauGYale-Ns2UWMp7aa4ubnOspucCLMlZzj1EDIARQ6wdPOCCoJkSmNaNDI"}]
2024-02-20 14:42:53.714 INFO  - LAP-NFS1192 - REST Request - [HTTP METHOD:GET] [PATH INFO:/userAndAdminAccess] [REQUEST PARAMETERS:{}] [REQUEST BODY:{}] [REMOTE ADDRESS:0:0:0:0:0:0:0:1] [RESPONSE:Its valid for both user and admin token.]
2024-02-20 14:43:20.851 ERROR - LAP-NFS1192 - Servlet.service() for servlet [dispatcherServlet] in context with path [] threw exception
io.jsonwebtoken.MalformedJwtException: Compact JWT strings may not contain whitespace.
	at io.jsonwebtoken.impl.JwtTokenizer.tokenize(JwtTokenizer.java:67)
	at io.jsonwebtoken.impl.DefaultJwtParser.parse(DefaultJwtParser.java:370)
	at io.jsonwebtoken.impl.DefaultJwtParser.parse(DefaultJwtParser.java:362)
	at io.jsonwebtoken.impl.DefaultJwtParser.parse(DefaultJwtParser.java:94)
	at io.jsonwebtoken.impl.io.AbstractParser.parse(AbstractParser.java:36)
	at io.jsonwebtoken.impl.io.AbstractParser.parse(AbstractParser.java:29)
	at io.jsonwebtoken.impl.DefaultJwtParser.parseSignedClaims(DefaultJwtParser.java:821)
	at com.khata.onsite.security.service.JWTService.extractAllClaims(JWTService.java:44)
	at com.khata.onsite.security.service.JWTService.extractClaim(JWTService.java:51)
	at com.khata.onsite.security.service.JWTService.getUsername(JWTService.java:58)
	at com.khata.onsite.security.filter.JwtAuthenticationFilter.doFilterInternal(JwtAuthenticationFilter.java:45)
	at org.springframework.web.filter.OncePerRequestFilter.doFilter(OncePerRequestFilter.java:116)
	at org.springframework.security.web.FilterChainProxy$VirtualFilterChain.doFilter(FilterChainProxy.java:374)
	at org.springframework.security.web.authentication.logout.LogoutFilter.doFilter(LogoutFilter.java:107)
	at org.springframework.security.web.authentication.logout.LogoutFilter.doFilter(LogoutFilter.java:93)
	at org.springframework.security.web.FilterChainProxy$VirtualFilterChain.doFilter(FilterChainProxy.java:374)
	at org.springframework.security.web.header.HeaderWriterFilter.doHeadersAfter(HeaderWriterFilter.java:90)
	at org.springframework.security.web.header.HeaderWriterFilter.doFilterInternal(HeaderWriterFilter.java:75)
	at org.springframework.web.filter.OncePerRequestFilter.doFilter(OncePerRequestFilter.java:116)
	at org.springframework.security.web.FilterChainProxy$VirtualFilterChain.doFilter(FilterChainProxy.java:374)
	at org.springframework.security.web.context.SecurityContextHolderFilter.doFilter(SecurityContextHolderFilter.java:82)
	at org.springframework.security.web.context.SecurityContextHolderFilter.doFilter(SecurityContextHolderFilter.java:69)
	at org.springframework.security.web.FilterChainProxy$VirtualFilterChain.doFilter(FilterChainProxy.java:374)
	at org.springframework.security.web.context.request.async.WebAsyncManagerIntegrationFilter.doFilterInternal(WebAsyncManagerIntegrationFilter.java:62)
	at org.springframework.web.filter.OncePerRequestFilter.doFilter(OncePerRequestFilter.java:116)
	at org.springframework.security.web.FilterChainProxy$VirtualFilterChain.doFilter(FilterChainProxy.java:374)
	at org.springframework.security.web.session.DisableEncodeUrlFilter.doFilterInternal(DisableEncodeUrlFilter.java:42)
	at org.springframework.web.filter.OncePerRequestFilter.doFilter(OncePerRequestFilter.java:116)
	at org.springframework.security.web.FilterChainProxy$VirtualFilterChain.doFilter(FilterChainProxy.java:374)
	at org.springframework.security.web.FilterChainProxy.doFilterInternal(FilterChainProxy.java:233)
	at org.springframework.security.web.FilterChainProxy.doFilter(FilterChainProxy.java:191)
	at org.springframework.web.filter.DelegatingFilterProxy.invokeDelegate(DelegatingFilterProxy.java:352)
	at org.springframework.web.filter.DelegatingFilterProxy.doFilter(DelegatingFilterProxy.java:268)
	at org.apache.catalina.core.ApplicationFilterChain.internalDoFilter(ApplicationFilterChain.java:174)
	at org.apache.catalina.core.ApplicationFilterChain.doFilter(ApplicationFilterChain.java:149)
	at org.springframework.web.filter.RequestContextFilter.doFilterInternal(RequestContextFilter.java:100)
	at org.springframework.web.filter.OncePerRequestFilter.doFilter(OncePerRequestFilter.java:116)
	at org.apache.catalina.core.ApplicationFilterChain.internalDoFilter(ApplicationFilterChain.java:174)
	at org.apache.catalina.core.ApplicationFilterChain.doFilter(ApplicationFilterChain.java:149)
	at org.springframework.web.filter.FormContentFilter.doFilterInternal(FormContentFilter.java:93)
	at org.springframework.web.filter.OncePerRequestFilter.doFilter(OncePerRequestFilter.java:116)
	at org.apache.catalina.core.ApplicationFilterChain.internalDoFilter(ApplicationFilterChain.java:174)
	at org.apache.catalina.core.ApplicationFilterChain.doFilter(ApplicationFilterChain.java:149)
	at org.springframework.web.filter.CharacterEncodingFilter.doFilterInternal(CharacterEncodingFilter.java:201)
	at org.springframework.web.filter.OncePerRequestFilter.doFilter(OncePerRequestFilter.java:116)
	at org.apache.catalina.core.ApplicationFilterChain.internalDoFilter(ApplicationFilterChain.java:174)
	at org.apache.catalina.core.ApplicationFilterChain.doFilter(ApplicationFilterChain.java:149)
	at org.apache.catalina.core.StandardWrapperValve.invoke(StandardWrapperValve.java:167)
	at org.apache.catalina.core.StandardContextValve.invoke(StandardContextValve.java:90)
	at org.apache.catalina.authenticator.AuthenticatorBase.invoke(AuthenticatorBase.java:482)
	at org.apache.catalina.core.StandardHostValve.invoke(StandardHostValve.java:115)
	at org.apache.catalina.valves.ErrorReportValve.invoke(ErrorReportValve.java:93)
	at org.apache.catalina.core.StandardEngineValve.invoke(StandardEngineValve.java:74)
	at org.apache.catalina.connector.CoyoteAdapter.service(CoyoteAdapter.java:340)
	at org.apache.coyote.http11.Http11Processor.service(Http11Processor.java:391)
	at org.apache.coyote.AbstractProcessorLight.process(AbstractProcessorLight.java:63)
	at org.apache.coyote.AbstractProtocol$ConnectionHandler.process(AbstractProtocol.java:896)
	at org.apache.tomcat.util.net.NioEndpoint$SocketProcessor.doRun(NioEndpoint.java:1744)
	at org.apache.tomcat.util.net.SocketProcessorBase.run(SocketProcessorBase.java:52)
	at org.apache.tomcat.util.threads.ThreadPoolExecutor.runWorker(ThreadPoolExecutor.java:1191)
	at org.apache.tomcat.util.threads.ThreadPoolExecutor$Worker.run(ThreadPoolExecutor.java:659)
	at org.apache.tomcat.util.threads.TaskThread$WrappingRunnable.run(TaskThread.java:61)
	at java.base/java.lang.Thread.run(Thread.java:833)
2024-02-20 14:43:25.736 INFO  - LAP-NFS1192 - REST Request - [HTTP METHOD:GET] [PATH INFO:/adminAccessOnly] [REQUEST PARAMETERS:{}] [REQUEST BODY:{}] [REMOTE ADDRESS:0:0:0:0:0:0:0:1] [RESPONSE:Its valid for admin token only.]
2024-02-20 14:43:36.311 INFO  - LAP-NFS1192 - REST Request - [HTTP METHOD:GET] [PATH INFO:/adminAccessOnly] [REQUEST PARAMETERS:{}] [REQUEST BODY:{}] [REMOTE ADDRESS:0:0:0:0:0:0:0:1] [RESPONSE:Its valid for admin token only.]
2024-02-20 14:43:40.931 INFO  - LAP-NFS1192 - REST Request - [HTTP METHOD:GET] [PATH INFO:/userAndAdminAccess] [REQUEST PARAMETERS:{}] [REQUEST BODY:{}] [REMOTE ADDRESS:0:0:0:0:0:0:0:1] [RESPONSE:Its valid for both user and admin token.]
2024-02-20 14:56:47.026 INFO  - LAP-NFS1192 - Starting KhataApplication using Java 17.0.8.1 with PID 50708 (D:\JKD17WorkSpace\Personal\khata\target\classes started by Administrator in D:\JKD17WorkSpace\Personal\khata)
2024-02-20 14:56:47.030 INFO  - LAP-NFS1192 - No active profile set, falling back to 1 default profile: "default"
2024-02-20 14:56:48.856 INFO  - LAP-NFS1192 - Bootstrapping Spring Data JPA repositories in DEFAULT mode.
2024-02-20 14:56:49.034 INFO  - LAP-NFS1192 - Finished Spring Data repository scanning in 141 ms. Found 2 JPA repository interfaces.
2024-02-20 14:56:50.329 INFO  - LAP-NFS1192 - Tomcat initialized with port(s): 9010 (http)
2024-02-20 14:56:50.342 INFO  - LAP-NFS1192 - Initializing ProtocolHandler ["http-nio-9010"]
2024-02-20 14:56:50.346 INFO  - LAP-NFS1192 - Starting service [Tomcat]
2024-02-20 14:56:50.346 INFO  - LAP-NFS1192 - Starting Servlet engine: [Apache Tomcat/10.1.15]
2024-02-20 14:56:50.550 INFO  - LAP-NFS1192 - Initializing Spring embedded WebApplicationContext
2024-02-20 14:56:50.552 INFO  - LAP-NFS1192 - Root WebApplicationContext: initialization completed in 3418 ms
2024-02-20 14:56:51.238 INFO  - LAP-NFS1192 - No LoadTimeWeaver setup: ignoring JPA class transformer
2024-02-20 14:56:51.281 INFO  - LAP-NFS1192 - HikariPool-1 - Starting...
2024-02-20 14:56:51.534 INFO  - LAP-NFS1192 - HikariPool-1 - Added connection com.mysql.cj.jdbc.ConnectionImpl@57b1ec84
2024-02-20 14:56:51.538 INFO  - LAP-NFS1192 - HikariPool-1 - Start completed.
2024-02-20 14:56:52.985 INFO  - LAP-NFS1192 - Initialized JPA EntityManagerFactory for persistence unit 'default'
2024-02-20 14:56:53.545 WARN  - LAP-NFS1192 - spring.jpa.open-in-view is enabled by default. Therefore, database queries may be performed during view rendering. Explicitly configure spring.jpa.open-in-view to disable this warning
2024-02-20 14:56:54.187 INFO  - LAP-NFS1192 - Will secure any request with [org.springframework.security.web.session.DisableEncodeUrlFilter@3abd7b20, org.springframework.security.web.context.request.async.WebAsyncManagerIntegrationFilter@329a27ae, org.springframework.security.web.context.SecurityContextHolderFilter@2b826482, org.springframework.security.web.header.HeaderWriterFilter@2c8f7d6a, org.springframework.security.web.authentication.logout.LogoutFilter@44bb6856, com.khata.onsite.security.filter.JwtAuthenticationFilter@136a4800, org.springframework.security.web.savedrequest.RequestCacheAwareFilter@153c69bc, org.springframework.security.web.servletapi.SecurityContextHolderAwareRequestFilter@62d5617, org.springframework.security.web.authentication.AnonymousAuthenticationFilter@589a82af, org.springframework.security.web.session.SessionManagementFilter@60ae950f, org.springframework.security.web.access.ExceptionTranslationFilter@156d7556, org.springframework.security.web.access.intercept.AuthorizationFilter@58ca1cad]
2024-02-20 14:56:54.571 INFO  - LAP-NFS1192 - Starting ProtocolHandler ["http-nio-9010"]
2024-02-20 14:56:54.604 INFO  - LAP-NFS1192 - Tomcat started on port(s): 9010 (http) with context path ''
2024-02-20 14:56:54.622 INFO  - LAP-NFS1192 - Started KhataApplication in 8.677 seconds (process running for 9.668)
2024-02-20 16:27:39.640 INFO  - LAP-NFS1192 - Starting KhataApplication using Java 17.0.8.1 with PID 37192 (D:\JKD17WorkSpace\Personal\khata\target\classes started by Administrator in D:\JKD17WorkSpace\Personal\khata)
2024-02-20 16:27:39.644 INFO  - LAP-NFS1192 - No active profile set, falling back to 1 default profile: "default"
2024-02-20 16:27:40.690 INFO  - LAP-NFS1192 - Bootstrapping Spring Data JPA repositories in DEFAULT mode.
2024-02-20 16:27:40.782 INFO  - LAP-NFS1192 - Finished Spring Data repository scanning in 80 ms. Found 2 JPA repository interfaces.
2024-02-20 16:27:41.588 INFO  - LAP-NFS1192 - Tomcat initialized with port(s): 9010 (http)
2024-02-20 16:27:41.601 INFO  - LAP-NFS1192 - Initializing ProtocolHandler ["http-nio-9010"]
2024-02-20 16:27:41.605 INFO  - LAP-NFS1192 - Starting service [Tomcat]
2024-02-20 16:27:41.605 INFO  - LAP-NFS1192 - Starting Servlet engine: [Apache Tomcat/10.1.15]
2024-02-20 16:27:41.756 INFO  - LAP-NFS1192 - Initializing Spring embedded WebApplicationContext
2024-02-20 16:27:41.758 INFO  - LAP-NFS1192 - Root WebApplicationContext: initialization completed in 2046 ms
2024-02-20 16:27:42.404 INFO  - LAP-NFS1192 - No LoadTimeWeaver setup: ignoring JPA class transformer
2024-02-20 16:27:42.445 INFO  - LAP-NFS1192 - HikariPool-1 - Starting...
2024-02-20 16:27:42.680 INFO  - LAP-NFS1192 - HikariPool-1 - Added connection com.mysql.cj.jdbc.ConnectionImpl@11ad095c
2024-02-20 16:27:42.684 INFO  - LAP-NFS1192 - HikariPool-1 - Start completed.
2024-02-20 16:27:44.001 INFO  - LAP-NFS1192 - Initialized JPA EntityManagerFactory for persistence unit 'default'
2024-02-20 16:27:44.558 WARN  - LAP-NFS1192 - spring.jpa.open-in-view is enabled by default. Therefore, database queries may be performed during view rendering. Explicitly configure spring.jpa.open-in-view to disable this warning
2024-02-20 16:27:45.074 INFO  - LAP-NFS1192 - Will secure any request with [org.springframework.security.web.session.DisableEncodeUrlFilter@65528bcf, org.springframework.security.web.context.request.async.WebAsyncManagerIntegrationFilter@7bb4f09d, org.springframework.security.web.context.SecurityContextHolderFilter@106c73ed, org.springframework.security.web.header.HeaderWriterFilter@73cfafd8, org.springframework.security.web.authentication.logout.LogoutFilter@602e7a9e, com.khata.onsite.security.filter.JwtAuthenticationFilter@17635531, org.springframework.security.web.savedrequest.RequestCacheAwareFilter@122a6078, org.springframework.security.web.servletapi.SecurityContextHolderAwareRequestFilter@3dedc8b8, org.springframework.security.web.authentication.AnonymousAuthenticationFilter@ee7a538, org.springframework.security.web.session.SessionManagementFilter@3a1540be, org.springframework.security.web.access.ExceptionTranslationFilter@3f908a10, org.springframework.security.web.access.intercept.AuthorizationFilter@3c3a767]
2024-02-20 16:27:45.393 INFO  - LAP-NFS1192 - Starting ProtocolHandler ["http-nio-9010"]
2024-02-20 16:27:45.421 INFO  - LAP-NFS1192 - Tomcat started on port(s): 9010 (http) with context path ''
2024-02-20 16:27:45.432 INFO  - LAP-NFS1192 - Started KhataApplication in 6.531 seconds (process running for 7.469)
2024-02-20 16:27:52.689 INFO  - LAP-NFS1192 - Initializing Spring DispatcherServlet 'dispatcherServlet'
2024-02-20 16:27:53.258 INFO  - LAP-NFS1192 - REST Request - [HTTP METHOD:GET] [PATH INFO:/userAndAdminAccess] [REQUEST PARAMETERS:{}] [REQUEST BODY:{}] [REMOTE ADDRESS:0:0:0:0:0:0:0:1] [RESPONSE:Its valid for both user and admin token.]
2024-02-20 16:28:00.391 ERROR - LAP-NFS1192 - Servlet.service() for servlet [dispatcherServlet] in context with path [] threw exception
io.jsonwebtoken.MalformedJwtException: Malformed protected header JSON: Unable to deserialize: Unexpected character ('�' (code 65533 / 0xfffd)): expected a valid value (JSON String, Number, Array, Object or token 'null', 'true' or 'false')
 at [Source: (InputStreamReader); line: 1, column: 2]
	at io.jsonwebtoken.impl.io.JsonObjectDeserializer.malformed(JsonObjectDeserializer.java:76)
	at io.jsonwebtoken.impl.io.JsonObjectDeserializer.apply(JsonObjectDeserializer.java:70)
	at io.jsonwebtoken.impl.DefaultJwtParser.deserialize(DefaultJwtParser.java:890)
	at io.jsonwebtoken.impl.DefaultJwtParser.parse(DefaultJwtParser.java:380)
	at io.jsonwebtoken.impl.DefaultJwtParser.parse(DefaultJwtParser.java:362)
	at io.jsonwebtoken.impl.DefaultJwtParser.parse(DefaultJwtParser.java:94)
	at io.jsonwebtoken.impl.io.AbstractParser.parse(AbstractParser.java:36)
	at io.jsonwebtoken.impl.io.AbstractParser.parse(AbstractParser.java:29)
	at io.jsonwebtoken.impl.DefaultJwtParser.parseSignedClaims(DefaultJwtParser.java:821)
	at com.khata.onsite.security.service.JWTService.extractAllClaims(JWTService.java:44)
	at com.khata.onsite.security.service.JWTService.extractClaim(JWTService.java:51)
	at com.khata.onsite.security.service.JWTService.getUsername(JWTService.java:58)
	at com.khata.onsite.security.filter.JwtAuthenticationFilter.doFilterInternal(JwtAuthenticationFilter.java:46)
	at org.springframework.web.filter.OncePerRequestFilter.doFilter(OncePerRequestFilter.java:116)
	at org.springframework.security.web.FilterChainProxy$VirtualFilterChain.doFilter(FilterChainProxy.java:374)
	at org.springframework.security.web.authentication.logout.LogoutFilter.doFilter(LogoutFilter.java:107)
	at org.springframework.security.web.authentication.logout.LogoutFilter.doFilter(LogoutFilter.java:93)
	at org.springframework.security.web.FilterChainProxy$VirtualFilterChain.doFilter(FilterChainProxy.java:374)
	at org.springframework.security.web.header.HeaderWriterFilter.doHeadersAfter(HeaderWriterFilter.java:90)
	at org.springframework.security.web.header.HeaderWriterFilter.doFilterInternal(HeaderWriterFilter.java:75)
	at org.springframework.web.filter.OncePerRequestFilter.doFilter(OncePerRequestFilter.java:116)
	at org.springframework.security.web.FilterChainProxy$VirtualFilterChain.doFilter(FilterChainProxy.java:374)
	at org.springframework.security.web.context.SecurityContextHolderFilter.doFilter(SecurityContextHolderFilter.java:82)
	at org.springframework.security.web.context.SecurityContextHolderFilter.doFilter(SecurityContextHolderFilter.java:69)
	at org.springframework.security.web.FilterChainProxy$VirtualFilterChain.doFilter(FilterChainProxy.java:374)
	at org.springframework.security.web.context.request.async.WebAsyncManagerIntegrationFilter.doFilterInternal(WebAsyncManagerIntegrationFilter.java:62)
	at org.springframework.web.filter.OncePerRequestFilter.doFilter(OncePerRequestFilter.java:116)
	at org.springframework.security.web.FilterChainProxy$VirtualFilterChain.doFilter(FilterChainProxy.java:374)
	at org.springframework.security.web.session.DisableEncodeUrlFilter.doFilterInternal(DisableEncodeUrlFilter.java:42)
	at org.springframework.web.filter.OncePerRequestFilter.doFilter(OncePerRequestFilter.java:116)
	at org.springframework.security.web.FilterChainProxy$VirtualFilterChain.doFilter(FilterChainProxy.java:374)
	at org.springframework.security.web.FilterChainProxy.doFilterInternal(FilterChainProxy.java:233)
	at org.springframework.security.web.FilterChainProxy.doFilter(FilterChainProxy.java:191)
	at org.springframework.web.filter.DelegatingFilterProxy.invokeDelegate(DelegatingFilterProxy.java:352)
	at org.springframework.web.filter.DelegatingFilterProxy.doFilter(DelegatingFilterProxy.java:268)
	at org.apache.catalina.core.ApplicationFilterChain.internalDoFilter(ApplicationFilterChain.java:174)
	at org.apache.catalina.core.ApplicationFilterChain.doFilter(ApplicationFilterChain.java:149)
	at org.springframework.web.filter.RequestContextFilter.doFilterInternal(RequestContextFilter.java:100)
	at org.springframework.web.filter.OncePerRequestFilter.doFilter(OncePerRequestFilter.java:116)
	at org.apache.catalina.core.ApplicationFilterChain.internalDoFilter(ApplicationFilterChain.java:174)
	at org.apache.catalina.core.ApplicationFilterChain.doFilter(ApplicationFilterChain.java:149)
	at org.springframework.web.filter.FormContentFilter.doFilterInternal(FormContentFilter.java:93)
	at org.springframework.web.filter.OncePerRequestFilter.doFilter(OncePerRequestFilter.java:116)
	at org.apache.catalina.core.ApplicationFilterChain.internalDoFilter(ApplicationFilterChain.java:174)
	at org.apache.catalina.core.ApplicationFilterChain.doFilter(ApplicationFilterChain.java:149)
	at org.springframework.web.filter.CharacterEncodingFilter.doFilterInternal(CharacterEncodingFilter.java:201)
	at org.springframework.web.filter.OncePerRequestFilter.doFilter(OncePerRequestFilter.java:116)
	at org.apache.catalina.core.ApplicationFilterChain.internalDoFilter(ApplicationFilterChain.java:174)
	at org.apache.catalina.core.ApplicationFilterChain.doFilter(ApplicationFilterChain.java:149)
	at org.apache.catalina.core.StandardWrapperValve.invoke(StandardWrapperValve.java:167)
	at org.apache.catalina.core.StandardContextValve.invoke(StandardContextValve.java:90)
	at org.apache.catalina.authenticator.AuthenticatorBase.invoke(AuthenticatorBase.java:482)
	at org.apache.catalina.core.StandardHostValve.invoke(StandardHostValve.java:115)
	at org.apache.catalina.valves.ErrorReportValve.invoke(ErrorReportValve.java:93)
	at org.apache.catalina.core.StandardEngineValve.invoke(StandardEngineValve.java:74)
	at org.apache.catalina.connector.CoyoteAdapter.service(CoyoteAdapter.java:340)
	at org.apache.coyote.http11.Http11Processor.service(Http11Processor.java:391)
	at org.apache.coyote.AbstractProcessorLight.process(AbstractProcessorLight.java:63)
	at org.apache.coyote.AbstractProtocol$ConnectionHandler.process(AbstractProtocol.java:896)
	at org.apache.tomcat.util.net.NioEndpoint$SocketProcessor.doRun(NioEndpoint.java:1744)
	at org.apache.tomcat.util.net.SocketProcessorBase.run(SocketProcessorBase.java:52)
	at org.apache.tomcat.util.threads.ThreadPoolExecutor.runWorker(ThreadPoolExecutor.java:1191)
	at org.apache.tomcat.util.threads.ThreadPoolExecutor$Worker.run(ThreadPoolExecutor.java:659)
	at org.apache.tomcat.util.threads.TaskThread$WrappingRunnable.run(TaskThread.java:61)
	at java.base/java.lang.Thread.run(Thread.java:833)
Caused by: io.jsonwebtoken.io.DeserializationException: Unable to deserialize: Unexpected character ('�' (code 65533 / 0xfffd)): expected a valid value (JSON String, Number, Array, Object or token 'null', 'true' or 'false')
 at [Source: (InputStreamReader); line: 1, column: 2]
	at io.jsonwebtoken.io.AbstractDeserializer.deserialize(AbstractDeserializer.java:72)
	at io.jsonwebtoken.impl.io.JsonObjectDeserializer.apply(JsonObjectDeserializer.java:52)
	... 63 common frames omitted
Caused by: com.fasterxml.jackson.core.JsonParseException: Unexpected character ('�' (code 65533 / 0xfffd)): expected a valid value (JSON String, Number, Array, Object or token 'null', 'true' or 'false')
 at [Source: (InputStreamReader); line: 1, column: 2]
	at com.fasterxml.jackson.core.JsonParser._constructError(JsonParser.java:2477)
	at com.fasterxml.jackson.core.base.ParserMinimalBase._reportError(ParserMinimalBase.java:750)
	at com.fasterxml.jackson.core.base.ParserMinimalBase._reportUnexpectedChar(ParserMinimalBase.java:674)
	at com.fasterxml.jackson.core.json.ReaderBasedJsonParser._handleOddValue(ReaderBasedJsonParser.java:2085)
	at com.fasterxml.jackson.core.json.ReaderBasedJsonParser.nextToken(ReaderBasedJsonParser.java:808)
	at com.fasterxml.jackson.databind.ObjectMapper._initForReading(ObjectMapper.java:4912)
	at com.fasterxml.jackson.databind.ObjectMapper._readMapAndClose(ObjectMapper.java:4818)
	at com.fasterxml.jackson.databind.ObjectMapper.readValue(ObjectMapper.java:3785)
	at io.jsonwebtoken.jackson.io.JacksonDeserializer.doDeserialize(JacksonDeserializer.java:104)
	at io.jsonwebtoken.io.AbstractDeserializer.deserialize(AbstractDeserializer.java:66)
	... 64 common frames omitted
2024-02-20 16:28:05.945 INFO  - LAP-NFS1192 - REST Request - [HTTP METHOD:GET] [PATH INFO:/userAndAdminAccess] [REQUEST PARAMETERS:{}] [REQUEST BODY:{}] [REMOTE ADDRESS:0:0:0:0:0:0:0:1] [RESPONSE:Its valid for both user and admin token.]
2024-02-20 16:28:19.070 INFO  - LAP-NFS1192 - REST Request - [HTTP METHOD:POST] [PATH INFO:/register] [REQUEST PARAMETERS:{}] [REQUEST BODY:{"firstName": "Mohsin","lastName" : "Shabbir","username" : "mohisn1","password" : "123","role" : "USER"}] [REMOTE ADDRESS:0:0:0:0:0:0:0:1] [RESPONSE:{"token":"eyJhbGciOiJIUzM4NCJ9.eyJzdWIiOiJtb2hpc24xIiwiaWF0IjoxNzA4NDIxMjk5LCJleHAiOjE3MDg1MDc2OTl9.vf_YScVnUeak8TCPhFOrtd1-EUFdBzZ7grCWhFPLsWmFkFjPYHUrtgd_PzJODXEc"}]
2024-02-20 16:29:11.069 INFO  - LAP-NFS1192 - REST Request - [HTTP METHOD:GET] [PATH INFO:/userAndAdminAccess] [REQUEST PARAMETERS:{}] [REQUEST BODY:{}] [REMOTE ADDRESS:0:0:0:0:0:0:0:1] [RESPONSE:Its valid for both user and admin token.]
2024-02-20 16:30:28.918 ERROR - LAP-NFS1192 - Servlet.service() for servlet [dispatcherServlet] in context with path [] threw exception
io.jsonwebtoken.MalformedJwtException: Malformed protected header JSON: Unable to deserialize: Unexpected character ('�' (code 65533 / 0xfffd)): expected a valid value (JSON String, Number, Array, Object or token 'null', 'true' or 'false')
 at [Source: (InputStreamReader); line: 1, column: 2]
	at io.jsonwebtoken.impl.io.JsonObjectDeserializer.malformed(JsonObjectDeserializer.java:76)
	at io.jsonwebtoken.impl.io.JsonObjectDeserializer.apply(JsonObjectDeserializer.java:70)
	at io.jsonwebtoken.impl.DefaultJwtParser.deserialize(DefaultJwtParser.java:890)
	at io.jsonwebtoken.impl.DefaultJwtParser.parse(DefaultJwtParser.java:380)
	at io.jsonwebtoken.impl.DefaultJwtParser.parse(DefaultJwtParser.java:362)
	at io.jsonwebtoken.impl.DefaultJwtParser.parse(DefaultJwtParser.java:94)
	at io.jsonwebtoken.impl.io.AbstractParser.parse(AbstractParser.java:36)
	at io.jsonwebtoken.impl.io.AbstractParser.parse(AbstractParser.java:29)
	at io.jsonwebtoken.impl.DefaultJwtParser.parseSignedClaims(DefaultJwtParser.java:821)
	at com.khata.onsite.security.service.JWTService.extractAllClaims(JWTService.java:44)
	at com.khata.onsite.security.service.JWTService.extractClaim(JWTService.java:51)
	at com.khata.onsite.security.service.JWTService.getUsername(JWTService.java:58)
	at com.khata.onsite.security.filter.JwtAuthenticationFilter.doFilterInternal(JwtAuthenticationFilter.java:46)
	at org.springframework.web.filter.OncePerRequestFilter.doFilter(OncePerRequestFilter.java:116)
	at org.springframework.security.web.FilterChainProxy$VirtualFilterChain.doFilter(FilterChainProxy.java:374)
	at org.springframework.security.web.authentication.logout.LogoutFilter.doFilter(LogoutFilter.java:107)
	at org.springframework.security.web.authentication.logout.LogoutFilter.doFilter(LogoutFilter.java:93)
	at org.springframework.security.web.FilterChainProxy$VirtualFilterChain.doFilter(FilterChainProxy.java:374)
	at org.springframework.security.web.header.HeaderWriterFilter.doHeadersAfter(HeaderWriterFilter.java:90)
	at org.springframework.security.web.header.HeaderWriterFilter.doFilterInternal(HeaderWriterFilter.java:75)
	at org.springframework.web.filter.OncePerRequestFilter.doFilter(OncePerRequestFilter.java:116)
	at org.springframework.security.web.FilterChainProxy$VirtualFilterChain.doFilter(FilterChainProxy.java:374)
	at org.springframework.security.web.context.SecurityContextHolderFilter.doFilter(SecurityContextHolderFilter.java:82)
	at org.springframework.security.web.context.SecurityContextHolderFilter.doFilter(SecurityContextHolderFilter.java:69)
	at org.springframework.security.web.FilterChainProxy$VirtualFilterChain.doFilter(FilterChainProxy.java:374)
	at org.springframework.security.web.context.request.async.WebAsyncManagerIntegrationFilter.doFilterInternal(WebAsyncManagerIntegrationFilter.java:62)
	at org.springframework.web.filter.OncePerRequestFilter.doFilter(OncePerRequestFilter.java:116)
	at org.springframework.security.web.FilterChainProxy$VirtualFilterChain.doFilter(FilterChainProxy.java:374)
	at org.springframework.security.web.session.DisableEncodeUrlFilter.doFilterInternal(DisableEncodeUrlFilter.java:42)
	at org.springframework.web.filter.OncePerRequestFilter.doFilter(OncePerRequestFilter.java:116)
	at org.springframework.security.web.FilterChainProxy$VirtualFilterChain.doFilter(FilterChainProxy.java:374)
	at org.springframework.security.web.FilterChainProxy.doFilterInternal(FilterChainProxy.java:233)
	at org.springframework.security.web.FilterChainProxy.doFilter(FilterChainProxy.java:191)
	at org.springframework.web.filter.DelegatingFilterProxy.invokeDelegate(DelegatingFilterProxy.java:352)
	at org.springframework.web.filter.DelegatingFilterProxy.doFilter(DelegatingFilterProxy.java:268)
	at org.apache.catalina.core.ApplicationFilterChain.internalDoFilter(ApplicationFilterChain.java:174)
	at org.apache.catalina.core.ApplicationFilterChain.doFilter(ApplicationFilterChain.java:149)
	at org.springframework.web.filter.RequestContextFilter.doFilterInternal(RequestContextFilter.java:100)
	at org.springframework.web.filter.OncePerRequestFilter.doFilter(OncePerRequestFilter.java:116)
	at org.apache.catalina.core.ApplicationFilterChain.internalDoFilter(ApplicationFilterChain.java:174)
	at org.apache.catalina.core.ApplicationFilterChain.doFilter(ApplicationFilterChain.java:149)
	at org.springframework.web.filter.FormContentFilter.doFilterInternal(FormContentFilter.java:93)
	at org.springframework.web.filter.OncePerRequestFilter.doFilter(OncePerRequestFilter.java:116)
	at org.apache.catalina.core.ApplicationFilterChain.internalDoFilter(ApplicationFilterChain.java:174)
	at org.apache.catalina.core.ApplicationFilterChain.doFilter(ApplicationFilterChain.java:149)
	at org.springframework.web.filter.CharacterEncodingFilter.doFilterInternal(CharacterEncodingFilter.java:201)
	at org.springframework.web.filter.OncePerRequestFilter.doFilter(OncePerRequestFilter.java:116)
	at org.apache.catalina.core.ApplicationFilterChain.internalDoFilter(ApplicationFilterChain.java:174)
	at org.apache.catalina.core.ApplicationFilterChain.doFilter(ApplicationFilterChain.java:149)
	at org.apache.catalina.core.StandardWrapperValve.invoke(StandardWrapperValve.java:167)
	at org.apache.catalina.core.StandardContextValve.invoke(StandardContextValve.java:90)
	at org.apache.catalina.authenticator.AuthenticatorBase.invoke(AuthenticatorBase.java:482)
	at org.apache.catalina.core.StandardHostValve.invoke(StandardHostValve.java:115)
	at org.apache.catalina.valves.ErrorReportValve.invoke(ErrorReportValve.java:93)
	at org.apache.catalina.core.StandardEngineValve.invoke(StandardEngineValve.java:74)
	at org.apache.catalina.connector.CoyoteAdapter.service(CoyoteAdapter.java:340)
	at org.apache.coyote.http11.Http11Processor.service(Http11Processor.java:391)
	at org.apache.coyote.AbstractProcessorLight.process(AbstractProcessorLight.java:63)
	at org.apache.coyote.AbstractProtocol$ConnectionHandler.process(AbstractProtocol.java:896)
	at org.apache.tomcat.util.net.NioEndpoint$SocketProcessor.doRun(NioEndpoint.java:1744)
	at org.apache.tomcat.util.net.SocketProcessorBase.run(SocketProcessorBase.java:52)
	at org.apache.tomcat.util.threads.ThreadPoolExecutor.runWorker(ThreadPoolExecutor.java:1191)
	at org.apache.tomcat.util.threads.ThreadPoolExecutor$Worker.run(ThreadPoolExecutor.java:659)
	at org.apache.tomcat.util.threads.TaskThread$WrappingRunnable.run(TaskThread.java:61)
	at java.base/java.lang.Thread.run(Thread.java:833)
Caused by: io.jsonwebtoken.io.DeserializationException: Unable to deserialize: Unexpected character ('�' (code 65533 / 0xfffd)): expected a valid value (JSON String, Number, Array, Object or token 'null', 'true' or 'false')
 at [Source: (InputStreamReader); line: 1, column: 2]
	at io.jsonwebtoken.io.AbstractDeserializer.deserialize(AbstractDeserializer.java:72)
	at io.jsonwebtoken.impl.io.JsonObjectDeserializer.apply(JsonObjectDeserializer.java:52)
	... 63 common frames omitted
Caused by: com.fasterxml.jackson.core.JsonParseException: Unexpected character ('�' (code 65533 / 0xfffd)): expected a valid value (JSON String, Number, Array, Object or token 'null', 'true' or 'false')
 at [Source: (InputStreamReader); line: 1, column: 2]
	at com.fasterxml.jackson.core.JsonParser._constructError(JsonParser.java:2477)
	at com.fasterxml.jackson.core.base.ParserMinimalBase._reportError(ParserMinimalBase.java:750)
	at com.fasterxml.jackson.core.base.ParserMinimalBase._reportUnexpectedChar(ParserMinimalBase.java:674)
	at com.fasterxml.jackson.core.json.ReaderBasedJsonParser._handleOddValue(ReaderBasedJsonParser.java:2085)
	at com.fasterxml.jackson.core.json.ReaderBasedJsonParser.nextToken(ReaderBasedJsonParser.java:808)
	at com.fasterxml.jackson.databind.ObjectMapper._initForReading(ObjectMapper.java:4912)
	at com.fasterxml.jackson.databind.ObjectMapper._readMapAndClose(ObjectMapper.java:4818)
	at com.fasterxml.jackson.databind.ObjectMapper.readValue(ObjectMapper.java:3785)
	at io.jsonwebtoken.jackson.io.JacksonDeserializer.doDeserialize(JacksonDeserializer.java:104)
	at io.jsonwebtoken.io.AbstractDeserializer.deserialize(AbstractDeserializer.java:66)
	... 64 common frames omitted
2024-02-20 16:35:14.737 INFO  - LAP-NFS1192 - REST Request - [HTTP METHOD:POST] [PATH INFO:/login] [REQUEST PARAMETERS:{}] [REQUEST BODY:{"username" : "mohisn","password" : "123"}] [REMOTE ADDRESS:0:0:0:0:0:0:0:1] [RESPONSE:{"token":"eyJhbGciOiJIUzM4NCJ9.eyJzdWIiOiJtb2hpc24iLCJpYXQiOjE3MDg0MjE3MTQsImV4cCI6MTcwODUwODExNH0.WsqWa4v0GutqdvoayuA9Lq5tYDjZQBi3tZ4WX2dFTLkiMY8uf7b1nVn6rin3dg42"}]
2024-02-20 16:35:31.093 ERROR - LAP-NFS1192 - Data truncation: Data too long for column 'description' at row 1
2024-02-20 16:35:31.109 INFO  - LAP-NFS1192 - REST Request - [HTTP METHOD:POST] [PATH INFO:/api/rules/addOrUpdateRule] [REQUEST PARAMETERS:{}] [REQUEST BODY:{"ruleName": "test1","ruleAmount": "2000","ruleProposedBy": 1,"ruleDesc": "It is mutually agreed by all onsite team members that everyone must leave the WhatsApp unofficial group within 24 hours of landing to Lahore Airport. Non-compliance will be penalized by IDR 300k It is mutually agreed by all onsite team members that everyone must leave the WhatsApp unofficial group within 24 hours of landing to Lahore Airport. Non-compliance will be penalized by IDR 300k","status": true,"ruleIdPk": ""}] [REMOTE ADDRESS:0:0:0:0:0:0:0:1] [RESPONSE:{"status":"500","message":"An Error Occured white Operating Rules","error":"could not execute statement [Data truncation: Data too long for column 'description' at row 1] [insert into rules (created_at,rule_amount,description,rule_name,proposed_by,status,updated_at) values (?,?,?,?,?,?,?)]; SQL [insert into rules (created_at,rule_amount,description,rule_name,proposed_by,status,updated_at) values (?,?,?,?,?,?,?)]","jsonData":null,"data":null}]
2024-02-20 16:35:39.524 WARN  - LAP-NFS1192 - Resolved [org.springframework.web.bind.MethodArgumentNotValidException: Validation failed for argument [0] in public org.springframework.http.ResponseEntity<com.khata.onsite.common.GeneralResponse<?>> com.khata.onsite.controllers.RulesController.addOrUpdateRule(com.khata.onsite.in.dto.RuleRequestDTO) with 2 errors: [Field error in object 'ruleRequestDTO' on field 'ruleName': rejected value []; codes [NotBlank.ruleRequestDTO.ruleName,NotBlank.ruleName,NotBlank.java.lang.String,NotBlank]; arguments [org.springframework.context.support.DefaultMessageSourceResolvable: codes [ruleRequestDTO.ruleName,ruleName]; arguments []; default message [ruleName]]; default message [Invalid Name: Empty name]] [Field error in object 'ruleRequestDTO' on field 'ruleName': rejected value []; codes [Size.ruleRequestDTO.ruleName,Size.ruleName,Size.java.lang.String,Size]; arguments [org.springframework.context.support.DefaultMessageSourceResolvable: codes [ruleRequestDTO.ruleName,ruleName]; arguments []; default message [ruleName],30,3]; default message [Invalid Name: Must be of 3 - 30 characters]] ]
2024-02-20 16:35:39.526 ERROR - LAP-NFS1192 - Cannot invoke "java.io.ByteArrayOutputStream.toString()" because "this.bos" is null
2024-02-20 16:45:53.355 INFO  - LAP-NFS1192 - Starting KhataApplication using Java 17.0.8.1 with PID 44744 (D:\JKD17WorkSpace\Personal\khata\target\classes started by Administrator in D:\JKD17WorkSpace\Personal\khata)
2024-02-20 16:45:53.359 INFO  - LAP-NFS1192 - No active profile set, falling back to 1 default profile: "default"
2024-02-20 16:45:54.567 INFO  - LAP-NFS1192 - Bootstrapping Spring Data JPA repositories in DEFAULT mode.
2024-02-20 16:45:54.653 INFO  - LAP-NFS1192 - Finished Spring Data repository scanning in 73 ms. Found 2 JPA repository interfaces.
2024-02-20 16:45:55.508 INFO  - LAP-NFS1192 - Tomcat initialized with port(s): 9010 (http)
2024-02-20 16:45:55.520 INFO  - LAP-NFS1192 - Initializing ProtocolHandler ["http-nio-9010"]
2024-02-20 16:45:55.523 INFO  - LAP-NFS1192 - Starting service [Tomcat]
2024-02-20 16:45:55.523 INFO  - LAP-NFS1192 - Starting Servlet engine: [Apache Tomcat/10.1.15]
2024-02-20 16:45:55.677 INFO  - LAP-NFS1192 - Initializing Spring embedded WebApplicationContext
2024-02-20 16:45:55.679 INFO  - LAP-NFS1192 - Root WebApplicationContext: initialization completed in 2242 ms
2024-02-20 16:45:56.354 INFO  - LAP-NFS1192 - No LoadTimeWeaver setup: ignoring JPA class transformer
2024-02-20 16:45:56.398 INFO  - LAP-NFS1192 - HikariPool-1 - Starting...
2024-02-20 16:45:56.645 INFO  - LAP-NFS1192 - HikariPool-1 - Added connection com.mysql.cj.jdbc.ConnectionImpl@70485aa
2024-02-20 16:45:56.648 INFO  - LAP-NFS1192 - HikariPool-1 - Start completed.
2024-02-20 16:45:57.830 INFO  - LAP-NFS1192 - Initialized JPA EntityManagerFactory for persistence unit 'default'
2024-02-20 16:45:58.411 WARN  - LAP-NFS1192 - spring.jpa.open-in-view is enabled by default. Therefore, database queries may be performed during view rendering. Explicitly configure spring.jpa.open-in-view to disable this warning
2024-02-20 16:45:58.995 INFO  - LAP-NFS1192 - Will secure any request with [org.springframework.security.web.session.DisableEncodeUrlFilter@51158fb1, org.springframework.security.web.context.request.async.WebAsyncManagerIntegrationFilter@62682ece, org.springframework.security.web.context.SecurityContextHolderFilter@7c855ef0, org.springframework.security.web.header.HeaderWriterFilter@489989eb, org.springframework.security.web.authentication.logout.LogoutFilter@7a0eb939, com.khata.onsite.security.filter.JwtAuthenticationFilter@4e111e08, org.springframework.security.web.savedrequest.RequestCacheAwareFilter@5352bc0e, org.springframework.security.web.servletapi.SecurityContextHolderAwareRequestFilter@a1c4f69, org.springframework.security.web.authentication.AnonymousAuthenticationFilter@3c83e9ca, org.springframework.security.web.session.SessionManagementFilter@122a6078, org.springframework.security.web.access.ExceptionTranslationFilter@62d5617, org.springframework.security.web.access.intercept.AuthorizationFilter@ee7a538]
2024-02-20 16:45:59.332 INFO  - LAP-NFS1192 - Starting ProtocolHandler ["http-nio-9010"]
2024-02-20 16:45:59.358 INFO  - LAP-NFS1192 - Tomcat started on port(s): 9010 (http) with context path ''
2024-02-20 16:45:59.369 INFO  - LAP-NFS1192 - Started KhataApplication in 6.759 seconds (process running for 8.028)
2024-02-20 16:46:04.526 INFO  - LAP-NFS1192 - Initializing Spring DispatcherServlet 'dispatcherServlet'
2024-02-20 16:46:05.021 WARN  - LAP-NFS1192 - Resolved [org.springframework.web.bind.MethodArgumentNotValidException: Validation failed for argument [0] in public org.springframework.http.ResponseEntity<com.khata.onsite.common.GeneralResponse<?>> com.khata.onsite.controllers.RulesController.addOrUpdateRule(com.khata.onsite.in.dto.RuleRequestDTO) with 2 errors: [Field error in object 'ruleRequestDTO' on field 'ruleName': rejected value []; codes [NotBlank.ruleRequestDTO.ruleName,NotBlank.ruleName,NotBlank.java.lang.String,NotBlank]; arguments [org.springframework.context.support.DefaultMessageSourceResolvable: codes [ruleRequestDTO.ruleName,ruleName]; arguments []; default message [ruleName]]; default message [Invalid Name: Empty name]] [Field error in object 'ruleRequestDTO' on field 'ruleName': rejected value []; codes [Size.ruleRequestDTO.ruleName,Size.ruleName,Size.java.lang.String,Size]; arguments [org.springframework.context.support.DefaultMessageSourceResolvable: codes [ruleRequestDTO.ruleName,ruleName]; arguments []; default message [ruleName],30,3]; default message [Invalid Name: Must be of 3 - 30 characters]] ]
2024-02-20 16:46:05.023 ERROR - LAP-NFS1192 - Cannot invoke "java.io.ByteArrayOutputStream.toString()" because "this.bos" is null
2024-02-20 16:46:38.210 ERROR - LAP-NFS1192 - Data truncation: Data too long for column 'description' at row 1
2024-02-20 16:46:38.254 INFO  - LAP-NFS1192 - REST Request - [HTTP METHOD:POST] [PATH INFO:/api/rules/addOrUpdateRule] [REQUEST PARAMETERS:{}] [REQUEST BODY:{"ruleName": "dfsa","ruleAmount": "2000","ruleProposedBy": 1,"ruleDesc": "It is mutually agreed by all onsite team members that everyone must leave the WhatsApp unofficial group within 24 hours of landing to Lahore Airport. Non-compliance will be penalized by IDR 300k It is mutually agreed by all onsite team members that everyone must leave the WhatsApp unofficial group within 24 hours of landing to Lahore Airport. Non-compliance will be penalized by IDR 300k","status": true,"ruleIdPk": ""}] [REMOTE ADDRESS:0:0:0:0:0:0:0:1] [RESPONSE:{"status":"500","message":"An Error Occured white Operating Rules","error":"could not execute statement [Data truncation: Data too long for column 'description' at row 1] [insert into rules (created_at,rule_amount,description,rule_name,proposed_by,status,updated_at) values (?,?,?,?,?,?,?)]; SQL [insert into rules (created_at,rule_amount,description,rule_name,proposed_by,status,updated_at) values (?,?,?,?,?,?,?)]","jsonData":null,"data":null}]
2024-02-20 16:46:48.160 ERROR - LAP-NFS1192 - Servlet.service() for servlet [dispatcherServlet] in context with path [] threw exception
io.jsonwebtoken.MalformedJwtException: Malformed protected header JSON: Unable to deserialize: Unexpected character ('�' (code 65533 / 0xfffd)): expected a valid value (JSON String, Number, Array, Object or token 'null', 'true' or 'false')
 at [Source: (InputStreamReader); line: 1, column: 2]
	at io.jsonwebtoken.impl.io.JsonObjectDeserializer.malformed(JsonObjectDeserializer.java:76)
	at io.jsonwebtoken.impl.io.JsonObjectDeserializer.apply(JsonObjectDeserializer.java:70)
	at io.jsonwebtoken.impl.DefaultJwtParser.deserialize(DefaultJwtParser.java:890)
	at io.jsonwebtoken.impl.DefaultJwtParser.parse(DefaultJwtParser.java:380)
	at io.jsonwebtoken.impl.DefaultJwtParser.parse(DefaultJwtParser.java:362)
	at io.jsonwebtoken.impl.DefaultJwtParser.parse(DefaultJwtParser.java:94)
	at io.jsonwebtoken.impl.io.AbstractParser.parse(AbstractParser.java:36)
	at io.jsonwebtoken.impl.io.AbstractParser.parse(AbstractParser.java:29)
	at io.jsonwebtoken.impl.DefaultJwtParser.parseSignedClaims(DefaultJwtParser.java:821)
	at com.khata.onsite.security.service.JWTService.extractAllClaims(JWTService.java:44)
	at com.khata.onsite.security.service.JWTService.extractClaim(JWTService.java:51)
	at com.khata.onsite.security.service.JWTService.getUsername(JWTService.java:58)
	at com.khata.onsite.security.filter.JwtAuthenticationFilter.doFilterInternal(JwtAuthenticationFilter.java:46)
	at org.springframework.web.filter.OncePerRequestFilter.doFilter(OncePerRequestFilter.java:116)
	at org.springframework.security.web.FilterChainProxy$VirtualFilterChain.doFilter(FilterChainProxy.java:374)
	at org.springframework.security.web.authentication.logout.LogoutFilter.doFilter(LogoutFilter.java:107)
	at org.springframework.security.web.authentication.logout.LogoutFilter.doFilter(LogoutFilter.java:93)
	at org.springframework.security.web.FilterChainProxy$VirtualFilterChain.doFilter(FilterChainProxy.java:374)
	at org.springframework.security.web.header.HeaderWriterFilter.doHeadersAfter(HeaderWriterFilter.java:90)
	at org.springframework.security.web.header.HeaderWriterFilter.doFilterInternal(HeaderWriterFilter.java:75)
	at org.springframework.web.filter.OncePerRequestFilter.doFilter(OncePerRequestFilter.java:116)
	at org.springframework.security.web.FilterChainProxy$VirtualFilterChain.doFilter(FilterChainProxy.java:374)
	at org.springframework.security.web.context.SecurityContextHolderFilter.doFilter(SecurityContextHolderFilter.java:82)
	at org.springframework.security.web.context.SecurityContextHolderFilter.doFilter(SecurityContextHolderFilter.java:69)
	at org.springframework.security.web.FilterChainProxy$VirtualFilterChain.doFilter(FilterChainProxy.java:374)
	at org.springframework.security.web.context.request.async.WebAsyncManagerIntegrationFilter.doFilterInternal(WebAsyncManagerIntegrationFilter.java:62)
	at org.springframework.web.filter.OncePerRequestFilter.doFilter(OncePerRequestFilter.java:116)
	at org.springframework.security.web.FilterChainProxy$VirtualFilterChain.doFilter(FilterChainProxy.java:374)
	at org.springframework.security.web.session.DisableEncodeUrlFilter.doFilterInternal(DisableEncodeUrlFilter.java:42)
	at org.springframework.web.filter.OncePerRequestFilter.doFilter(OncePerRequestFilter.java:116)
	at org.springframework.security.web.FilterChainProxy$VirtualFilterChain.doFilter(FilterChainProxy.java:374)
	at org.springframework.security.web.FilterChainProxy.doFilterInternal(FilterChainProxy.java:233)
	at org.springframework.security.web.FilterChainProxy.doFilter(FilterChainProxy.java:191)
	at org.springframework.web.filter.DelegatingFilterProxy.invokeDelegate(DelegatingFilterProxy.java:352)
	at org.springframework.web.filter.DelegatingFilterProxy.doFilter(DelegatingFilterProxy.java:268)
	at org.apache.catalina.core.ApplicationFilterChain.internalDoFilter(ApplicationFilterChain.java:174)
	at org.apache.catalina.core.ApplicationFilterChain.doFilter(ApplicationFilterChain.java:149)
	at org.springframework.web.filter.RequestContextFilter.doFilterInternal(RequestContextFilter.java:100)
	at org.springframework.web.filter.OncePerRequestFilter.doFilter(OncePerRequestFilter.java:116)
	at org.apache.catalina.core.ApplicationFilterChain.internalDoFilter(ApplicationFilterChain.java:174)
	at org.apache.catalina.core.ApplicationFilterChain.doFilter(ApplicationFilterChain.java:149)
	at org.springframework.web.filter.FormContentFilter.doFilterInternal(FormContentFilter.java:93)
	at org.springframework.web.filter.OncePerRequestFilter.doFilter(OncePerRequestFilter.java:116)
	at org.apache.catalina.core.ApplicationFilterChain.internalDoFilter(ApplicationFilterChain.java:174)
	at org.apache.catalina.core.ApplicationFilterChain.doFilter(ApplicationFilterChain.java:149)
	at org.springframework.web.filter.CharacterEncodingFilter.doFilterInternal(CharacterEncodingFilter.java:201)
	at org.springframework.web.filter.OncePerRequestFilter.doFilter(OncePerRequestFilter.java:116)
	at org.apache.catalina.core.ApplicationFilterChain.internalDoFilter(ApplicationFilterChain.java:174)
	at org.apache.catalina.core.ApplicationFilterChain.doFilter(ApplicationFilterChain.java:149)
	at org.apache.catalina.core.StandardWrapperValve.invoke(StandardWrapperValve.java:167)
	at org.apache.catalina.core.StandardContextValve.invoke(StandardContextValve.java:90)
	at org.apache.catalina.authenticator.AuthenticatorBase.invoke(AuthenticatorBase.java:482)
	at org.apache.catalina.core.StandardHostValve.invoke(StandardHostValve.java:115)
	at org.apache.catalina.valves.ErrorReportValve.invoke(ErrorReportValve.java:93)
	at org.apache.catalina.core.StandardEngineValve.invoke(StandardEngineValve.java:74)
	at org.apache.catalina.connector.CoyoteAdapter.service(CoyoteAdapter.java:340)
	at org.apache.coyote.http11.Http11Processor.service(Http11Processor.java:391)
	at org.apache.coyote.AbstractProcessorLight.process(AbstractProcessorLight.java:63)
	at org.apache.coyote.AbstractProtocol$ConnectionHandler.process(AbstractProtocol.java:896)
	at org.apache.tomcat.util.net.NioEndpoint$SocketProcessor.doRun(NioEndpoint.java:1744)
	at org.apache.tomcat.util.net.SocketProcessorBase.run(SocketProcessorBase.java:52)
	at org.apache.tomcat.util.threads.ThreadPoolExecutor.runWorker(ThreadPoolExecutor.java:1191)
	at org.apache.tomcat.util.threads.ThreadPoolExecutor$Worker.run(ThreadPoolExecutor.java:659)
	at org.apache.tomcat.util.threads.TaskThread$WrappingRunnable.run(TaskThread.java:61)
	at java.base/java.lang.Thread.run(Thread.java:833)
Caused by: io.jsonwebtoken.io.DeserializationException: Unable to deserialize: Unexpected character ('�' (code 65533 / 0xfffd)): expected a valid value (JSON String, Number, Array, Object or token 'null', 'true' or 'false')
 at [Source: (InputStreamReader); line: 1, column: 2]
	at io.jsonwebtoken.io.AbstractDeserializer.deserialize(AbstractDeserializer.java:72)
	at io.jsonwebtoken.impl.io.JsonObjectDeserializer.apply(JsonObjectDeserializer.java:52)
	... 63 common frames omitted
Caused by: com.fasterxml.jackson.core.JsonParseException: Unexpected character ('�' (code 65533 / 0xfffd)): expected a valid value (JSON String, Number, Array, Object or token 'null', 'true' or 'false')
 at [Source: (InputStreamReader); line: 1, column: 2]
	at com.fasterxml.jackson.core.JsonParser._constructError(JsonParser.java:2477)
	at com.fasterxml.jackson.core.base.ParserMinimalBase._reportError(ParserMinimalBase.java:750)
	at com.fasterxml.jackson.core.base.ParserMinimalBase._reportUnexpectedChar(ParserMinimalBase.java:674)
	at com.fasterxml.jackson.core.json.ReaderBasedJsonParser._handleOddValue(ReaderBasedJsonParser.java:2085)
	at com.fasterxml.jackson.core.json.ReaderBasedJsonParser.nextToken(ReaderBasedJsonParser.java:808)
	at com.fasterxml.jackson.databind.ObjectMapper._initForReading(ObjectMapper.java:4912)
	at com.fasterxml.jackson.databind.ObjectMapper._readMapAndClose(ObjectMapper.java:4818)
	at com.fasterxml.jackson.databind.ObjectMapper.readValue(ObjectMapper.java:3785)
	at io.jsonwebtoken.jackson.io.JacksonDeserializer.doDeserialize(JacksonDeserializer.java:104)
	at io.jsonwebtoken.io.AbstractDeserializer.deserialize(AbstractDeserializer.java:66)
	... 64 common frames omitted
2024-02-20 16:46:49.378 ERROR - LAP-NFS1192 - Servlet.service() for servlet [dispatcherServlet] in context with path [] threw exception
io.jsonwebtoken.MalformedJwtException: Malformed protected header JSON: Unable to deserialize: Unexpected character ('�' (code 65533 / 0xfffd)): expected a valid value (JSON String, Number, Array, Object or token 'null', 'true' or 'false')
 at [Source: (InputStreamReader); line: 1, column: 2]
	at io.jsonwebtoken.impl.io.JsonObjectDeserializer.malformed(JsonObjectDeserializer.java:76)
	at io.jsonwebtoken.impl.io.JsonObjectDeserializer.apply(JsonObjectDeserializer.java:70)
	at io.jsonwebtoken.impl.DefaultJwtParser.deserialize(DefaultJwtParser.java:890)
	at io.jsonwebtoken.impl.DefaultJwtParser.parse(DefaultJwtParser.java:380)
	at io.jsonwebtoken.impl.DefaultJwtParser.parse(DefaultJwtParser.java:362)
	at io.jsonwebtoken.impl.DefaultJwtParser.parse(DefaultJwtParser.java:94)
	at io.jsonwebtoken.impl.io.AbstractParser.parse(AbstractParser.java:36)
	at io.jsonwebtoken.impl.io.AbstractParser.parse(AbstractParser.java:29)
	at io.jsonwebtoken.impl.DefaultJwtParser.parseSignedClaims(DefaultJwtParser.java:821)
	at com.khata.onsite.security.service.JWTService.extractAllClaims(JWTService.java:44)
	at com.khata.onsite.security.service.JWTService.extractClaim(JWTService.java:51)
	at com.khata.onsite.security.service.JWTService.getUsername(JWTService.java:58)
	at com.khata.onsite.security.filter.JwtAuthenticationFilter.doFilterInternal(JwtAuthenticationFilter.java:46)
	at org.springframework.web.filter.OncePerRequestFilter.doFilter(OncePerRequestFilter.java:116)
	at org.springframework.security.web.FilterChainProxy$VirtualFilterChain.doFilter(FilterChainProxy.java:374)
	at org.springframework.security.web.authentication.logout.LogoutFilter.doFilter(LogoutFilter.java:107)
	at org.springframework.security.web.authentication.logout.LogoutFilter.doFilter(LogoutFilter.java:93)
	at org.springframework.security.web.FilterChainProxy$VirtualFilterChain.doFilter(FilterChainProxy.java:374)
	at org.springframework.security.web.header.HeaderWriterFilter.doHeadersAfter(HeaderWriterFilter.java:90)
	at org.springframework.security.web.header.HeaderWriterFilter.doFilterInternal(HeaderWriterFilter.java:75)
	at org.springframework.web.filter.OncePerRequestFilter.doFilter(OncePerRequestFilter.java:116)
	at org.springframework.security.web.FilterChainProxy$VirtualFilterChain.doFilter(FilterChainProxy.java:374)
	at org.springframework.security.web.context.SecurityContextHolderFilter.doFilter(SecurityContextHolderFilter.java:82)
	at org.springframework.security.web.context.SecurityContextHolderFilter.doFilter(SecurityContextHolderFilter.java:69)
	at org.springframework.security.web.FilterChainProxy$VirtualFilterChain.doFilter(FilterChainProxy.java:374)
	at org.springframework.security.web.context.request.async.WebAsyncManagerIntegrationFilter.doFilterInternal(WebAsyncManagerIntegrationFilter.java:62)
	at org.springframework.web.filter.OncePerRequestFilter.doFilter(OncePerRequestFilter.java:116)
	at org.springframework.security.web.FilterChainProxy$VirtualFilterChain.doFilter(FilterChainProxy.java:374)
	at org.springframework.security.web.session.DisableEncodeUrlFilter.doFilterInternal(DisableEncodeUrlFilter.java:42)
	at org.springframework.web.filter.OncePerRequestFilter.doFilter(OncePerRequestFilter.java:116)
	at org.springframework.security.web.FilterChainProxy$VirtualFilterChain.doFilter(FilterChainProxy.java:374)
	at org.springframework.security.web.FilterChainProxy.doFilterInternal(FilterChainProxy.java:233)
	at org.springframework.security.web.FilterChainProxy.doFilter(FilterChainProxy.java:191)
	at org.springframework.web.filter.DelegatingFilterProxy.invokeDelegate(DelegatingFilterProxy.java:352)
	at org.springframework.web.filter.DelegatingFilterProxy.doFilter(DelegatingFilterProxy.java:268)
	at org.apache.catalina.core.ApplicationFilterChain.internalDoFilter(ApplicationFilterChain.java:174)
	at org.apache.catalina.core.ApplicationFilterChain.doFilter(ApplicationFilterChain.java:149)
	at org.springframework.web.filter.RequestContextFilter.doFilterInternal(RequestContextFilter.java:100)
	at org.springframework.web.filter.OncePerRequestFilter.doFilter(OncePerRequestFilter.java:116)
	at org.apache.catalina.core.ApplicationFilterChain.internalDoFilter(ApplicationFilterChain.java:174)
	at org.apache.catalina.core.ApplicationFilterChain.doFilter(ApplicationFilterChain.java:149)
	at org.springframework.web.filter.FormContentFilter.doFilterInternal(FormContentFilter.java:93)
	at org.springframework.web.filter.OncePerRequestFilter.doFilter(OncePerRequestFilter.java:116)
	at org.apache.catalina.core.ApplicationFilterChain.internalDoFilter(ApplicationFilterChain.java:174)
	at org.apache.catalina.core.ApplicationFilterChain.doFilter(ApplicationFilterChain.java:149)
	at org.springframework.web.filter.CharacterEncodingFilter.doFilterInternal(CharacterEncodingFilter.java:201)
	at org.springframework.web.filter.OncePerRequestFilter.doFilter(OncePerRequestFilter.java:116)
	at org.apache.catalina.core.ApplicationFilterChain.internalDoFilter(ApplicationFilterChain.java:174)
	at org.apache.catalina.core.ApplicationFilterChain.doFilter(ApplicationFilterChain.java:149)
	at org.apache.catalina.core.StandardWrapperValve.invoke(StandardWrapperValve.java:167)
	at org.apache.catalina.core.StandardContextValve.invoke(StandardContextValve.java:90)
	at org.apache.catalina.authenticator.AuthenticatorBase.invoke(AuthenticatorBase.java:482)
	at org.apache.catalina.core.StandardHostValve.invoke(StandardHostValve.java:115)
	at org.apache.catalina.valves.ErrorReportValve.invoke(ErrorReportValve.java:93)
	at org.apache.catalina.core.StandardEngineValve.invoke(StandardEngineValve.java:74)
	at org.apache.catalina.connector.CoyoteAdapter.service(CoyoteAdapter.java:340)
	at org.apache.coyote.http11.Http11Processor.service(Http11Processor.java:391)
	at org.apache.coyote.AbstractProcessorLight.process(AbstractProcessorLight.java:63)
	at org.apache.coyote.AbstractProtocol$ConnectionHandler.process(AbstractProtocol.java:896)
	at org.apache.tomcat.util.net.NioEndpoint$SocketProcessor.doRun(NioEndpoint.java:1744)
	at org.apache.tomcat.util.net.SocketProcessorBase.run(SocketProcessorBase.java:52)
	at org.apache.tomcat.util.threads.ThreadPoolExecutor.runWorker(ThreadPoolExecutor.java:1191)
	at org.apache.tomcat.util.threads.ThreadPoolExecutor$Worker.run(ThreadPoolExecutor.java:659)
	at org.apache.tomcat.util.threads.TaskThread$WrappingRunnable.run(TaskThread.java:61)
	at java.base/java.lang.Thread.run(Thread.java:833)
Caused by: io.jsonwebtoken.io.DeserializationException: Unable to deserialize: Unexpected character ('�' (code 65533 / 0xfffd)): expected a valid value (JSON String, Number, Array, Object or token 'null', 'true' or 'false')
 at [Source: (InputStreamReader); line: 1, column: 2]
	at io.jsonwebtoken.io.AbstractDeserializer.deserialize(AbstractDeserializer.java:72)
	at io.jsonwebtoken.impl.io.JsonObjectDeserializer.apply(JsonObjectDeserializer.java:52)
	... 63 common frames omitted
Caused by: com.fasterxml.jackson.core.JsonParseException: Unexpected character ('�' (code 65533 / 0xfffd)): expected a valid value (JSON String, Number, Array, Object or token 'null', 'true' or 'false')
 at [Source: (InputStreamReader); line: 1, column: 2]
	at com.fasterxml.jackson.core.JsonParser._constructError(JsonParser.java:2477)
	at com.fasterxml.jackson.core.base.ParserMinimalBase._reportError(ParserMinimalBase.java:750)
	at com.fasterxml.jackson.core.base.ParserMinimalBase._reportUnexpectedChar(ParserMinimalBase.java:674)
	at com.fasterxml.jackson.core.json.ReaderBasedJsonParser._handleOddValue(ReaderBasedJsonParser.java:2085)
	at com.fasterxml.jackson.core.json.ReaderBasedJsonParser.nextToken(ReaderBasedJsonParser.java:808)
	at com.fasterxml.jackson.databind.ObjectMapper._initForReading(ObjectMapper.java:4912)
	at com.fasterxml.jackson.databind.ObjectMapper._readMapAndClose(ObjectMapper.java:4818)
	at com.fasterxml.jackson.databind.ObjectMapper.readValue(ObjectMapper.java:3785)
	at io.jsonwebtoken.jackson.io.JacksonDeserializer.doDeserialize(JacksonDeserializer.java:104)
	at io.jsonwebtoken.io.AbstractDeserializer.deserialize(AbstractDeserializer.java:66)
	... 64 common frames omitted
2024-02-20 16:47:16.304 INFO  - LAP-NFS1192 - Starting KhataApplication using Java 17.0.8.1 with PID 15240 (D:\JKD17WorkSpace\Personal\khata\target\classes started by Administrator in D:\JKD17WorkSpace\Personal\khata)
2024-02-20 16:47:16.311 INFO  - LAP-NFS1192 - No active profile set, falling back to 1 default profile: "default"
2024-02-20 16:47:17.553 INFO  - LAP-NFS1192 - Bootstrapping Spring Data JPA repositories in DEFAULT mode.
2024-02-20 16:47:17.693 INFO  - LAP-NFS1192 - Finished Spring Data repository scanning in 122 ms. Found 2 JPA repository interfaces.
2024-02-20 16:47:18.748 INFO  - LAP-NFS1192 - Tomcat initialized with port(s): 9010 (http)
2024-02-20 16:47:18.766 INFO  - LAP-NFS1192 - Initializing ProtocolHandler ["http-nio-9010"]
2024-02-20 16:47:18.770 INFO  - LAP-NFS1192 - Starting service [Tomcat]
2024-02-20 16:47:18.771 INFO  - LAP-NFS1192 - Starting Servlet engine: [Apache Tomcat/10.1.15]
2024-02-20 16:47:18.950 INFO  - LAP-NFS1192 - Initializing Spring embedded WebApplicationContext
2024-02-20 16:47:18.952 INFO  - LAP-NFS1192 - Root WebApplicationContext: initialization completed in 2526 ms
2024-02-20 16:47:19.739 INFO  - LAP-NFS1192 - No LoadTimeWeaver setup: ignoring JPA class transformer
2024-02-20 16:47:19.783 INFO  - LAP-NFS1192 - HikariPool-1 - Starting...
2024-02-20 16:47:20.097 INFO  - LAP-NFS1192 - HikariPool-1 - Added connection com.mysql.cj.jdbc.ConnectionImpl@19d27c27
2024-02-20 16:47:20.100 INFO  - LAP-NFS1192 - HikariPool-1 - Start completed.
2024-02-20 16:47:21.586 INFO  - LAP-NFS1192 - Initialized JPA EntityManagerFactory for persistence unit 'default'
2024-02-20 16:47:22.196 WARN  - LAP-NFS1192 - spring.jpa.open-in-view is enabled by default. Therefore, database queries may be performed during view rendering. Explicitly configure spring.jpa.open-in-view to disable this warning
2024-02-20 16:47:22.800 INFO  - LAP-NFS1192 - Will secure any request with [org.springframework.security.web.session.DisableEncodeUrlFilter@3a1540be, org.springframework.security.web.context.request.async.WebAsyncManagerIntegrationFilter@6aff157e, org.springframework.security.web.context.SecurityContextHolderFilter@623be2a0, org.springframework.security.web.header.HeaderWriterFilter@1b4ade78, org.springframework.security.web.authentication.logout.LogoutFilter@73cfafd8, com.khata.onsite.security.filter.JwtAuthenticationFilter@15ea0ca3, org.springframework.security.web.savedrequest.RequestCacheAwareFilter@1df83569, org.springframework.security.web.servletapi.SecurityContextHolderAwareRequestFilter@3e3d8e6c, org.springframework.security.web.authentication.AnonymousAuthenticationFilter@65fa1cd, org.springframework.security.web.session.SessionManagementFilter@330d557e, org.springframework.security.web.access.ExceptionTranslationFilter@32f8a37b, org.springframework.security.web.access.intercept.AuthorizationFilter@19f9287a]
2024-02-20 16:47:23.132 INFO  - LAP-NFS1192 - Starting ProtocolHandler ["http-nio-9010"]
2024-02-20 16:47:23.161 INFO  - LAP-NFS1192 - Tomcat started on port(s): 9010 (http) with context path ''
2024-02-20 16:47:23.170 INFO  - LAP-NFS1192 - Started KhataApplication in 7.653 seconds (process running for 8.615)
2024-02-20 16:47:27.386 INFO  - LAP-NFS1192 - Initializing Spring DispatcherServlet 'dispatcherServlet'
2024-02-20 16:47:27.527 ERROR - LAP-NFS1192 - Servlet.service() for servlet [dispatcherServlet] in context with path [] threw exception
io.jsonwebtoken.MalformedJwtException: Malformed protected header JSON: Unable to deserialize: Unexpected character ('�' (code 65533 / 0xfffd)): expected a valid value (JSON String, Number, Array, Object or token 'null', 'true' or 'false')
 at [Source: (InputStreamReader); line: 1, column: 2]
	at io.jsonwebtoken.impl.io.JsonObjectDeserializer.malformed(JsonObjectDeserializer.java:76)
	at io.jsonwebtoken.impl.io.JsonObjectDeserializer.apply(JsonObjectDeserializer.java:70)
	at io.jsonwebtoken.impl.DefaultJwtParser.deserialize(DefaultJwtParser.java:890)
	at io.jsonwebtoken.impl.DefaultJwtParser.parse(DefaultJwtParser.java:380)
	at io.jsonwebtoken.impl.DefaultJwtParser.parse(DefaultJwtParser.java:362)
	at io.jsonwebtoken.impl.DefaultJwtParser.parse(DefaultJwtParser.java:94)
	at io.jsonwebtoken.impl.io.AbstractParser.parse(AbstractParser.java:36)
	at io.jsonwebtoken.impl.io.AbstractParser.parse(AbstractParser.java:29)
	at io.jsonwebtoken.impl.DefaultJwtParser.parseSignedClaims(DefaultJwtParser.java:821)
	at com.khata.onsite.security.service.JWTService.extractAllClaims(JWTService.java:44)
	at com.khata.onsite.security.service.JWTService.extractClaim(JWTService.java:51)
	at com.khata.onsite.security.service.JWTService.getUsername(JWTService.java:58)
	at com.khata.onsite.security.filter.JwtAuthenticationFilter.doFilterInternal(JwtAuthenticationFilter.java:46)
	at org.springframework.web.filter.OncePerRequestFilter.doFilter(OncePerRequestFilter.java:116)
	at org.springframework.security.web.FilterChainProxy$VirtualFilterChain.doFilter(FilterChainProxy.java:374)
	at org.springframework.security.web.authentication.logout.LogoutFilter.doFilter(LogoutFilter.java:107)
	at org.springframework.security.web.authentication.logout.LogoutFilter.doFilter(LogoutFilter.java:93)
	at org.springframework.security.web.FilterChainProxy$VirtualFilterChain.doFilter(FilterChainProxy.java:374)
	at org.springframework.security.web.header.HeaderWriterFilter.doHeadersAfter(HeaderWriterFilter.java:90)
	at org.springframework.security.web.header.HeaderWriterFilter.doFilterInternal(HeaderWriterFilter.java:75)
	at org.springframework.web.filter.OncePerRequestFilter.doFilter(OncePerRequestFilter.java:116)
	at org.springframework.security.web.FilterChainProxy$VirtualFilterChain.doFilter(FilterChainProxy.java:374)
	at org.springframework.security.web.context.SecurityContextHolderFilter.doFilter(SecurityContextHolderFilter.java:82)
	at org.springframework.security.web.context.SecurityContextHolderFilter.doFilter(SecurityContextHolderFilter.java:69)
	at org.springframework.security.web.FilterChainProxy$VirtualFilterChain.doFilter(FilterChainProxy.java:374)
	at org.springframework.security.web.context.request.async.WebAsyncManagerIntegrationFilter.doFilterInternal(WebAsyncManagerIntegrationFilter.java:62)
	at org.springframework.web.filter.OncePerRequestFilter.doFilter(OncePerRequestFilter.java:116)
	at org.springframework.security.web.FilterChainProxy$VirtualFilterChain.doFilter(FilterChainProxy.java:374)
	at org.springframework.security.web.session.DisableEncodeUrlFilter.doFilterInternal(DisableEncodeUrlFilter.java:42)
	at org.springframework.web.filter.OncePerRequestFilter.doFilter(OncePerRequestFilter.java:116)
	at org.springframework.security.web.FilterChainProxy$VirtualFilterChain.doFilter(FilterChainProxy.java:374)
	at org.springframework.security.web.FilterChainProxy.doFilterInternal(FilterChainProxy.java:233)
	at org.springframework.security.web.FilterChainProxy.doFilter(FilterChainProxy.java:191)
	at org.springframework.web.filter.DelegatingFilterProxy.invokeDelegate(DelegatingFilterProxy.java:352)
	at org.springframework.web.filter.DelegatingFilterProxy.doFilter(DelegatingFilterProxy.java:268)
	at org.apache.catalina.core.ApplicationFilterChain.internalDoFilter(ApplicationFilterChain.java:174)
	at org.apache.catalina.core.ApplicationFilterChain.doFilter(ApplicationFilterChain.java:149)
	at org.springframework.web.filter.RequestContextFilter.doFilterInternal(RequestContextFilter.java:100)
	at org.springframework.web.filter.OncePerRequestFilter.doFilter(OncePerRequestFilter.java:116)
	at org.apache.catalina.core.ApplicationFilterChain.internalDoFilter(ApplicationFilterChain.java:174)
	at org.apache.catalina.core.ApplicationFilterChain.doFilter(ApplicationFilterChain.java:149)
	at org.springframework.web.filter.FormContentFilter.doFilterInternal(FormContentFilter.java:93)
	at org.springframework.web.filter.OncePerRequestFilter.doFilter(OncePerRequestFilter.java:116)
	at org.apache.catalina.core.ApplicationFilterChain.internalDoFilter(ApplicationFilterChain.java:174)
	at org.apache.catalina.core.ApplicationFilterChain.doFilter(ApplicationFilterChain.java:149)
	at org.springframework.web.filter.CharacterEncodingFilter.doFilterInternal(CharacterEncodingFilter.java:201)
	at org.springframework.web.filter.OncePerRequestFilter.doFilter(OncePerRequestFilter.java:116)
	at org.apache.catalina.core.ApplicationFilterChain.internalDoFilter(ApplicationFilterChain.java:174)
	at org.apache.catalina.core.ApplicationFilterChain.doFilter(ApplicationFilterChain.java:149)
	at org.apache.catalina.core.StandardWrapperValve.invoke(StandardWrapperValve.java:167)
	at org.apache.catalina.core.StandardContextValve.invoke(StandardContextValve.java:90)
	at org.apache.catalina.authenticator.AuthenticatorBase.invoke(AuthenticatorBase.java:482)
	at org.apache.catalina.core.StandardHostValve.invoke(StandardHostValve.java:115)
	at org.apache.catalina.valves.ErrorReportValve.invoke(ErrorReportValve.java:93)
	at org.apache.catalina.core.StandardEngineValve.invoke(StandardEngineValve.java:74)
	at org.apache.catalina.connector.CoyoteAdapter.service(CoyoteAdapter.java:340)
	at org.apache.coyote.http11.Http11Processor.service(Http11Processor.java:391)
	at org.apache.coyote.AbstractProcessorLight.process(AbstractProcessorLight.java:63)
	at org.apache.coyote.AbstractProtocol$ConnectionHandler.process(AbstractProtocol.java:896)
	at org.apache.tomcat.util.net.NioEndpoint$SocketProcessor.doRun(NioEndpoint.java:1744)
	at org.apache.tomcat.util.net.SocketProcessorBase.run(SocketProcessorBase.java:52)
	at org.apache.tomcat.util.threads.ThreadPoolExecutor.runWorker(ThreadPoolExecutor.java:1191)
	at org.apache.tomcat.util.threads.ThreadPoolExecutor$Worker.run(ThreadPoolExecutor.java:659)
	at org.apache.tomcat.util.threads.TaskThread$WrappingRunnable.run(TaskThread.java:61)
	at java.base/java.lang.Thread.run(Thread.java:833)
Caused by: io.jsonwebtoken.io.DeserializationException: Unable to deserialize: Unexpected character ('�' (code 65533 / 0xfffd)): expected a valid value (JSON String, Number, Array, Object or token 'null', 'true' or 'false')
 at [Source: (InputStreamReader); line: 1, column: 2]
	at io.jsonwebtoken.io.AbstractDeserializer.deserialize(AbstractDeserializer.java:72)
	at io.jsonwebtoken.impl.io.JsonObjectDeserializer.apply(JsonObjectDeserializer.java:52)
	... 63 common frames omitted
Caused by: com.fasterxml.jackson.core.JsonParseException: Unexpected character ('�' (code 65533 / 0xfffd)): expected a valid value (JSON String, Number, Array, Object or token 'null', 'true' or 'false')
 at [Source: (InputStreamReader); line: 1, column: 2]
	at com.fasterxml.jackson.core.JsonParser._constructError(JsonParser.java:2477)
	at com.fasterxml.jackson.core.base.ParserMinimalBase._reportError(ParserMinimalBase.java:750)
	at com.fasterxml.jackson.core.base.ParserMinimalBase._reportUnexpectedChar(ParserMinimalBase.java:674)
	at com.fasterxml.jackson.core.json.ReaderBasedJsonParser._handleOddValue(ReaderBasedJsonParser.java:2085)
	at com.fasterxml.jackson.core.json.ReaderBasedJsonParser.nextToken(ReaderBasedJsonParser.java:808)
	at com.fasterxml.jackson.databind.ObjectMapper._initForReading(ObjectMapper.java:4912)
	at com.fasterxml.jackson.databind.ObjectMapper._readMapAndClose(ObjectMapper.java:4818)
	at com.fasterxml.jackson.databind.ObjectMapper.readValue(ObjectMapper.java:3785)
	at io.jsonwebtoken.jackson.io.JacksonDeserializer.doDeserialize(JacksonDeserializer.java:104)
	at io.jsonwebtoken.io.AbstractDeserializer.deserialize(AbstractDeserializer.java:66)
	... 64 common frames omitted
2024-02-20 16:50:05.444 INFO  - LAP-NFS1192 - Starting KhataApplication using Java 17.0.8.1 with PID 25980 (D:\JKD17WorkSpace\Personal\khata\target\classes started by Administrator in D:\JKD17WorkSpace\Personal\khata)
2024-02-20 16:50:05.448 INFO  - LAP-NFS1192 - No active profile set, falling back to 1 default profile: "default"
2024-02-20 16:50:06.446 INFO  - LAP-NFS1192 - Bootstrapping Spring Data JPA repositories in DEFAULT mode.
2024-02-20 16:50:06.531 INFO  - LAP-NFS1192 - Finished Spring Data repository scanning in 75 ms. Found 2 JPA repository interfaces.
2024-02-20 16:50:07.354 INFO  - LAP-NFS1192 - Tomcat initialized with port(s): 9010 (http)
2024-02-20 16:50:07.367 INFO  - LAP-NFS1192 - Initializing ProtocolHandler ["http-nio-9010"]
2024-02-20 16:50:07.370 INFO  - LAP-NFS1192 - Starting service [Tomcat]
2024-02-20 16:50:07.371 INFO  - LAP-NFS1192 - Starting Servlet engine: [Apache Tomcat/10.1.15]
2024-02-20 16:50:07.526 INFO  - LAP-NFS1192 - Initializing Spring embedded WebApplicationContext
2024-02-20 16:50:07.528 INFO  - LAP-NFS1192 - Root WebApplicationContext: initialization completed in 2003 ms
2024-02-20 16:50:08.184 INFO  - LAP-NFS1192 - No LoadTimeWeaver setup: ignoring JPA class transformer
2024-02-20 16:50:08.226 INFO  - LAP-NFS1192 - HikariPool-1 - Starting...
2024-02-20 16:50:08.464 INFO  - LAP-NFS1192 - HikariPool-1 - Added connection com.mysql.cj.jdbc.ConnectionImpl@29f3185c
2024-02-20 16:50:08.467 INFO  - LAP-NFS1192 - HikariPool-1 - Start completed.
2024-02-20 16:50:09.740 INFO  - LAP-NFS1192 - Initialized JPA EntityManagerFactory for persistence unit 'default'
2024-02-20 16:50:10.142 WARN  - LAP-NFS1192 - Exception encountered during context initialization - cancelling refresh attempt: org.springframework.beans.factory.UnsatisfiedDependencyException: Error creating bean with name 'authenticationController' defined in file [D:\JKD17WorkSpace\Personal\khata\target\classes\com\khata\onsite\security\AuthenticationController.class]: Unsatisfied dependency expressed through constructor parameter 0: Error creating bean with name 'authenticationService' defined in file [D:\JKD17WorkSpace\Personal\khata\target\classes\com\khata\onsite\security\AuthenticationService.class]: Unsatisfied dependency expressed through constructor parameter 1: No qualifying bean of type 'org.springframework.security.crypto.password.PasswordEncoder' available: expected at least 1 bean which qualifies as autowire candidate. Dependency annotations: {}
2024-02-20 16:50:10.143 INFO  - LAP-NFS1192 - Closing JPA EntityManagerFactory for persistence unit 'default'
2024-02-20 16:50:10.146 INFO  - LAP-NFS1192 - HikariPool-1 - Shutdown initiated...
2024-02-20 16:50:10.156 INFO  - LAP-NFS1192 - HikariPool-1 - Shutdown completed.
2024-02-20 16:50:10.158 INFO  - LAP-NFS1192 - Stopping service [Tomcat]
2024-02-20 16:50:10.173 INFO  - LAP-NFS1192 - 

Error starting ApplicationContext. To display the condition evaluation report re-run your application with 'debug' enabled.
2024-02-20 16:50:10.207 ERROR - LAP-NFS1192 - 

***************************
APPLICATION FAILED TO START
***************************

Description:

Parameter 1 of constructor in com.khata.onsite.security.AuthenticationService required a bean of type 'org.springframework.security.crypto.password.PasswordEncoder' that could not be found.


Action:

Consider defining a bean of type 'org.springframework.security.crypto.password.PasswordEncoder' in your configuration.

2024-02-20 16:50:44.805 INFO  - LAP-NFS1192 - Starting KhataApplication using Java 17.0.8.1 with PID 40828 (D:\JKD17WorkSpace\Personal\khata\target\classes started by Administrator in D:\JKD17WorkSpace\Personal\khata)
2024-02-20 16:50:44.809 INFO  - LAP-NFS1192 - No active profile set, falling back to 1 default profile: "default"
2024-02-20 16:50:45.923 INFO  - LAP-NFS1192 - Bootstrapping Spring Data JPA repositories in DEFAULT mode.
2024-02-20 16:50:46.034 INFO  - LAP-NFS1192 - Finished Spring Data repository scanning in 91 ms. Found 2 JPA repository interfaces.
2024-02-20 16:50:47.002 INFO  - LAP-NFS1192 - Tomcat initialized with port(s): 9010 (http)
2024-02-20 16:50:47.016 INFO  - LAP-NFS1192 - Initializing ProtocolHandler ["http-nio-9010"]
2024-02-20 16:50:47.019 INFO  - LAP-NFS1192 - Starting service [Tomcat]
2024-02-20 16:50:47.019 INFO  - LAP-NFS1192 - Starting Servlet engine: [Apache Tomcat/10.1.15]
2024-02-20 16:50:47.200 INFO  - LAP-NFS1192 - Initializing Spring embedded WebApplicationContext
2024-02-20 16:50:47.202 INFO  - LAP-NFS1192 - Root WebApplicationContext: initialization completed in 2299 ms
2024-02-20 16:50:48.154 INFO  - LAP-NFS1192 - No LoadTimeWeaver setup: ignoring JPA class transformer
2024-02-20 16:50:48.201 INFO  - LAP-NFS1192 - HikariPool-1 - Starting...
2024-02-20 16:50:48.500 INFO  - LAP-NFS1192 - HikariPool-1 - Added connection com.mysql.cj.jdbc.ConnectionImpl@410382cb
2024-02-20 16:50:48.504 INFO  - LAP-NFS1192 - HikariPool-1 - Start completed.
2024-02-20 16:50:50.042 INFO  - LAP-NFS1192 - Initialized JPA EntityManagerFactory for persistence unit 'default'
2024-02-20 16:50:50.497 WARN  - LAP-NFS1192 - Exception encountered during context initialization - cancelling refresh attempt: org.springframework.beans.factory.UnsatisfiedDependencyException: Error creating bean with name 'authenticationController' defined in file [D:\JKD17WorkSpace\Personal\khata\target\classes\com\khata\onsite\security\AuthenticationController.class]: Unsatisfied dependency expressed through constructor parameter 0: Error creating bean with name 'authenticationService' defined in file [D:\JKD17WorkSpace\Personal\khata\target\classes\com\khata\onsite\security\AuthenticationService.class]: Unsatisfied dependency expressed through constructor parameter 1: No qualifying bean of type 'org.springframework.security.crypto.password.PasswordEncoder' available: expected at least 1 bean which qualifies as autowire candidate. Dependency annotations: {}
2024-02-20 16:50:50.498 INFO  - LAP-NFS1192 - Closing JPA EntityManagerFactory for persistence unit 'default'
2024-02-20 16:50:50.500 INFO  - LAP-NFS1192 - HikariPool-1 - Shutdown initiated...
2024-02-20 16:50:50.511 INFO  - LAP-NFS1192 - HikariPool-1 - Shutdown completed.
2024-02-20 16:50:50.513 INFO  - LAP-NFS1192 - Stopping service [Tomcat]
2024-02-20 16:50:50.528 INFO  - LAP-NFS1192 - 

Error starting ApplicationContext. To display the condition evaluation report re-run your application with 'debug' enabled.
2024-02-20 16:50:50.560 ERROR - LAP-NFS1192 - 

***************************
APPLICATION FAILED TO START
***************************

Description:

Parameter 1 of constructor in com.khata.onsite.security.AuthenticationService required a bean of type 'org.springframework.security.crypto.password.PasswordEncoder' that could not be found.


Action:

Consider defining a bean of type 'org.springframework.security.crypto.password.PasswordEncoder' in your configuration.

2024-02-20 16:51:53.219 INFO  - LAP-NFS1192 - Starting KhataApplication using Java 17.0.8.1 with PID 33232 (D:\JKD17WorkSpace\Personal\khata\target\classes started by Administrator in D:\JKD17WorkSpace\Personal\khata)
2024-02-20 16:51:53.223 INFO  - LAP-NFS1192 - No active profile set, falling back to 1 default profile: "default"
2024-02-20 16:51:54.378 INFO  - LAP-NFS1192 - Bootstrapping Spring Data JPA repositories in DEFAULT mode.
2024-02-20 16:51:54.485 INFO  - LAP-NFS1192 - Finished Spring Data repository scanning in 91 ms. Found 2 JPA repository interfaces.
2024-02-20 16:51:55.446 INFO  - LAP-NFS1192 - Tomcat initialized with port(s): 9010 (http)
2024-02-20 16:51:55.457 INFO  - LAP-NFS1192 - Initializing ProtocolHandler ["http-nio-9010"]
2024-02-20 16:51:55.461 INFO  - LAP-NFS1192 - Starting service [Tomcat]
2024-02-20 16:51:55.461 INFO  - LAP-NFS1192 - Starting Servlet engine: [Apache Tomcat/10.1.15]
2024-02-20 16:51:55.621 INFO  - LAP-NFS1192 - Initializing Spring embedded WebApplicationContext
2024-02-20 16:51:55.623 INFO  - LAP-NFS1192 - Root WebApplicationContext: initialization completed in 2316 ms
2024-02-20 16:51:56.298 INFO  - LAP-NFS1192 - No LoadTimeWeaver setup: ignoring JPA class transformer
2024-02-20 16:51:56.346 INFO  - LAP-NFS1192 - HikariPool-1 - Starting...
2024-02-20 16:51:56.577 INFO  - LAP-NFS1192 - HikariPool-1 - Added connection com.mysql.cj.jdbc.ConnectionImpl@399f5daf
2024-02-20 16:51:56.580 INFO  - LAP-NFS1192 - HikariPool-1 - Start completed.
2024-02-20 16:51:57.788 INFO  - LAP-NFS1192 - Initialized JPA EntityManagerFactory for persistence unit 'default'
2024-02-20 16:51:58.184 WARN  - LAP-NFS1192 - Exception encountered during context initialization - cancelling refresh attempt: org.springframework.beans.factory.UnsatisfiedDependencyException: Error creating bean with name 'authenticationController' defined in file [D:\JKD17WorkSpace\Personal\khata\target\classes\com\khata\onsite\security\AuthenticationController.class]: Unsatisfied dependency expressed through constructor parameter 0: Error creating bean with name 'authenticationService' defined in file [D:\JKD17WorkSpace\Personal\khata\target\classes\com\khata\onsite\security\AuthenticationService.class]: Unsatisfied dependency expressed through constructor parameter 2: No qualifying bean of type 'org.springframework.security.authentication.AuthenticationManager' available: expected at least 1 bean which qualifies as autowire candidate. Dependency annotations: {}
2024-02-20 16:51:58.185 INFO  - LAP-NFS1192 - Closing JPA EntityManagerFactory for persistence unit 'default'
2024-02-20 16:51:58.188 INFO  - LAP-NFS1192 - HikariPool-1 - Shutdown initiated...
2024-02-20 16:51:58.197 INFO  - LAP-NFS1192 - HikariPool-1 - Shutdown completed.
2024-02-20 16:51:58.199 INFO  - LAP-NFS1192 - Stopping service [Tomcat]
2024-02-20 16:51:58.213 INFO  - LAP-NFS1192 - 

Error starting ApplicationContext. To display the condition evaluation report re-run your application with 'debug' enabled.
2024-02-20 16:51:58.244 ERROR - LAP-NFS1192 - 

***************************
APPLICATION FAILED TO START
***************************

Description:

Parameter 2 of constructor in com.khata.onsite.security.AuthenticationService required a bean of type 'org.springframework.security.authentication.AuthenticationManager' that could not be found.


Action:

Consider defining a bean of type 'org.springframework.security.authentication.AuthenticationManager' in your configuration.

2024-02-20 16:52:37.598 INFO  - LAP-NFS1192 - Starting KhataApplication using Java 17.0.8.1 with PID 53496 (D:\JKD17WorkSpace\Personal\khata\target\classes started by Administrator in D:\JKD17WorkSpace\Personal\khata)
2024-02-20 16:52:37.602 INFO  - LAP-NFS1192 - No active profile set, falling back to 1 default profile: "default"
2024-02-20 16:52:38.625 INFO  - LAP-NFS1192 - Bootstrapping Spring Data JPA repositories in DEFAULT mode.
2024-02-20 16:52:38.716 INFO  - LAP-NFS1192 - Finished Spring Data repository scanning in 78 ms. Found 2 JPA repository interfaces.
2024-02-20 16:52:39.483 INFO  - LAP-NFS1192 - Tomcat initialized with port(s): 9010 (http)
2024-02-20 16:52:39.494 INFO  - LAP-NFS1192 - Initializing ProtocolHandler ["http-nio-9010"]
2024-02-20 16:52:39.497 INFO  - LAP-NFS1192 - Starting service [Tomcat]
2024-02-20 16:52:39.498 INFO  - LAP-NFS1192 - Starting Servlet engine: [Apache Tomcat/10.1.15]
2024-02-20 16:52:39.642 INFO  - LAP-NFS1192 - Initializing Spring embedded WebApplicationContext
2024-02-20 16:52:39.645 INFO  - LAP-NFS1192 - Root WebApplicationContext: initialization completed in 1961 ms
2024-02-20 16:52:40.287 INFO  - LAP-NFS1192 - No LoadTimeWeaver setup: ignoring JPA class transformer
2024-02-20 16:52:40.324 INFO  - LAP-NFS1192 - HikariPool-1 - Starting...
2024-02-20 16:52:40.567 INFO  - LAP-NFS1192 - HikariPool-1 - Added connection com.mysql.cj.jdbc.ConnectionImpl@399f5daf
2024-02-20 16:52:40.571 INFO  - LAP-NFS1192 - HikariPool-1 - Start completed.
2024-02-20 16:52:41.876 INFO  - LAP-NFS1192 - Initialized JPA EntityManagerFactory for persistence unit 'default'
2024-02-20 16:52:42.460 WARN  - LAP-NFS1192 - spring.jpa.open-in-view is enabled by default. Therefore, database queries may be performed during view rendering. Explicitly configure spring.jpa.open-in-view to disable this warning
2024-02-20 16:52:43.425 INFO  - LAP-NFS1192 - Will secure any request with [org.springframework.security.web.session.DisableEncodeUrlFilter@73bb782d, org.springframework.security.web.context.request.async.WebAsyncManagerIntegrationFilter@3a3375d8, org.springframework.security.web.context.SecurityContextHolderFilter@608b74f3, org.springframework.security.web.header.HeaderWriterFilter@139da216, org.springframework.security.web.csrf.CsrfFilter@c4bb119, org.springframework.security.web.authentication.logout.LogoutFilter@25f67aea, org.springframework.security.web.authentication.UsernamePasswordAuthenticationFilter@60147536, org.springframework.security.web.authentication.ui.DefaultLoginPageGeneratingFilter@137a9d69, org.springframework.security.web.authentication.ui.DefaultLogoutPageGeneratingFilter@63bb719d, org.springframework.security.web.authentication.www.BasicAuthenticationFilter@77d7d2d0, org.springframework.security.web.savedrequest.RequestCacheAwareFilter@5a6f1342, org.springframework.security.web.servletapi.SecurityContextHolderAwareRequestFilter@2553fbd0, org.springframework.security.web.authentication.AnonymousAuthenticationFilter@38e100ab, org.springframework.security.web.access.ExceptionTranslationFilter@2f6f2d91, org.springframework.security.web.access.intercept.AuthorizationFilter@1ae37be2]
2024-02-20 16:52:43.466 INFO  - LAP-NFS1192 - Starting ProtocolHandler ["http-nio-9010"]
2024-02-20 16:52:43.492 INFO  - LAP-NFS1192 - Tomcat started on port(s): 9010 (http) with context path ''
2024-02-20 16:52:43.506 INFO  - LAP-NFS1192 - Started KhataApplication in 6.641 seconds (process running for 7.563)
2024-02-20 16:52:48.087 INFO  - LAP-NFS1192 - Initializing Spring DispatcherServlet 'dispatcherServlet'
2024-02-20 16:54:24.184 INFO  - LAP-NFS1192 - Starting KhataApplication using Java 17.0.8.1 with PID 40312 (D:\JKD17WorkSpace\Personal\khata\target\classes started by Administrator in D:\JKD17WorkSpace\Personal\khata)
2024-02-20 16:54:24.189 INFO  - LAP-NFS1192 - No active profile set, falling back to 1 default profile: "default"
2024-02-20 16:54:25.232 INFO  - LAP-NFS1192 - Bootstrapping Spring Data JPA repositories in DEFAULT mode.
2024-02-20 16:54:25.327 INFO  - LAP-NFS1192 - Finished Spring Data repository scanning in 83 ms. Found 2 JPA repository interfaces.
2024-02-20 16:54:26.130 INFO  - LAP-NFS1192 - Tomcat initialized with port(s): 9010 (http)
2024-02-20 16:54:26.143 INFO  - LAP-NFS1192 - Initializing ProtocolHandler ["http-nio-9010"]
2024-02-20 16:54:26.145 INFO  - LAP-NFS1192 - Starting service [Tomcat]
2024-02-20 16:54:26.146 INFO  - LAP-NFS1192 - Starting Servlet engine: [Apache Tomcat/10.1.15]
2024-02-20 16:54:26.295 INFO  - LAP-NFS1192 - Initializing Spring embedded WebApplicationContext
2024-02-20 16:54:26.297 INFO  - LAP-NFS1192 - Root WebApplicationContext: initialization completed in 2042 ms
2024-02-20 16:54:26.959 INFO  - LAP-NFS1192 - No LoadTimeWeaver setup: ignoring JPA class transformer
2024-02-20 16:54:27.001 INFO  - LAP-NFS1192 - HikariPool-1 - Starting...
2024-02-20 16:54:27.231 INFO  - LAP-NFS1192 - HikariPool-1 - Added connection com.mysql.cj.jdbc.ConnectionImpl@628962e5
2024-02-20 16:54:27.234 INFO  - LAP-NFS1192 - HikariPool-1 - Start completed.
2024-02-20 16:54:28.425 INFO  - LAP-NFS1192 - Initialized JPA EntityManagerFactory for persistence unit 'default'
2024-02-20 16:54:28.939 WARN  - LAP-NFS1192 - spring.jpa.open-in-view is enabled by default. Therefore, database queries may be performed during view rendering. Explicitly configure spring.jpa.open-in-view to disable this warning
2024-02-20 16:54:29.512 INFO  - LAP-NFS1192 - Will secure any request with [org.springframework.security.web.session.DisableEncodeUrlFilter@3c83e9ca, org.springframework.security.web.context.request.async.WebAsyncManagerIntegrationFilter@7c0ecdbf, org.springframework.security.web.context.SecurityContextHolderFilter@5352bc0e, org.springframework.security.web.header.HeaderWriterFilter@1e6cd1c, org.springframework.security.web.authentication.logout.LogoutFilter@209f0986, com.khata.onsite.security.filter.JwtAuthenticationFilter@504274c1, org.springframework.security.web.savedrequest.RequestCacheAwareFilter@1f138b74, org.springframework.security.web.servletapi.SecurityContextHolderAwareRequestFilter@79e33802, org.springframework.security.web.authentication.AnonymousAuthenticationFilter@19bad88, org.springframework.security.web.session.SessionManagementFilter@1a000fff, org.springframework.security.web.access.ExceptionTranslationFilter@489989eb, org.springframework.security.web.access.intercept.AuthorizationFilter@d79a69b]
2024-02-20 16:54:29.830 INFO  - LAP-NFS1192 - Starting ProtocolHandler ["http-nio-9010"]
2024-02-20 16:54:29.858 INFO  - LAP-NFS1192 - Tomcat started on port(s): 9010 (http) with context path ''
2024-02-20 16:54:29.870 INFO  - LAP-NFS1192 - Started KhataApplication in 6.382 seconds (process running for 7.401)
2024-02-20 16:54:32.785 INFO  - LAP-NFS1192 - Initializing Spring DispatcherServlet 'dispatcherServlet'
2024-02-20 16:54:46.659 ERROR - LAP-NFS1192 - Cannot invoke "java.io.ByteArrayOutputStream.toString()" because "this.bos" is null
2024-02-20 16:55:03.419 INFO  - LAP-NFS1192 - Starting KhataApplication using Java 17.0.8.1 with PID 54096 (D:\JKD17WorkSpace\Personal\khata\target\classes started by Administrator in D:\JKD17WorkSpace\Personal\khata)
2024-02-20 16:55:03.424 INFO  - LAP-NFS1192 - No active profile set, falling back to 1 default profile: "default"
2024-02-20 16:55:04.639 INFO  - LAP-NFS1192 - Bootstrapping Spring Data JPA repositories in DEFAULT mode.
2024-02-20 16:55:04.757 INFO  - LAP-NFS1192 - Finished Spring Data repository scanning in 104 ms. Found 2 JPA repository interfaces.
2024-02-20 16:55:05.968 INFO  - LAP-NFS1192 - Tomcat initialized with port(s): 9010 (http)
2024-02-20 16:55:05.983 INFO  - LAP-NFS1192 - Initializing ProtocolHandler ["http-nio-9010"]
2024-02-20 16:55:05.987 INFO  - LAP-NFS1192 - Starting service [Tomcat]
2024-02-20 16:55:05.987 INFO  - LAP-NFS1192 - Starting Servlet engine: [Apache Tomcat/10.1.15]
2024-02-20 16:55:06.191 INFO  - LAP-NFS1192 - Initializing Spring embedded WebApplicationContext
2024-02-20 16:55:06.192 INFO  - LAP-NFS1192 - Root WebApplicationContext: initialization completed in 2690 ms
2024-02-20 16:55:07.020 INFO  - LAP-NFS1192 - No LoadTimeWeaver setup: ignoring JPA class transformer
2024-02-20 16:55:07.062 INFO  - LAP-NFS1192 - HikariPool-1 - Starting...
2024-02-20 16:55:07.313 INFO  - LAP-NFS1192 - HikariPool-1 - Added connection com.mysql.cj.jdbc.ConnectionImpl@c4cceb
2024-02-20 16:55:07.317 INFO  - LAP-NFS1192 - HikariPool-1 - Start completed.
2024-02-20 16:55:08.706 INFO  - LAP-NFS1192 - Initialized JPA EntityManagerFactory for persistence unit 'default'
2024-02-20 16:55:09.366 WARN  - LAP-NFS1192 - spring.jpa.open-in-view is enabled by default. Therefore, database queries may be performed during view rendering. Explicitly configure spring.jpa.open-in-view to disable this warning
2024-02-20 16:55:10.001 INFO  - LAP-NFS1192 - Will secure any request with [org.springframework.security.web.session.DisableEncodeUrlFilter@578ac0be, org.springframework.security.web.context.request.async.WebAsyncManagerIntegrationFilter@4250b0c1, org.springframework.security.web.context.SecurityContextHolderFilter@79e33802, org.springframework.security.web.header.HeaderWriterFilter@6aff157e, org.springframework.security.web.authentication.logout.LogoutFilter@7bb4f09d, com.khata.onsite.security.filter.JwtAuthenticationFilter@7ddcd3d, org.springframework.security.web.savedrequest.RequestCacheAwareFilter@1cc878e6, org.springframework.security.web.servletapi.SecurityContextHolderAwareRequestFilter@57d0c779, org.springframework.security.web.authentication.AnonymousAuthenticationFilter@7b5e5fa, org.springframework.security.web.session.SessionManagementFilter@4c682826, org.springframework.security.web.access.ExceptionTranslationFilter@7e9d171c, org.springframework.security.web.access.intercept.AuthorizationFilter@2226fd2b]
2024-02-20 16:55:10.417 INFO  - LAP-NFS1192 - Starting ProtocolHandler ["http-nio-9010"]
2024-02-20 16:55:10.444 INFO  - LAP-NFS1192 - Tomcat started on port(s): 9010 (http) with context path ''
2024-02-20 16:55:10.454 INFO  - LAP-NFS1192 - Started KhataApplication in 7.861 seconds (process running for 8.926)
2024-02-20 16:55:13.580 INFO  - LAP-NFS1192 - Initializing Spring DispatcherServlet 'dispatcherServlet'
2024-02-20 16:55:14.104 INFO  - LAP-NFS1192 - REST Request - [HTTP METHOD:POST] [PATH INFO:/register] [REQUEST PARAMETERS:{}] [REQUEST BODY:{"firstName": "Mohsin","lastName" : "Shabbir","username" : "mohisn1","password" : "123","role" : "USER"}] [REMOTE ADDRESS:0:0:0:0:0:0:0:1] [RESPONSE:{"token":"eyJhbGciOiJIUzM4NCJ9.eyJzdWIiOiJtb2hpc24xIiwiaWF0IjoxNzA4NDIyOTE0LCJleHAiOjE3MDg1MDkzMTR9.9YABMbDI1xhQVIHWb6QZTBC7Y1_lbZ2z34zhCCc-ug4mjUZ9M_FsR6rLeExWHMnE"}]
2024-02-20 16:55:29.864 ERROR - LAP-NFS1192 - Servlet.service() for servlet [dispatcherServlet] in context with path [] threw exception
org.springframework.dao.IncorrectResultSizeDataAccessException: query did not return a unique result: 3
	at org.springframework.orm.jpa.EntityManagerFactoryUtils.convertJpaAccessExceptionIfPossible(EntityManagerFactoryUtils.java:382)
	at org.springframework.orm.jpa.vendor.HibernateJpaDialect.translateExceptionIfPossible(HibernateJpaDialect.java:234)
	at org.springframework.orm.jpa.AbstractEntityManagerFactoryBean.translateExceptionIfPossible(AbstractEntityManagerFactoryBean.java:550)
	at org.springframework.dao.support.ChainedPersistenceExceptionTranslator.translateExceptionIfPossible(ChainedPersistenceExceptionTranslator.java:61)
	at org.springframework.dao.support.DataAccessUtils.translateIfNecessary(DataAccessUtils.java:243)
	at org.springframework.dao.support.PersistenceExceptionTranslationInterceptor.invoke(PersistenceExceptionTranslationInterceptor.java:152)
	at org.springframework.aop.framework.ReflectiveMethodInvocation.proceed(ReflectiveMethodInvocation.java:184)
	at org.springframework.data.jpa.repository.support.CrudMethodMetadataPostProcessor$CrudMethodMetadataPopulatingMethodInterceptor.invoke(CrudMethodMetadataPostProcessor.java:135)
	at org.springframework.aop.framework.ReflectiveMethodInvocation.proceed(ReflectiveMethodInvocation.java:184)
	at org.springframework.aop.interceptor.ExposeInvocationInterceptor.invoke(ExposeInvocationInterceptor.java:97)
	at org.springframework.aop.framework.ReflectiveMethodInvocation.proceed(ReflectiveMethodInvocation.java:184)
	at org.springframework.aop.framework.JdkDynamicAopProxy.invoke(JdkDynamicAopProxy.java:244)
	at jdk.proxy2/jdk.proxy2.$Proxy130.findByUsername(Unknown Source)
	at com.khata.onsite.security.service.UserDetailServiceImp.loadUserByUsername(UserDetailServiceImp.java:20)
	at com.khata.onsite.security.filter.JwtAuthenticationFilter.doFilterInternal(JwtAuthenticationFilter.java:50)
	at org.springframework.web.filter.OncePerRequestFilter.doFilter(OncePerRequestFilter.java:116)
	at org.springframework.security.web.FilterChainProxy$VirtualFilterChain.doFilter(FilterChainProxy.java:374)
	at org.springframework.security.web.authentication.logout.LogoutFilter.doFilter(LogoutFilter.java:107)
	at org.springframework.security.web.authentication.logout.LogoutFilter.doFilter(LogoutFilter.java:93)
	at org.springframework.security.web.FilterChainProxy$VirtualFilterChain.doFilter(FilterChainProxy.java:374)
	at org.springframework.security.web.header.HeaderWriterFilter.doHeadersAfter(HeaderWriterFilter.java:90)
	at org.springframework.security.web.header.HeaderWriterFilter.doFilterInternal(HeaderWriterFilter.java:75)
	at org.springframework.web.filter.OncePerRequestFilter.doFilter(OncePerRequestFilter.java:116)
	at org.springframework.security.web.FilterChainProxy$VirtualFilterChain.doFilter(FilterChainProxy.java:374)
	at org.springframework.security.web.context.SecurityContextHolderFilter.doFilter(SecurityContextHolderFilter.java:82)
	at org.springframework.security.web.context.SecurityContextHolderFilter.doFilter(SecurityContextHolderFilter.java:69)
	at org.springframework.security.web.FilterChainProxy$VirtualFilterChain.doFilter(FilterChainProxy.java:374)
	at org.springframework.security.web.context.request.async.WebAsyncManagerIntegrationFilter.doFilterInternal(WebAsyncManagerIntegrationFilter.java:62)
	at org.springframework.web.filter.OncePerRequestFilter.doFilter(OncePerRequestFilter.java:116)
	at org.springframework.security.web.FilterChainProxy$VirtualFilterChain.doFilter(FilterChainProxy.java:374)
	at org.springframework.security.web.session.DisableEncodeUrlFilter.doFilterInternal(DisableEncodeUrlFilter.java:42)
	at org.springframework.web.filter.OncePerRequestFilter.doFilter(OncePerRequestFilter.java:116)
	at org.springframework.security.web.FilterChainProxy$VirtualFilterChain.doFilter(FilterChainProxy.java:374)
	at org.springframework.security.web.FilterChainProxy.doFilterInternal(FilterChainProxy.java:233)
	at org.springframework.security.web.FilterChainProxy.doFilter(FilterChainProxy.java:191)
	at org.springframework.web.filter.DelegatingFilterProxy.invokeDelegate(DelegatingFilterProxy.java:352)
	at org.springframework.web.filter.DelegatingFilterProxy.doFilter(DelegatingFilterProxy.java:268)
	at org.apache.catalina.core.ApplicationFilterChain.internalDoFilter(ApplicationFilterChain.java:174)
	at org.apache.catalina.core.ApplicationFilterChain.doFilter(ApplicationFilterChain.java:149)
	at org.springframework.web.filter.RequestContextFilter.doFilterInternal(RequestContextFilter.java:100)
	at org.springframework.web.filter.OncePerRequestFilter.doFilter(OncePerRequestFilter.java:116)
	at org.apache.catalina.core.ApplicationFilterChain.internalDoFilter(ApplicationFilterChain.java:174)
	at org.apache.catalina.core.ApplicationFilterChain.doFilter(ApplicationFilterChain.java:149)
	at org.springframework.web.filter.FormContentFilter.doFilterInternal(FormContentFilter.java:93)
	at org.springframework.web.filter.OncePerRequestFilter.doFilter(OncePerRequestFilter.java:116)
	at org.apache.catalina.core.ApplicationFilterChain.internalDoFilter(ApplicationFilterChain.java:174)
	at org.apache.catalina.core.ApplicationFilterChain.doFilter(ApplicationFilterChain.java:149)
	at org.springframework.web.filter.CharacterEncodingFilter.doFilterInternal(CharacterEncodingFilter.java:201)
	at org.springframework.web.filter.OncePerRequestFilter.doFilter(OncePerRequestFilter.java:116)
	at org.apache.catalina.core.ApplicationFilterChain.internalDoFilter(ApplicationFilterChain.java:174)
	at org.apache.catalina.core.ApplicationFilterChain.doFilter(ApplicationFilterChain.java:149)
	at org.apache.catalina.core.StandardWrapperValve.invoke(StandardWrapperValve.java:167)
	at org.apache.catalina.core.StandardContextValve.invoke(StandardContextValve.java:90)
	at org.apache.catalina.authenticator.AuthenticatorBase.invoke(AuthenticatorBase.java:482)
	at org.apache.catalina.core.StandardHostValve.invoke(StandardHostValve.java:115)
	at org.apache.catalina.valves.ErrorReportValve.invoke(ErrorReportValve.java:93)
	at org.apache.catalina.core.StandardEngineValve.invoke(StandardEngineValve.java:74)
	at org.apache.catalina.connector.CoyoteAdapter.service(CoyoteAdapter.java:340)
	at org.apache.coyote.http11.Http11Processor.service(Http11Processor.java:391)
	at org.apache.coyote.AbstractProcessorLight.process(AbstractProcessorLight.java:63)
	at org.apache.coyote.AbstractProtocol$ConnectionHandler.process(AbstractProtocol.java:896)
	at org.apache.tomcat.util.net.NioEndpoint$SocketProcessor.doRun(NioEndpoint.java:1744)
	at org.apache.tomcat.util.net.SocketProcessorBase.run(SocketProcessorBase.java:52)
	at org.apache.tomcat.util.threads.ThreadPoolExecutor.runWorker(ThreadPoolExecutor.java:1191)
	at org.apache.tomcat.util.threads.ThreadPoolExecutor$Worker.run(ThreadPoolExecutor.java:659)
	at org.apache.tomcat.util.threads.TaskThread$WrappingRunnable.run(TaskThread.java:61)
	at java.base/java.lang.Thread.run(Thread.java:833)
Caused by: jakarta.persistence.NonUniqueResultException: query did not return a unique result: 3
	at org.hibernate.internal.ExceptionConverterImpl.convert(ExceptionConverterImpl.java:128)
	at org.hibernate.query.spi.AbstractSelectionQuery.getSingleResult(AbstractSelectionQuery.java:482)
	at java.base/jdk.internal.reflect.NativeMethodAccessorImpl.invoke0(Native Method)
	at java.base/jdk.internal.reflect.NativeMethodAccessorImpl.invoke(NativeMethodAccessorImpl.java:77)
	at java.base/jdk.internal.reflect.DelegatingMethodAccessorImpl.invoke(DelegatingMethodAccessorImpl.java:43)
	at java.base/java.lang.reflect.Method.invoke(Method.java:568)
	at org.springframework.orm.jpa.SharedEntityManagerCreator$DeferredQueryInvocationHandler.invoke(SharedEntityManagerCreator.java:405)
	at jdk.proxy2/jdk.proxy2.$Proxy145.getSingleResult(Unknown Source)
	at org.springframework.data.jpa.repository.query.JpaQueryExecution$SingleEntityExecution.doExecute(JpaQueryExecution.java:223)
	at org.springframework.data.jpa.repository.query.JpaQueryExecution.execute(JpaQueryExecution.java:92)
	at org.springframework.data.jpa.repository.query.AbstractJpaQuery.doExecute(AbstractJpaQuery.java:149)
	at org.springframework.data.jpa.repository.query.AbstractJpaQuery.execute(AbstractJpaQuery.java:137)
	at org.springframework.data.repository.core.support.RepositoryMethodInvoker.doInvoke(RepositoryMethodInvoker.java:136)
	at org.springframework.data.repository.core.support.RepositoryMethodInvoker.invoke(RepositoryMethodInvoker.java:120)
	at org.springframework.data.repository.core.support.QueryExecutorMethodInterceptor.doInvoke(QueryExecutorMethodInterceptor.java:164)
	at org.springframework.data.repository.core.support.QueryExecutorMethodInterceptor.invoke(QueryExecutorMethodInterceptor.java:143)
	at org.springframework.aop.framework.ReflectiveMethodInvocation.proceed(ReflectiveMethodInvocation.java:184)
	at org.springframework.data.projection.DefaultMethodInvokingMethodInterceptor.invoke(DefaultMethodInvokingMethodInterceptor.java:72)
	at org.springframework.aop.framework.ReflectiveMethodInvocation.proceed(ReflectiveMethodInvocation.java:184)
	at org.springframework.transaction.interceptor.TransactionInterceptor$1.proceedWithInvocation(TransactionInterceptor.java:123)
	at org.springframework.transaction.interceptor.TransactionAspectSupport.invokeWithinTransaction(TransactionAspectSupport.java:391)
	at org.springframework.transaction.interceptor.TransactionInterceptor.invoke(TransactionInterceptor.java:119)
	at org.springframework.aop.framework.ReflectiveMethodInvocation.proceed(ReflectiveMethodInvocation.java:184)
	at org.springframework.dao.support.PersistenceExceptionTranslationInterceptor.invoke(PersistenceExceptionTranslationInterceptor.java:137)
	... 61 common frames omitted
2024-02-20 16:55:36.079 ERROR - LAP-NFS1192 - Servlet.service() for servlet [dispatcherServlet] in context with path [] threw exception
org.springframework.dao.IncorrectResultSizeDataAccessException: query did not return a unique result: 3
	at org.springframework.orm.jpa.EntityManagerFactoryUtils.convertJpaAccessExceptionIfPossible(EntityManagerFactoryUtils.java:382)
	at org.springframework.orm.jpa.vendor.HibernateJpaDialect.translateExceptionIfPossible(HibernateJpaDialect.java:234)
	at org.springframework.orm.jpa.AbstractEntityManagerFactoryBean.translateExceptionIfPossible(AbstractEntityManagerFactoryBean.java:550)
	at org.springframework.dao.support.ChainedPersistenceExceptionTranslator.translateExceptionIfPossible(ChainedPersistenceExceptionTranslator.java:61)
	at org.springframework.dao.support.DataAccessUtils.translateIfNecessary(DataAccessUtils.java:243)
	at org.springframework.dao.support.PersistenceExceptionTranslationInterceptor.invoke(PersistenceExceptionTranslationInterceptor.java:152)
	at org.springframework.aop.framework.ReflectiveMethodInvocation.proceed(ReflectiveMethodInvocation.java:184)
	at org.springframework.data.jpa.repository.support.CrudMethodMetadataPostProcessor$CrudMethodMetadataPopulatingMethodInterceptor.invoke(CrudMethodMetadataPostProcessor.java:135)
	at org.springframework.aop.framework.ReflectiveMethodInvocation.proceed(ReflectiveMethodInvocation.java:184)
	at org.springframework.aop.interceptor.ExposeInvocationInterceptor.invoke(ExposeInvocationInterceptor.java:97)
	at org.springframework.aop.framework.ReflectiveMethodInvocation.proceed(ReflectiveMethodInvocation.java:184)
	at org.springframework.aop.framework.JdkDynamicAopProxy.invoke(JdkDynamicAopProxy.java:244)
	at jdk.proxy2/jdk.proxy2.$Proxy130.findByUsername(Unknown Source)
	at com.khata.onsite.security.service.UserDetailServiceImp.loadUserByUsername(UserDetailServiceImp.java:20)
	at com.khata.onsite.security.filter.JwtAuthenticationFilter.doFilterInternal(JwtAuthenticationFilter.java:50)
	at org.springframework.web.filter.OncePerRequestFilter.doFilter(OncePerRequestFilter.java:116)
	at org.springframework.security.web.FilterChainProxy$VirtualFilterChain.doFilter(FilterChainProxy.java:374)
	at org.springframework.security.web.authentication.logout.LogoutFilter.doFilter(LogoutFilter.java:107)
	at org.springframework.security.web.authentication.logout.LogoutFilter.doFilter(LogoutFilter.java:93)
	at org.springframework.security.web.FilterChainProxy$VirtualFilterChain.doFilter(FilterChainProxy.java:374)
	at org.springframework.security.web.header.HeaderWriterFilter.doHeadersAfter(HeaderWriterFilter.java:90)
	at org.springframework.security.web.header.HeaderWriterFilter.doFilterInternal(HeaderWriterFilter.java:75)
	at org.springframework.web.filter.OncePerRequestFilter.doFilter(OncePerRequestFilter.java:116)
	at org.springframework.security.web.FilterChainProxy$VirtualFilterChain.doFilter(FilterChainProxy.java:374)
	at org.springframework.security.web.context.SecurityContextHolderFilter.doFilter(SecurityContextHolderFilter.java:82)
	at org.springframework.security.web.context.SecurityContextHolderFilter.doFilter(SecurityContextHolderFilter.java:69)
	at org.springframework.security.web.FilterChainProxy$VirtualFilterChain.doFilter(FilterChainProxy.java:374)
	at org.springframework.security.web.context.request.async.WebAsyncManagerIntegrationFilter.doFilterInternal(WebAsyncManagerIntegrationFilter.java:62)
	at org.springframework.web.filter.OncePerRequestFilter.doFilter(OncePerRequestFilter.java:116)
	at org.springframework.security.web.FilterChainProxy$VirtualFilterChain.doFilter(FilterChainProxy.java:374)
	at org.springframework.security.web.session.DisableEncodeUrlFilter.doFilterInternal(DisableEncodeUrlFilter.java:42)
	at org.springframework.web.filter.OncePerRequestFilter.doFilter(OncePerRequestFilter.java:116)
	at org.springframework.security.web.FilterChainProxy$VirtualFilterChain.doFilter(FilterChainProxy.java:374)
	at org.springframework.security.web.FilterChainProxy.doFilterInternal(FilterChainProxy.java:233)
	at org.springframework.security.web.FilterChainProxy.doFilter(FilterChainProxy.java:191)
	at org.springframework.web.filter.DelegatingFilterProxy.invokeDelegate(DelegatingFilterProxy.java:352)
	at org.springframework.web.filter.DelegatingFilterProxy.doFilter(DelegatingFilterProxy.java:268)
	at org.apache.catalina.core.ApplicationFilterChain.internalDoFilter(ApplicationFilterChain.java:174)
	at org.apache.catalina.core.ApplicationFilterChain.doFilter(ApplicationFilterChain.java:149)
	at org.springframework.web.filter.RequestContextFilter.doFilterInternal(RequestContextFilter.java:100)
	at org.springframework.web.filter.OncePerRequestFilter.doFilter(OncePerRequestFilter.java:116)
	at org.apache.catalina.core.ApplicationFilterChain.internalDoFilter(ApplicationFilterChain.java:174)
	at org.apache.catalina.core.ApplicationFilterChain.doFilter(ApplicationFilterChain.java:149)
	at org.springframework.web.filter.FormContentFilter.doFilterInternal(FormContentFilter.java:93)
	at org.springframework.web.filter.OncePerRequestFilter.doFilter(OncePerRequestFilter.java:116)
	at org.apache.catalina.core.ApplicationFilterChain.internalDoFilter(ApplicationFilterChain.java:174)
	at org.apache.catalina.core.ApplicationFilterChain.doFilter(ApplicationFilterChain.java:149)
	at org.springframework.web.filter.CharacterEncodingFilter.doFilterInternal(CharacterEncodingFilter.java:201)
	at org.springframework.web.filter.OncePerRequestFilter.doFilter(OncePerRequestFilter.java:116)
	at org.apache.catalina.core.ApplicationFilterChain.internalDoFilter(ApplicationFilterChain.java:174)
	at org.apache.catalina.core.ApplicationFilterChain.doFilter(ApplicationFilterChain.java:149)
	at org.apache.catalina.core.StandardWrapperValve.invoke(StandardWrapperValve.java:167)
	at org.apache.catalina.core.StandardContextValve.invoke(StandardContextValve.java:90)
	at org.apache.catalina.authenticator.AuthenticatorBase.invoke(AuthenticatorBase.java:482)
	at org.apache.catalina.core.StandardHostValve.invoke(StandardHostValve.java:115)
	at org.apache.catalina.valves.ErrorReportValve.invoke(ErrorReportValve.java:93)
	at org.apache.catalina.core.StandardEngineValve.invoke(StandardEngineValve.java:74)
	at org.apache.catalina.connector.CoyoteAdapter.service(CoyoteAdapter.java:340)
	at org.apache.coyote.http11.Http11Processor.service(Http11Processor.java:391)
	at org.apache.coyote.AbstractProcessorLight.process(AbstractProcessorLight.java:63)
	at org.apache.coyote.AbstractProtocol$ConnectionHandler.process(AbstractProtocol.java:896)
	at org.apache.tomcat.util.net.NioEndpoint$SocketProcessor.doRun(NioEndpoint.java:1744)
	at org.apache.tomcat.util.net.SocketProcessorBase.run(SocketProcessorBase.java:52)
	at org.apache.tomcat.util.threads.ThreadPoolExecutor.runWorker(ThreadPoolExecutor.java:1191)
	at org.apache.tomcat.util.threads.ThreadPoolExecutor$Worker.run(ThreadPoolExecutor.java:659)
	at org.apache.tomcat.util.threads.TaskThread$WrappingRunnable.run(TaskThread.java:61)
	at java.base/java.lang.Thread.run(Thread.java:833)
Caused by: jakarta.persistence.NonUniqueResultException: query did not return a unique result: 3
	at org.hibernate.internal.ExceptionConverterImpl.convert(ExceptionConverterImpl.java:128)
	at org.hibernate.query.spi.AbstractSelectionQuery.getSingleResult(AbstractSelectionQuery.java:482)
	at java.base/jdk.internal.reflect.NativeMethodAccessorImpl.invoke0(Native Method)
	at java.base/jdk.internal.reflect.NativeMethodAccessorImpl.invoke(NativeMethodAccessorImpl.java:77)
	at java.base/jdk.internal.reflect.DelegatingMethodAccessorImpl.invoke(DelegatingMethodAccessorImpl.java:43)
	at java.base/java.lang.reflect.Method.invoke(Method.java:568)
	at org.springframework.orm.jpa.SharedEntityManagerCreator$DeferredQueryInvocationHandler.invoke(SharedEntityManagerCreator.java:405)
	at jdk.proxy2/jdk.proxy2.$Proxy145.getSingleResult(Unknown Source)
	at org.springframework.data.jpa.repository.query.JpaQueryExecution$SingleEntityExecution.doExecute(JpaQueryExecution.java:223)
	at org.springframework.data.jpa.repository.query.JpaQueryExecution.execute(JpaQueryExecution.java:92)
	at org.springframework.data.jpa.repository.query.AbstractJpaQuery.doExecute(AbstractJpaQuery.java:149)
	at org.springframework.data.jpa.repository.query.AbstractJpaQuery.execute(AbstractJpaQuery.java:137)
	at org.springframework.data.repository.core.support.RepositoryMethodInvoker.doInvoke(RepositoryMethodInvoker.java:136)
	at org.springframework.data.repository.core.support.RepositoryMethodInvoker.invoke(RepositoryMethodInvoker.java:120)
	at org.springframework.data.repository.core.support.QueryExecutorMethodInterceptor.doInvoke(QueryExecutorMethodInterceptor.java:164)
	at org.springframework.data.repository.core.support.QueryExecutorMethodInterceptor.invoke(QueryExecutorMethodInterceptor.java:143)
	at org.springframework.aop.framework.ReflectiveMethodInvocation.proceed(ReflectiveMethodInvocation.java:184)
	at org.springframework.data.projection.DefaultMethodInvokingMethodInterceptor.invoke(DefaultMethodInvokingMethodInterceptor.java:72)
	at org.springframework.aop.framework.ReflectiveMethodInvocation.proceed(ReflectiveMethodInvocation.java:184)
	at org.springframework.transaction.interceptor.TransactionInterceptor$1.proceedWithInvocation(TransactionInterceptor.java:123)
	at org.springframework.transaction.interceptor.TransactionAspectSupport.invokeWithinTransaction(TransactionAspectSupport.java:391)
	at org.springframework.transaction.interceptor.TransactionInterceptor.invoke(TransactionInterceptor.java:119)
	at org.springframework.aop.framework.ReflectiveMethodInvocation.proceed(ReflectiveMethodInvocation.java:184)
	at org.springframework.dao.support.PersistenceExceptionTranslationInterceptor.invoke(PersistenceExceptionTranslationInterceptor.java:137)
	... 61 common frames omitted
2024-02-20 16:55:39.990 ERROR - LAP-NFS1192 - Servlet.service() for servlet [dispatcherServlet] in context with path [] threw exception
org.springframework.dao.IncorrectResultSizeDataAccessException: query did not return a unique result: 3
	at org.springframework.orm.jpa.EntityManagerFactoryUtils.convertJpaAccessExceptionIfPossible(EntityManagerFactoryUtils.java:382)
	at org.springframework.orm.jpa.vendor.HibernateJpaDialect.translateExceptionIfPossible(HibernateJpaDialect.java:234)
	at org.springframework.orm.jpa.AbstractEntityManagerFactoryBean.translateExceptionIfPossible(AbstractEntityManagerFactoryBean.java:550)
	at org.springframework.dao.support.ChainedPersistenceExceptionTranslator.translateExceptionIfPossible(ChainedPersistenceExceptionTranslator.java:61)
	at org.springframework.dao.support.DataAccessUtils.translateIfNecessary(DataAccessUtils.java:243)
	at org.springframework.dao.support.PersistenceExceptionTranslationInterceptor.invoke(PersistenceExceptionTranslationInterceptor.java:152)
	at org.springframework.aop.framework.ReflectiveMethodInvocation.proceed(ReflectiveMethodInvocation.java:184)
	at org.springframework.data.jpa.repository.support.CrudMethodMetadataPostProcessor$CrudMethodMetadataPopulatingMethodInterceptor.invoke(CrudMethodMetadataPostProcessor.java:135)
	at org.springframework.aop.framework.ReflectiveMethodInvocation.proceed(ReflectiveMethodInvocation.java:184)
	at org.springframework.aop.interceptor.ExposeInvocationInterceptor.invoke(ExposeInvocationInterceptor.java:97)
	at org.springframework.aop.framework.ReflectiveMethodInvocation.proceed(ReflectiveMethodInvocation.java:184)
	at org.springframework.aop.framework.JdkDynamicAopProxy.invoke(JdkDynamicAopProxy.java:244)
	at jdk.proxy2/jdk.proxy2.$Proxy130.findByUsername(Unknown Source)
	at com.khata.onsite.security.service.UserDetailServiceImp.loadUserByUsername(UserDetailServiceImp.java:20)
	at com.khata.onsite.security.filter.JwtAuthenticationFilter.doFilterInternal(JwtAuthenticationFilter.java:50)
	at org.springframework.web.filter.OncePerRequestFilter.doFilter(OncePerRequestFilter.java:116)
	at org.springframework.security.web.FilterChainProxy$VirtualFilterChain.doFilter(FilterChainProxy.java:374)
	at org.springframework.security.web.authentication.logout.LogoutFilter.doFilter(LogoutFilter.java:107)
	at org.springframework.security.web.authentication.logout.LogoutFilter.doFilter(LogoutFilter.java:93)
	at org.springframework.security.web.FilterChainProxy$VirtualFilterChain.doFilter(FilterChainProxy.java:374)
	at org.springframework.security.web.header.HeaderWriterFilter.doHeadersAfter(HeaderWriterFilter.java:90)
	at org.springframework.security.web.header.HeaderWriterFilter.doFilterInternal(HeaderWriterFilter.java:75)
	at org.springframework.web.filter.OncePerRequestFilter.doFilter(OncePerRequestFilter.java:116)
	at org.springframework.security.web.FilterChainProxy$VirtualFilterChain.doFilter(FilterChainProxy.java:374)
	at org.springframework.security.web.context.SecurityContextHolderFilter.doFilter(SecurityContextHolderFilter.java:82)
	at org.springframework.security.web.context.SecurityContextHolderFilter.doFilter(SecurityContextHolderFilter.java:69)
	at org.springframework.security.web.FilterChainProxy$VirtualFilterChain.doFilter(FilterChainProxy.java:374)
	at org.springframework.security.web.context.request.async.WebAsyncManagerIntegrationFilter.doFilterInternal(WebAsyncManagerIntegrationFilter.java:62)
	at org.springframework.web.filter.OncePerRequestFilter.doFilter(OncePerRequestFilter.java:116)
	at org.springframework.security.web.FilterChainProxy$VirtualFilterChain.doFilter(FilterChainProxy.java:374)
	at org.springframework.security.web.session.DisableEncodeUrlFilter.doFilterInternal(DisableEncodeUrlFilter.java:42)
	at org.springframework.web.filter.OncePerRequestFilter.doFilter(OncePerRequestFilter.java:116)
	at org.springframework.security.web.FilterChainProxy$VirtualFilterChain.doFilter(FilterChainProxy.java:374)
	at org.springframework.security.web.FilterChainProxy.doFilterInternal(FilterChainProxy.java:233)
	at org.springframework.security.web.FilterChainProxy.doFilter(FilterChainProxy.java:191)
	at org.springframework.web.filter.DelegatingFilterProxy.invokeDelegate(DelegatingFilterProxy.java:352)
	at org.springframework.web.filter.DelegatingFilterProxy.doFilter(DelegatingFilterProxy.java:268)
	at org.apache.catalina.core.ApplicationFilterChain.internalDoFilter(ApplicationFilterChain.java:174)
	at org.apache.catalina.core.ApplicationFilterChain.doFilter(ApplicationFilterChain.java:149)
	at org.springframework.web.filter.RequestContextFilter.doFilterInternal(RequestContextFilter.java:100)
	at org.springframework.web.filter.OncePerRequestFilter.doFilter(OncePerRequestFilter.java:116)
	at org.apache.catalina.core.ApplicationFilterChain.internalDoFilter(ApplicationFilterChain.java:174)
	at org.apache.catalina.core.ApplicationFilterChain.doFilter(ApplicationFilterChain.java:149)
	at org.springframework.web.filter.FormContentFilter.doFilterInternal(FormContentFilter.java:93)
	at org.springframework.web.filter.OncePerRequestFilter.doFilter(OncePerRequestFilter.java:116)
	at org.apache.catalina.core.ApplicationFilterChain.internalDoFilter(ApplicationFilterChain.java:174)
	at org.apache.catalina.core.ApplicationFilterChain.doFilter(ApplicationFilterChain.java:149)
	at org.springframework.web.filter.CharacterEncodingFilter.doFilterInternal(CharacterEncodingFilter.java:201)
	at org.springframework.web.filter.OncePerRequestFilter.doFilter(OncePerRequestFilter.java:116)
	at org.apache.catalina.core.ApplicationFilterChain.internalDoFilter(ApplicationFilterChain.java:174)
	at org.apache.catalina.core.ApplicationFilterChain.doFilter(ApplicationFilterChain.java:149)
	at org.apache.catalina.core.StandardWrapperValve.invoke(StandardWrapperValve.java:167)
	at org.apache.catalina.core.StandardContextValve.invoke(StandardContextValve.java:90)
	at org.apache.catalina.authenticator.AuthenticatorBase.invoke(AuthenticatorBase.java:482)
	at org.apache.catalina.core.StandardHostValve.invoke(StandardHostValve.java:115)
	at org.apache.catalina.valves.ErrorReportValve.invoke(ErrorReportValve.java:93)
	at org.apache.catalina.core.StandardEngineValve.invoke(StandardEngineValve.java:74)
	at org.apache.catalina.connector.CoyoteAdapter.service(CoyoteAdapter.java:340)
	at org.apache.coyote.http11.Http11Processor.service(Http11Processor.java:391)
	at org.apache.coyote.AbstractProcessorLight.process(AbstractProcessorLight.java:63)
	at org.apache.coyote.AbstractProtocol$ConnectionHandler.process(AbstractProtocol.java:896)
	at org.apache.tomcat.util.net.NioEndpoint$SocketProcessor.doRun(NioEndpoint.java:1744)
	at org.apache.tomcat.util.net.SocketProcessorBase.run(SocketProcessorBase.java:52)
	at org.apache.tomcat.util.threads.ThreadPoolExecutor.runWorker(ThreadPoolExecutor.java:1191)
	at org.apache.tomcat.util.threads.ThreadPoolExecutor$Worker.run(ThreadPoolExecutor.java:659)
	at org.apache.tomcat.util.threads.TaskThread$WrappingRunnable.run(TaskThread.java:61)
	at java.base/java.lang.Thread.run(Thread.java:833)
Caused by: jakarta.persistence.NonUniqueResultException: query did not return a unique result: 3
	at org.hibernate.internal.ExceptionConverterImpl.convert(ExceptionConverterImpl.java:128)
	at org.hibernate.query.spi.AbstractSelectionQuery.getSingleResult(AbstractSelectionQuery.java:482)
	at java.base/jdk.internal.reflect.NativeMethodAccessorImpl.invoke0(Native Method)
	at java.base/jdk.internal.reflect.NativeMethodAccessorImpl.invoke(NativeMethodAccessorImpl.java:77)
	at java.base/jdk.internal.reflect.DelegatingMethodAccessorImpl.invoke(DelegatingMethodAccessorImpl.java:43)
	at java.base/java.lang.reflect.Method.invoke(Method.java:568)
	at org.springframework.orm.jpa.SharedEntityManagerCreator$DeferredQueryInvocationHandler.invoke(SharedEntityManagerCreator.java:405)
	at jdk.proxy2/jdk.proxy2.$Proxy145.getSingleResult(Unknown Source)
	at org.springframework.data.jpa.repository.query.JpaQueryExecution$SingleEntityExecution.doExecute(JpaQueryExecution.java:223)
	at org.springframework.data.jpa.repository.query.JpaQueryExecution.execute(JpaQueryExecution.java:92)
	at org.springframework.data.jpa.repository.query.AbstractJpaQuery.doExecute(AbstractJpaQuery.java:149)
	at org.springframework.data.jpa.repository.query.AbstractJpaQuery.execute(AbstractJpaQuery.java:137)
	at org.springframework.data.repository.core.support.RepositoryMethodInvoker.doInvoke(RepositoryMethodInvoker.java:136)
	at org.springframework.data.repository.core.support.RepositoryMethodInvoker.invoke(RepositoryMethodInvoker.java:120)
	at org.springframework.data.repository.core.support.QueryExecutorMethodInterceptor.doInvoke(QueryExecutorMethodInterceptor.java:164)
	at org.springframework.data.repository.core.support.QueryExecutorMethodInterceptor.invoke(QueryExecutorMethodInterceptor.java:143)
	at org.springframework.aop.framework.ReflectiveMethodInvocation.proceed(ReflectiveMethodInvocation.java:184)
	at org.springframework.data.projection.DefaultMethodInvokingMethodInterceptor.invoke(DefaultMethodInvokingMethodInterceptor.java:72)
	at org.springframework.aop.framework.ReflectiveMethodInvocation.proceed(ReflectiveMethodInvocation.java:184)
	at org.springframework.transaction.interceptor.TransactionInterceptor$1.proceedWithInvocation(TransactionInterceptor.java:123)
	at org.springframework.transaction.interceptor.TransactionAspectSupport.invokeWithinTransaction(TransactionAspectSupport.java:391)
	at org.springframework.transaction.interceptor.TransactionInterceptor.invoke(TransactionInterceptor.java:119)
	at org.springframework.aop.framework.ReflectiveMethodInvocation.proceed(ReflectiveMethodInvocation.java:184)
	at org.springframework.dao.support.PersistenceExceptionTranslationInterceptor.invoke(PersistenceExceptionTranslationInterceptor.java:137)
	... 61 common frames omitted
2024-02-20 16:55:46.627 ERROR - LAP-NFS1192 - Servlet.service() for servlet [dispatcherServlet] in context with path [] threw exception
org.springframework.dao.IncorrectResultSizeDataAccessException: query did not return a unique result: 3
	at org.springframework.orm.jpa.EntityManagerFactoryUtils.convertJpaAccessExceptionIfPossible(EntityManagerFactoryUtils.java:382)
	at org.springframework.orm.jpa.vendor.HibernateJpaDialect.translateExceptionIfPossible(HibernateJpaDialect.java:234)
	at org.springframework.orm.jpa.AbstractEntityManagerFactoryBean.translateExceptionIfPossible(AbstractEntityManagerFactoryBean.java:550)
	at org.springframework.dao.support.ChainedPersistenceExceptionTranslator.translateExceptionIfPossible(ChainedPersistenceExceptionTranslator.java:61)
	at org.springframework.dao.support.DataAccessUtils.translateIfNecessary(DataAccessUtils.java:243)
	at org.springframework.dao.support.PersistenceExceptionTranslationInterceptor.invoke(PersistenceExceptionTranslationInterceptor.java:152)
	at org.springframework.aop.framework.ReflectiveMethodInvocation.proceed(ReflectiveMethodInvocation.java:184)
	at org.springframework.data.jpa.repository.support.CrudMethodMetadataPostProcessor$CrudMethodMetadataPopulatingMethodInterceptor.invoke(CrudMethodMetadataPostProcessor.java:135)
	at org.springframework.aop.framework.ReflectiveMethodInvocation.proceed(ReflectiveMethodInvocation.java:184)
	at org.springframework.aop.interceptor.ExposeInvocationInterceptor.invoke(ExposeInvocationInterceptor.java:97)
	at org.springframework.aop.framework.ReflectiveMethodInvocation.proceed(ReflectiveMethodInvocation.java:184)
	at org.springframework.aop.framework.JdkDynamicAopProxy.invoke(JdkDynamicAopProxy.java:244)
	at jdk.proxy2/jdk.proxy2.$Proxy130.findByUsername(Unknown Source)
	at com.khata.onsite.security.service.UserDetailServiceImp.loadUserByUsername(UserDetailServiceImp.java:20)
	at com.khata.onsite.security.filter.JwtAuthenticationFilter.doFilterInternal(JwtAuthenticationFilter.java:50)
	at org.springframework.web.filter.OncePerRequestFilter.doFilter(OncePerRequestFilter.java:116)
	at org.springframework.security.web.FilterChainProxy$VirtualFilterChain.doFilter(FilterChainProxy.java:374)
	at org.springframework.security.web.authentication.logout.LogoutFilter.doFilter(LogoutFilter.java:107)
	at org.springframework.security.web.authentication.logout.LogoutFilter.doFilter(LogoutFilter.java:93)
	at org.springframework.security.web.FilterChainProxy$VirtualFilterChain.doFilter(FilterChainProxy.java:374)
	at org.springframework.security.web.header.HeaderWriterFilter.doHeadersAfter(HeaderWriterFilter.java:90)
	at org.springframework.security.web.header.HeaderWriterFilter.doFilterInternal(HeaderWriterFilter.java:75)
	at org.springframework.web.filter.OncePerRequestFilter.doFilter(OncePerRequestFilter.java:116)
	at org.springframework.security.web.FilterChainProxy$VirtualFilterChain.doFilter(FilterChainProxy.java:374)
	at org.springframework.security.web.context.SecurityContextHolderFilter.doFilter(SecurityContextHolderFilter.java:82)
	at org.springframework.security.web.context.SecurityContextHolderFilter.doFilter(SecurityContextHolderFilter.java:69)
	at org.springframework.security.web.FilterChainProxy$VirtualFilterChain.doFilter(FilterChainProxy.java:374)
	at org.springframework.security.web.context.request.async.WebAsyncManagerIntegrationFilter.doFilterInternal(WebAsyncManagerIntegrationFilter.java:62)
	at org.springframework.web.filter.OncePerRequestFilter.doFilter(OncePerRequestFilter.java:116)
	at org.springframework.security.web.FilterChainProxy$VirtualFilterChain.doFilter(FilterChainProxy.java:374)
	at org.springframework.security.web.session.DisableEncodeUrlFilter.doFilterInternal(DisableEncodeUrlFilter.java:42)
	at org.springframework.web.filter.OncePerRequestFilter.doFilter(OncePerRequestFilter.java:116)
	at org.springframework.security.web.FilterChainProxy$VirtualFilterChain.doFilter(FilterChainProxy.java:374)
	at org.springframework.security.web.FilterChainProxy.doFilterInternal(FilterChainProxy.java:233)
	at org.springframework.security.web.FilterChainProxy.doFilter(FilterChainProxy.java:191)
	at org.springframework.web.filter.DelegatingFilterProxy.invokeDelegate(DelegatingFilterProxy.java:352)
	at org.springframework.web.filter.DelegatingFilterProxy.doFilter(DelegatingFilterProxy.java:268)
	at org.apache.catalina.core.ApplicationFilterChain.internalDoFilter(ApplicationFilterChain.java:174)
	at org.apache.catalina.core.ApplicationFilterChain.doFilter(ApplicationFilterChain.java:149)
	at org.springframework.web.filter.RequestContextFilter.doFilterInternal(RequestContextFilter.java:100)
	at org.springframework.web.filter.OncePerRequestFilter.doFilter(OncePerRequestFilter.java:116)
	at org.apache.catalina.core.ApplicationFilterChain.internalDoFilter(ApplicationFilterChain.java:174)
	at org.apache.catalina.core.ApplicationFilterChain.doFilter(ApplicationFilterChain.java:149)
	at org.springframework.web.filter.FormContentFilter.doFilterInternal(FormContentFilter.java:93)
	at org.springframework.web.filter.OncePerRequestFilter.doFilter(OncePerRequestFilter.java:116)
	at org.apache.catalina.core.ApplicationFilterChain.internalDoFilter(ApplicationFilterChain.java:174)
	at org.apache.catalina.core.ApplicationFilterChain.doFilter(ApplicationFilterChain.java:149)
	at org.springframework.web.filter.CharacterEncodingFilter.doFilterInternal(CharacterEncodingFilter.java:201)
	at org.springframework.web.filter.OncePerRequestFilter.doFilter(OncePerRequestFilter.java:116)
	at org.apache.catalina.core.ApplicationFilterChain.internalDoFilter(ApplicationFilterChain.java:174)
	at org.apache.catalina.core.ApplicationFilterChain.doFilter(ApplicationFilterChain.java:149)
	at org.apache.catalina.core.StandardWrapperValve.invoke(StandardWrapperValve.java:167)
	at org.apache.catalina.core.StandardContextValve.invoke(StandardContextValve.java:90)
	at org.apache.catalina.authenticator.AuthenticatorBase.invoke(AuthenticatorBase.java:482)
	at org.apache.catalina.core.StandardHostValve.invoke(StandardHostValve.java:115)
	at org.apache.catalina.valves.ErrorReportValve.invoke(ErrorReportValve.java:93)
	at org.apache.catalina.core.StandardEngineValve.invoke(StandardEngineValve.java:74)
	at org.apache.catalina.connector.CoyoteAdapter.service(CoyoteAdapter.java:340)
	at org.apache.coyote.http11.Http11Processor.service(Http11Processor.java:391)
	at org.apache.coyote.AbstractProcessorLight.process(AbstractProcessorLight.java:63)
	at org.apache.coyote.AbstractProtocol$ConnectionHandler.process(AbstractProtocol.java:896)
	at org.apache.tomcat.util.net.NioEndpoint$SocketProcessor.doRun(NioEndpoint.java:1744)
	at org.apache.tomcat.util.net.SocketProcessorBase.run(SocketProcessorBase.java:52)
	at org.apache.tomcat.util.threads.ThreadPoolExecutor.runWorker(ThreadPoolExecutor.java:1191)
	at org.apache.tomcat.util.threads.ThreadPoolExecutor$Worker.run(ThreadPoolExecutor.java:659)
	at org.apache.tomcat.util.threads.TaskThread$WrappingRunnable.run(TaskThread.java:61)
	at java.base/java.lang.Thread.run(Thread.java:833)
Caused by: jakarta.persistence.NonUniqueResultException: query did not return a unique result: 3
	at org.hibernate.internal.ExceptionConverterImpl.convert(ExceptionConverterImpl.java:128)
	at org.hibernate.query.spi.AbstractSelectionQuery.getSingleResult(AbstractSelectionQuery.java:482)
	at java.base/jdk.internal.reflect.NativeMethodAccessorImpl.invoke0(Native Method)
	at java.base/jdk.internal.reflect.NativeMethodAccessorImpl.invoke(NativeMethodAccessorImpl.java:77)
	at java.base/jdk.internal.reflect.DelegatingMethodAccessorImpl.invoke(DelegatingMethodAccessorImpl.java:43)
	at java.base/java.lang.reflect.Method.invoke(Method.java:568)
	at org.springframework.orm.jpa.SharedEntityManagerCreator$DeferredQueryInvocationHandler.invoke(SharedEntityManagerCreator.java:405)
	at jdk.proxy2/jdk.proxy2.$Proxy145.getSingleResult(Unknown Source)
	at org.springframework.data.jpa.repository.query.JpaQueryExecution$SingleEntityExecution.doExecute(JpaQueryExecution.java:223)
	at org.springframework.data.jpa.repository.query.JpaQueryExecution.execute(JpaQueryExecution.java:92)
	at org.springframework.data.jpa.repository.query.AbstractJpaQuery.doExecute(AbstractJpaQuery.java:149)
	at org.springframework.data.jpa.repository.query.AbstractJpaQuery.execute(AbstractJpaQuery.java:137)
	at org.springframework.data.repository.core.support.RepositoryMethodInvoker.doInvoke(RepositoryMethodInvoker.java:136)
	at org.springframework.data.repository.core.support.RepositoryMethodInvoker.invoke(RepositoryMethodInvoker.java:120)
	at org.springframework.data.repository.core.support.QueryExecutorMethodInterceptor.doInvoke(QueryExecutorMethodInterceptor.java:164)
	at org.springframework.data.repository.core.support.QueryExecutorMethodInterceptor.invoke(QueryExecutorMethodInterceptor.java:143)
	at org.springframework.aop.framework.ReflectiveMethodInvocation.proceed(ReflectiveMethodInvocation.java:184)
	at org.springframework.data.projection.DefaultMethodInvokingMethodInterceptor.invoke(DefaultMethodInvokingMethodInterceptor.java:72)
	at org.springframework.aop.framework.ReflectiveMethodInvocation.proceed(ReflectiveMethodInvocation.java:184)
	at org.springframework.transaction.interceptor.TransactionInterceptor$1.proceedWithInvocation(TransactionInterceptor.java:123)
	at org.springframework.transaction.interceptor.TransactionAspectSupport.invokeWithinTransaction(TransactionAspectSupport.java:391)
	at org.springframework.transaction.interceptor.TransactionInterceptor.invoke(TransactionInterceptor.java:119)
	at org.springframework.aop.framework.ReflectiveMethodInvocation.proceed(ReflectiveMethodInvocation.java:184)
	at org.springframework.dao.support.PersistenceExceptionTranslationInterceptor.invoke(PersistenceExceptionTranslationInterceptor.java:137)
	... 61 common frames omitted
2024-02-20 16:56:15.478 ERROR - LAP-NFS1192 - Data truncation: Data too long for column 'description' at row 1
2024-02-20 16:56:15.494 INFO  - LAP-NFS1192 - REST Request - [HTTP METHOD:POST] [PATH INFO:/api/rules/addOrUpdateRule] [REQUEST PARAMETERS:{}] [REQUEST BODY:{"ruleName": "dfsa","ruleAmount": "2000","ruleProposedBy": 1,"ruleDesc": "It is mutually agreed by all onsite team members that everyone must leave the WhatsApp unofficial group within 24 hours of landing to Lahore Airport. Non-compliance will be penalized by IDR 300k It is mutually agreed by all onsite team members that everyone must leave the WhatsApp unofficial group within 24 hours of landing to Lahore Airport. Non-compliance will be penalized by IDR 300k","status": true,"ruleIdPk": ""}] [REMOTE ADDRESS:0:0:0:0:0:0:0:1] [RESPONSE:{"status":"500","message":"An Error Occured white Operating Rules","error":"could not execute statement [Data truncation: Data too long for column 'description' at row 1] [insert into rules (created_at,rule_amount,description,rule_name,proposed_by,status,updated_at) values (?,?,?,?,?,?,?)]; SQL [insert into rules (created_at,rule_amount,description,rule_name,proposed_by,status,updated_at) values (?,?,?,?,?,?,?)]","jsonData":null,"data":null}]
2024-02-20 16:56:20.633 WARN  - LAP-NFS1192 - Resolved [org.springframework.web.bind.MethodArgumentNotValidException: Validation failed for argument [0] in public org.springframework.http.ResponseEntity<com.khata.onsite.common.GeneralResponse<?>> com.khata.onsite.controllers.RulesController.addOrUpdateRule(com.khata.onsite.in.dto.RuleRequestDTO) with 2 errors: [Field error in object 'ruleRequestDTO' on field 'ruleName': rejected value []; codes [Size.ruleRequestDTO.ruleName,Size.ruleName,Size.java.lang.String,Size]; arguments [org.springframework.context.support.DefaultMessageSourceResolvable: codes [ruleRequestDTO.ruleName,ruleName]; arguments []; default message [ruleName],30,3]; default message [Invalid Name: Must be of 3 - 30 characters]] [Field error in object 'ruleRequestDTO' on field 'ruleName': rejected value []; codes [NotBlank.ruleRequestDTO.ruleName,NotBlank.ruleName,NotBlank.java.lang.String,NotBlank]; arguments [org.springframework.context.support.DefaultMessageSourceResolvable: codes [ruleRequestDTO.ruleName,ruleName]; arguments []; default message [ruleName]]; default message [Invalid Name: Empty name]] ]
2024-02-20 16:56:20.634 ERROR - LAP-NFS1192 - Cannot invoke "java.io.ByteArrayOutputStream.toString()" because "this.bos" is null
2024-02-20 16:56:25.786 ERROR - LAP-NFS1192 - Data truncation: Data too long for column 'description' at row 1
2024-02-20 16:56:25.790 INFO  - LAP-NFS1192 - REST Request - [HTTP METHOD:POST] [PATH INFO:/api/rules/addOrUpdateRule] [REQUEST PARAMETERS:{}] [REQUEST BODY:{"ruleName": "dfsa","ruleAmount": "2000","ruleProposedBy": 1,"ruleDesc": "It is mutually agreed by all onsite team members that everyone must leave the WhatsApp unofficial group within 24 hours of landing to Lahore Airport. Non-compliance will be penalized by IDR 300k It is mutually agreed by all onsite team members that everyone must leave the WhatsApp unofficial group within 24 hours of landing to Lahore Airport. Non-compliance will be penalized by IDR 300k","status": true,"ruleIdPk": ""}] [REMOTE ADDRESS:0:0:0:0:0:0:0:1] [RESPONSE:{"status":"500","message":"An Error Occured white Operating Rules","error":"could not execute statement [Data truncation: Data too long for column 'description' at row 1] [insert into rules (created_at,rule_amount,description,rule_name,proposed_by,status,updated_at) values (?,?,?,?,?,?,?)]; SQL [insert into rules (created_at,rule_amount,description,rule_name,proposed_by,status,updated_at) values (?,?,?,?,?,?,?)]","jsonData":null,"data":null}]
2024-02-20 17:00:03.767 INFO  - LAP-NFS1192 - Starting KhataApplication using Java 17.0.8.1 with PID 22680 (D:\JKD17WorkSpace\Personal\khata\target\classes started by Administrator in D:\JKD17WorkSpace\Personal\khata)
2024-02-20 17:00:03.770 INFO  - LAP-NFS1192 - No active profile set, falling back to 1 default profile: "default"
2024-02-20 17:00:04.912 INFO  - LAP-NFS1192 - Bootstrapping Spring Data JPA repositories in DEFAULT mode.
2024-02-20 17:00:05.015 INFO  - LAP-NFS1192 - Finished Spring Data repository scanning in 88 ms. Found 2 JPA repository interfaces.
2024-02-20 17:00:05.862 INFO  - LAP-NFS1192 - Tomcat initialized with port(s): 9010 (http)
2024-02-20 17:00:05.875 INFO  - LAP-NFS1192 - Initializing ProtocolHandler ["http-nio-9010"]
2024-02-20 17:00:05.879 INFO  - LAP-NFS1192 - Starting service [Tomcat]
2024-02-20 17:00:05.879 INFO  - LAP-NFS1192 - Starting Servlet engine: [Apache Tomcat/10.1.15]
2024-02-20 17:00:06.042 INFO  - LAP-NFS1192 - Initializing Spring embedded WebApplicationContext
2024-02-20 17:00:06.044 INFO  - LAP-NFS1192 - Root WebApplicationContext: initialization completed in 2198 ms
2024-02-20 17:00:06.688 INFO  - LAP-NFS1192 - No LoadTimeWeaver setup: ignoring JPA class transformer
2024-02-20 17:00:06.729 INFO  - LAP-NFS1192 - HikariPool-1 - Starting...
2024-02-20 17:00:06.974 INFO  - LAP-NFS1192 - HikariPool-1 - Added connection com.mysql.cj.jdbc.ConnectionImpl@399f5daf
2024-02-20 17:00:06.977 INFO  - LAP-NFS1192 - HikariPool-1 - Start completed.
2024-02-20 17:00:08.463 INFO  - LAP-NFS1192 - Initialized JPA EntityManagerFactory for persistence unit 'default'
2024-02-20 17:00:09.123 WARN  - LAP-NFS1192 - spring.jpa.open-in-view is enabled by default. Therefore, database queries may be performed during view rendering. Explicitly configure spring.jpa.open-in-view to disable this warning
2024-02-20 17:00:09.685 INFO  - LAP-NFS1192 - Will secure any request with [org.springframework.security.web.session.DisableEncodeUrlFilter@b21cbbf, org.springframework.security.web.context.request.async.WebAsyncManagerIntegrationFilter@578ac0be, org.springframework.security.web.context.SecurityContextHolderFilter@7a285418, org.springframework.security.web.header.HeaderWriterFilter@3a1540be, org.springframework.security.web.authentication.logout.LogoutFilter@65528bcf, com.khata.onsite.security.filter.JwtAuthenticationFilter@59263f7b, org.springframework.security.web.savedrequest.RequestCacheAwareFilter@74471600, org.springframework.security.web.servletapi.SecurityContextHolderAwareRequestFilter@80081d7, org.springframework.security.web.authentication.AnonymousAuthenticationFilter@4250b0c1, org.springframework.security.web.session.SessionManagementFilter@1f138b74, org.springframework.security.web.access.ExceptionTranslationFilter@4924ad09, org.springframework.security.web.access.intercept.AuthorizationFilter@19bad88]
2024-02-20 17:00:10.017 INFO  - LAP-NFS1192 - Starting ProtocolHandler ["http-nio-9010"]
2024-02-20 17:00:10.038 INFO  - LAP-NFS1192 - Tomcat started on port(s): 9010 (http) with context path ''
2024-02-20 17:00:10.047 INFO  - LAP-NFS1192 - Started KhataApplication in 7.132 seconds (process running for 8.08)
2024-02-20 17:00:14.467 INFO  - LAP-NFS1192 - Initializing Spring DispatcherServlet 'dispatcherServlet'
2024-02-20 17:00:15.144 ERROR - LAP-NFS1192 - Data truncation: Data too long for column 'description' at row 1
2024-02-20 17:00:15.192 INFO  - LAP-NFS1192 - REST Request - [HTTP METHOD:POST] [PATH INFO:/api/rules/addOrUpdateRule] [REQUEST PARAMETERS:{}] [REQUEST BODY:{"ruleName": "dfsa","ruleAmount": "2000","ruleProposedBy": 1,"ruleDesc": "It is mutually agreed by all onsite team members that everyone must leave the WhatsApp unofficial group within 24 hours of landing to Lahore Airport. Non-compliance will be penalized by IDR 300k It is mutually agreed by all onsite team members that everyone must leave the WhatsApp unofficial group within 24 hours of landing to Lahore Airport. Non-compliance will be penalized by IDR 300k","status": true,"ruleIdPk": ""}] [REMOTE ADDRESS:0:0:0:0:0:0:0:1] [RESPONSE:�{"status":"500","message":"An Error Occured white Operating Rules","error":"could not execute statement [Data truncation: Data too long for column 'description' at row 1] [insert into rules (created_at,rule_amount,description,rule_name,proposed_by,status,updated_at) values (?,?,?,?,?,?,?)]; SQL [insert into rules (created_at,rule_amount,description,rule_name,proposed_by,status,updated_at) values (?,?,?,?,?,?,?)]","jsonData":null,"data":null}]
2024-02-20 17:00:20.378 WARN  - LAP-NFS1192 - Resolved [org.springframework.web.bind.MethodArgumentNotValidException: Validation failed for argument [0] in public org.springframework.http.ResponseEntity<com.khata.onsite.common.GeneralResponse<?>> com.khata.onsite.controllers.RulesController.addOrUpdateRule(com.khata.onsite.in.dto.RuleRequestDTO) with 2 errors: [Field error in object 'ruleRequestDTO' on field 'ruleName': rejected value []; codes [Size.ruleRequestDTO.ruleName,Size.ruleName,Size.java.lang.String,Size]; arguments [org.springframework.context.support.DefaultMessageSourceResolvable: codes [ruleRequestDTO.ruleName,ruleName]; arguments []; default message [ruleName],30,3]; default message [Invalid Name: Must be of 3 - 30 characters]] [Field error in object 'ruleRequestDTO' on field 'ruleName': rejected value []; codes [NotBlank.ruleRequestDTO.ruleName,NotBlank.ruleName,NotBlank.java.lang.String,NotBlank]; arguments [org.springframework.context.support.DefaultMessageSourceResolvable: codes [ruleRequestDTO.ruleName,ruleName]; arguments []; default message [ruleName]]; default message [Invalid Name: Empty name]] ]
2024-02-20 17:00:20.379 ERROR - LAP-NFS1192 - Cannot invoke "java.io.ByteArrayOutputStream.toString()" because "this.bos" is null
2024-02-20 17:00:57.307 WARN  - LAP-NFS1192 - Resolved [org.springframework.web.bind.MethodArgumentNotValidException: Validation failed for argument [0] in public org.springframework.http.ResponseEntity<com.khata.onsite.common.GeneralResponse<?>> com.khata.onsite.controllers.RulesController.addOrUpdateRule(com.khata.onsite.in.dto.RuleRequestDTO) with 2 errors: [Field error in object 'ruleRequestDTO' on field 'ruleName': rejected value []; codes [NotBlank.ruleRequestDTO.ruleName,NotBlank.ruleName,NotBlank.java.lang.String,NotBlank]; arguments [org.springframework.context.support.DefaultMessageSourceResolvable: codes [ruleRequestDTO.ruleName,ruleName]; arguments []; default message [ruleName]]; default message [Invalid Name: Empty name]] [Field error in object 'ruleRequestDTO' on field 'ruleName': rejected value []; codes [Size.ruleRequestDTO.ruleName,Size.ruleName,Size.java.lang.String,Size]; arguments [org.springframework.context.support.DefaultMessageSourceResolvable: codes [ruleRequestDTO.ruleName,ruleName]; arguments []; default message [ruleName],30,3]; default message [Invalid Name: Must be of 3 - 30 characters]] ]
2024-02-20 17:01:09.758 ERROR - LAP-NFS1192 - Cannot invoke "java.io.ByteArrayOutputStream.toString()" because "this.bos" is null
2024-02-20 17:02:36.664 INFO  - LAP-NFS1192 - Starting KhataApplication using Java 17.0.8.1 with PID 54556 (D:\JKD17WorkSpace\Personal\khata\target\classes started by Administrator in D:\JKD17WorkSpace\Personal\khata)
2024-02-20 17:02:36.668 INFO  - LAP-NFS1192 - No active profile set, falling back to 1 default profile: "default"
2024-02-20 17:02:37.731 INFO  - LAP-NFS1192 - Bootstrapping Spring Data JPA repositories in DEFAULT mode.
2024-02-20 17:02:37.819 INFO  - LAP-NFS1192 - Finished Spring Data repository scanning in 78 ms. Found 2 JPA repository interfaces.
2024-02-20 17:02:38.666 INFO  - LAP-NFS1192 - Tomcat initialized with port(s): 9010 (http)
2024-02-20 17:02:38.678 INFO  - LAP-NFS1192 - Initializing ProtocolHandler ["http-nio-9010"]
2024-02-20 17:02:38.680 INFO  - LAP-NFS1192 - Starting service [Tomcat]
2024-02-20 17:02:38.681 INFO  - LAP-NFS1192 - Starting Servlet engine: [Apache Tomcat/10.1.15]
2024-02-20 17:02:38.851 INFO  - LAP-NFS1192 - Initializing Spring embedded WebApplicationContext
2024-02-20 17:02:38.874 INFO  - LAP-NFS1192 - Root WebApplicationContext: initialization completed in 2114 ms
2024-02-20 17:02:39.525 INFO  - LAP-NFS1192 - No LoadTimeWeaver setup: ignoring JPA class transformer
2024-02-20 17:02:39.562 INFO  - LAP-NFS1192 - HikariPool-1 - Starting...
2024-02-20 17:02:39.804 INFO  - LAP-NFS1192 - HikariPool-1 - Added connection com.mysql.cj.jdbc.ConnectionImpl@c4cceb
2024-02-20 17:02:39.807 INFO  - LAP-NFS1192 - HikariPool-1 - Start completed.
2024-02-20 17:02:40.979 INFO  - LAP-NFS1192 - Initialized JPA EntityManagerFactory for persistence unit 'default'
2024-02-20 17:02:41.543 WARN  - LAP-NFS1192 - spring.jpa.open-in-view is enabled by default. Therefore, database queries may be performed during view rendering. Explicitly configure spring.jpa.open-in-view to disable this warning
2024-02-20 17:02:42.071 INFO  - LAP-NFS1192 - Will secure any request with [org.springframework.security.web.session.DisableEncodeUrlFilter@1488d1c, org.springframework.security.web.context.request.async.WebAsyncManagerIntegrationFilter@b21cbbf, org.springframework.security.web.context.SecurityContextHolderFilter@a1c4f69, org.springframework.security.web.header.HeaderWriterFilter@7e9d171c, org.springframework.security.web.authentication.logout.LogoutFilter@31887330, com.khata.onsite.security.filter.JwtAuthenticationFilter@7ddcd3d, org.springframework.security.web.savedrequest.RequestCacheAwareFilter@79e33802, org.springframework.security.web.servletapi.SecurityContextHolderAwareRequestFilter@44bb6856, org.springframework.security.web.authentication.AnonymousAuthenticationFilter@578ac0be, org.springframework.security.web.session.SessionManagementFilter@49b73e6c, org.springframework.security.web.access.ExceptionTranslationFilter@19f9287a, org.springframework.security.web.access.intercept.AuthorizationFilter@7c0ecdbf]
2024-02-20 17:02:42.412 INFO  - LAP-NFS1192 - Starting ProtocolHandler ["http-nio-9010"]
2024-02-20 17:02:42.439 INFO  - LAP-NFS1192 - Tomcat started on port(s): 9010 (http) with context path ''
2024-02-20 17:02:42.448 INFO  - LAP-NFS1192 - Started KhataApplication in 6.536 seconds (process running for 7.626)
2024-02-20 17:02:46.860 INFO  - LAP-NFS1192 - Initializing Spring DispatcherServlet 'dispatcherServlet'
2024-02-20 17:02:47.644 WARN  - LAP-NFS1192 - Resolved [org.springframework.web.bind.MethodArgumentNotValidException: Validation failed for argument [0] in public org.springframework.http.ResponseEntity<com.khata.onsite.common.GeneralResponse<?>> com.khata.onsite.controllers.RulesController.addOrUpdateRule(com.khata.onsite.in.dto.RuleRequestDTO) with 2 errors: [Field error in object 'ruleRequestDTO' on field 'ruleName': rejected value []; codes [Size.ruleRequestDTO.ruleName,Size.ruleName,Size.java.lang.String,Size]; arguments [org.springframework.context.support.DefaultMessageSourceResolvable: codes [ruleRequestDTO.ruleName,ruleName]; arguments []; default message [ruleName],30,3]; default message [Invalid Name: Must be of 3 - 30 characters]] [Field error in object 'ruleRequestDTO' on field 'ruleName': rejected value []; codes [NotBlank.ruleRequestDTO.ruleName,NotBlank.ruleName,NotBlank.java.lang.String,NotBlank]; arguments [org.springframework.context.support.DefaultMessageSourceResolvable: codes [ruleRequestDTO.ruleName,ruleName]; arguments []; default message [ruleName]]; default message [Invalid Name: Empty name]] ]
2024-02-20 17:02:47.648 INFO  - LAP-NFS1192 - REST Request - [HTTP METHOD:POST] [PATH INFO:/api/rules/addOrUpdateRule] [REQUEST PARAMETERS:{}] [REQUEST BODY:{"ruleName": "","ruleAmount": "2000","ruleProposedBy": 1,"ruleDesc": "It is mutually agreed by all onsite team members that everyone must leave the WhatsApp unofficial group within 24 hours of landing to Lahore Airport. Non-compliance will be penalized by IDR 300k It is mutually agreed by all onsite team members that everyone must leave the WhatsApp unofficial group within 24 hours of landing to Lahore Airport. Non-compliance will be penalized by IDR 300k","status": true,"ruleIdPk": ""}] [REMOTE ADDRESS:0:0:0:0:0:0:0:1] [RESPONSE:EMPTY]
2024-02-20 17:04:15.367 INFO  - LAP-NFS1192 - Starting KhataApplication using Java 17.0.8.1 with PID 18628 (D:\JKD17WorkSpace\Personal\khata\target\classes started by Administrator in D:\JKD17WorkSpace\Personal\khata)
2024-02-20 17:04:15.370 INFO  - LAP-NFS1192 - No active profile set, falling back to 1 default profile: "default"
2024-02-20 17:04:16.557 INFO  - LAP-NFS1192 - Bootstrapping Spring Data JPA repositories in DEFAULT mode.
2024-02-20 17:04:16.646 INFO  - LAP-NFS1192 - Finished Spring Data repository scanning in 75 ms. Found 2 JPA repository interfaces.
2024-02-20 17:04:17.556 INFO  - LAP-NFS1192 - Tomcat initialized with port(s): 9010 (http)
2024-02-20 17:04:17.568 INFO  - LAP-NFS1192 - Initializing ProtocolHandler ["http-nio-9010"]
2024-02-20 17:04:17.571 INFO  - LAP-NFS1192 - Starting service [Tomcat]
2024-02-20 17:04:17.571 INFO  - LAP-NFS1192 - Starting Servlet engine: [Apache Tomcat/10.1.15]
2024-02-20 17:04:17.722 INFO  - LAP-NFS1192 - Initializing Spring embedded WebApplicationContext
2024-02-20 17:04:17.724 INFO  - LAP-NFS1192 - Root WebApplicationContext: initialization completed in 2275 ms
2024-02-20 17:04:18.401 INFO  - LAP-NFS1192 - No LoadTimeWeaver setup: ignoring JPA class transformer
2024-02-20 17:04:18.450 INFO  - LAP-NFS1192 - HikariPool-1 - Starting...
2024-02-20 17:04:18.754 INFO  - LAP-NFS1192 - HikariPool-1 - Added connection com.mysql.cj.jdbc.ConnectionImpl@399f5daf
2024-02-20 17:04:18.758 INFO  - LAP-NFS1192 - HikariPool-1 - Start completed.
2024-02-20 17:04:19.996 INFO  - LAP-NFS1192 - Initialized JPA EntityManagerFactory for persistence unit 'default'
2024-02-20 17:04:20.397 WARN  - LAP-NFS1192 - Exception encountered during context initialization - cancelling refresh attempt: org.springframework.beans.factory.UnsatisfiedDependencyException: Error creating bean with name 'authenticationController' defined in file [D:\JKD17WorkSpace\Personal\khata\target\classes\com\khata\onsite\security\AuthenticationController.class]: Unsatisfied dependency expressed through constructor parameter 0: Error creating bean with name 'authenticationService' defined in file [D:\JKD17WorkSpace\Personal\khata\target\classes\com\khata\onsite\security\AuthenticationService.class]: Unsatisfied dependency expressed through constructor parameter 2: No qualifying bean of type 'org.springframework.security.authentication.AuthenticationManager' available: expected at least 1 bean which qualifies as autowire candidate. Dependency annotations: {}
2024-02-20 17:04:20.398 INFO  - LAP-NFS1192 - Closing JPA EntityManagerFactory for persistence unit 'default'
2024-02-20 17:04:20.401 INFO  - LAP-NFS1192 - HikariPool-1 - Shutdown initiated...
2024-02-20 17:04:20.412 INFO  - LAP-NFS1192 - HikariPool-1 - Shutdown completed.
2024-02-20 17:04:20.414 INFO  - LAP-NFS1192 - Stopping service [Tomcat]
2024-02-20 17:04:20.430 INFO  - LAP-NFS1192 - 

Error starting ApplicationContext. To display the condition evaluation report re-run your application with 'debug' enabled.
2024-02-20 17:04:20.460 ERROR - LAP-NFS1192 - 

***************************
APPLICATION FAILED TO START
***************************

Description:

Parameter 2 of constructor in com.khata.onsite.security.AuthenticationService required a bean of type 'org.springframework.security.authentication.AuthenticationManager' that could not be found.


Action:

Consider defining a bean of type 'org.springframework.security.authentication.AuthenticationManager' in your configuration.

2024-02-20 17:06:22.459 INFO  - LAP-NFS1192 - Starting KhataApplication using Java 17.0.8.1 with PID 5636 (D:\JKD17WorkSpace\Personal\khata\target\classes started by Administrator in D:\JKD17WorkSpace\Personal\khata)
2024-02-20 17:06:22.463 INFO  - LAP-NFS1192 - No active profile set, falling back to 1 default profile: "default"
2024-02-20 17:07:23.902 INFO  - LAP-NFS1192 - Starting KhataApplication using Java 17.0.8.1 with PID 35784 (D:\JKD17WorkSpace\Personal\khata\target\classes started by Administrator in D:\JKD17WorkSpace\Personal\khata)
2024-02-20 17:07:23.907 INFO  - LAP-NFS1192 - No active profile set, falling back to 1 default profile: "default"
2024-02-20 17:07:24.920 INFO  - LAP-NFS1192 - Bootstrapping Spring Data JPA repositories in DEFAULT mode.
2024-02-20 17:07:25.007 INFO  - LAP-NFS1192 - Finished Spring Data repository scanning in 75 ms. Found 2 JPA repository interfaces.
2024-02-20 17:07:25.847 INFO  - LAP-NFS1192 - Tomcat initialized with port(s): 9010 (http)
2024-02-20 17:07:25.857 INFO  - LAP-NFS1192 - Initializing ProtocolHandler ["http-nio-9010"]
2024-02-20 17:07:25.860 INFO  - LAP-NFS1192 - Starting service [Tomcat]
2024-02-20 17:07:25.861 INFO  - LAP-NFS1192 - Starting Servlet engine: [Apache Tomcat/10.1.15]
2024-02-20 17:07:26.010 INFO  - LAP-NFS1192 - Initializing Spring embedded WebApplicationContext
2024-02-20 17:07:26.012 INFO  - LAP-NFS1192 - Root WebApplicationContext: initialization completed in 2030 ms
2024-02-20 17:07:26.626 INFO  - LAP-NFS1192 - No LoadTimeWeaver setup: ignoring JPA class transformer
2024-02-20 17:07:26.665 INFO  - LAP-NFS1192 - HikariPool-1 - Starting...
2024-02-20 17:07:26.884 INFO  - LAP-NFS1192 - HikariPool-1 - Added connection com.mysql.cj.jdbc.ConnectionImpl@410382cb
2024-02-20 17:07:26.888 INFO  - LAP-NFS1192 - HikariPool-1 - Start completed.
2024-02-20 17:07:28.161 INFO  - LAP-NFS1192 - Initialized JPA EntityManagerFactory for persistence unit 'default'
2024-02-20 17:07:28.565 WARN  - LAP-NFS1192 - Exception encountered during context initialization - cancelling refresh attempt: org.springframework.beans.factory.UnsatisfiedDependencyException: Error creating bean with name 'authenticationController' defined in file [D:\JKD17WorkSpace\Personal\khata\target\classes\com\khata\onsite\security\AuthenticationController.class]: Unsatisfied dependency expressed through constructor parameter 0: No qualifying bean of type 'com.khata.onsite.security.AuthenticationService' available: expected at least 1 bean which qualifies as autowire candidate. Dependency annotations: {}
2024-02-20 17:07:28.566 INFO  - LAP-NFS1192 - Closing JPA EntityManagerFactory for persistence unit 'default'
2024-02-20 17:07:28.568 INFO  - LAP-NFS1192 - HikariPool-1 - Shutdown initiated...
2024-02-20 17:07:28.579 INFO  - LAP-NFS1192 - HikariPool-1 - Shutdown completed.
2024-02-20 17:07:28.580 INFO  - LAP-NFS1192 - Stopping service [Tomcat]
2024-02-20 17:07:28.594 INFO  - LAP-NFS1192 - 

Error starting ApplicationContext. To display the condition evaluation report re-run your application with 'debug' enabled.
2024-02-20 17:07:28.625 ERROR - LAP-NFS1192 - 

***************************
APPLICATION FAILED TO START
***************************

Description:

Parameter 0 of constructor in com.khata.onsite.security.AuthenticationController required a bean of type 'com.khata.onsite.security.AuthenticationService' that could not be found.


Action:

Consider defining a bean of type 'com.khata.onsite.security.AuthenticationService' in your configuration.

2024-02-20 17:08:35.788 INFO  - LAP-NFS1192 - Starting KhataApplication using Java 17.0.8.1 with PID 5060 (D:\JKD17WorkSpace\Personal\khata\target\classes started by Administrator in D:\JKD17WorkSpace\Personal\khata)
2024-02-20 17:08:35.792 INFO  - LAP-NFS1192 - No active profile set, falling back to 1 default profile: "default"
2024-02-20 17:08:36.970 INFO  - LAP-NFS1192 - Bootstrapping Spring Data JPA repositories in DEFAULT mode.
2024-02-20 17:08:37.063 INFO  - LAP-NFS1192 - Finished Spring Data repository scanning in 77 ms. Found 2 JPA repository interfaces.
2024-02-20 17:08:38.068 INFO  - LAP-NFS1192 - Tomcat initialized with port(s): 9010 (http)
2024-02-20 17:08:38.080 INFO  - LAP-NFS1192 - Initializing ProtocolHandler ["http-nio-9010"]
2024-02-20 17:08:38.084 INFO  - LAP-NFS1192 - Starting service [Tomcat]
2024-02-20 17:08:38.084 INFO  - LAP-NFS1192 - Starting Servlet engine: [Apache Tomcat/10.1.15]
2024-02-20 17:08:38.241 INFO  - LAP-NFS1192 - Initializing Spring embedded WebApplicationContext
2024-02-20 17:08:38.242 INFO  - LAP-NFS1192 - Root WebApplicationContext: initialization completed in 2372 ms
2024-02-20 17:08:39.087 INFO  - LAP-NFS1192 - No LoadTimeWeaver setup: ignoring JPA class transformer
2024-02-20 17:08:39.126 INFO  - LAP-NFS1192 - HikariPool-1 - Starting...
2024-02-20 17:08:39.367 INFO  - LAP-NFS1192 - HikariPool-1 - Added connection com.mysql.cj.jdbc.ConnectionImpl@7d537616
2024-02-20 17:08:39.371 INFO  - LAP-NFS1192 - HikariPool-1 - Start completed.
2024-02-20 17:08:41.016 INFO  - LAP-NFS1192 - Initialized JPA EntityManagerFactory for persistence unit 'default'
2024-02-20 17:08:41.647 WARN  - LAP-NFS1192 - spring.jpa.open-in-view is enabled by default. Therefore, database queries may be performed during view rendering. Explicitly configure spring.jpa.open-in-view to disable this warning
2024-02-20 17:08:42.499 INFO  - LAP-NFS1192 - Will secure any request with [org.springframework.security.web.session.DisableEncodeUrlFilter@12f32f99, org.springframework.security.web.context.request.async.WebAsyncManagerIntegrationFilter@73ab649f, org.springframework.security.web.context.SecurityContextHolderFilter@58f8ce0f, org.springframework.security.web.header.HeaderWriterFilter@56c7e2d1, org.springframework.security.web.csrf.CsrfFilter@17adbecf, org.springframework.security.web.authentication.logout.LogoutFilter@74b13aa, org.springframework.security.web.authentication.UsernamePasswordAuthenticationFilter@4f93303f, org.springframework.security.web.authentication.ui.DefaultLoginPageGeneratingFilter@5a6f1342, org.springframework.security.web.authentication.ui.DefaultLogoutPageGeneratingFilter@234dfc8e, org.springframework.security.web.authentication.www.BasicAuthenticationFilter@2438a038, org.springframework.security.web.savedrequest.RequestCacheAwareFilter@3bb6b9ab, org.springframework.security.web.servletapi.SecurityContextHolderAwareRequestFilter@139da216, org.springframework.security.web.authentication.AnonymousAuthenticationFilter@18918ab9, org.springframework.security.web.access.ExceptionTranslationFilter@26c494d7, org.springframework.security.web.access.intercept.AuthorizationFilter@25f67aea]
2024-02-20 17:08:42.543 INFO  - LAP-NFS1192 - Starting ProtocolHandler ["http-nio-9010"]
2024-02-20 17:08:42.571 INFO  - LAP-NFS1192 - Tomcat started on port(s): 9010 (http) with context path ''
2024-02-20 17:08:42.583 INFO  - LAP-NFS1192 - Started KhataApplication in 7.507 seconds (process running for 8.413)
2024-02-20 17:08:46.903 INFO  - LAP-NFS1192 - Initializing Spring DispatcherServlet 'dispatcherServlet'
2024-02-20 17:09:51.728 INFO  - LAP-NFS1192 - Starting KhataApplication using Java 17.0.8.1 with PID 48320 (D:\JKD17WorkSpace\Personal\khata\target\classes started by Administrator in D:\JKD17WorkSpace\Personal\khata)
2024-02-20 17:09:51.731 INFO  - LAP-NFS1192 - No active profile set, falling back to 1 default profile: "default"
2024-02-20 17:09:52.746 INFO  - LAP-NFS1192 - Bootstrapping Spring Data JPA repositories in DEFAULT mode.
2024-02-20 17:09:52.838 INFO  - LAP-NFS1192 - Finished Spring Data repository scanning in 79 ms. Found 2 JPA repository interfaces.
2024-02-20 17:09:53.646 INFO  - LAP-NFS1192 - Tomcat initialized with port(s): 9010 (http)
2024-02-20 17:09:53.658 INFO  - LAP-NFS1192 - Initializing ProtocolHandler ["http-nio-9010"]
2024-02-20 17:09:53.661 INFO  - LAP-NFS1192 - Starting service [Tomcat]
2024-02-20 17:09:53.662 INFO  - LAP-NFS1192 - Starting Servlet engine: [Apache Tomcat/10.1.15]
2024-02-20 17:09:53.805 INFO  - LAP-NFS1192 - Initializing Spring embedded WebApplicationContext
2024-02-20 17:09:53.807 INFO  - LAP-NFS1192 - Root WebApplicationContext: initialization completed in 2003 ms
2024-02-20 17:09:54.482 INFO  - LAP-NFS1192 - No LoadTimeWeaver setup: ignoring JPA class transformer
2024-02-20 17:09:54.521 INFO  - LAP-NFS1192 - HikariPool-1 - Starting...
2024-02-20 17:09:54.747 INFO  - LAP-NFS1192 - HikariPool-1 - Added connection com.mysql.cj.jdbc.ConnectionImpl@6a6e9289
2024-02-20 17:09:54.751 INFO  - LAP-NFS1192 - HikariPool-1 - Start completed.
2024-02-20 17:09:55.905 INFO  - LAP-NFS1192 - Initialized JPA EntityManagerFactory for persistence unit 'default'
2024-02-20 17:09:56.373 WARN  - LAP-NFS1192 - spring.jpa.open-in-view is enabled by default. Therefore, database queries may be performed during view rendering. Explicitly configure spring.jpa.open-in-view to disable this warning
2024-02-20 17:09:57.227 INFO  - LAP-NFS1192 - Will secure any request with [org.springframework.security.web.session.DisableEncodeUrlFilter@73a5cc47, org.springframework.security.web.context.request.async.WebAsyncManagerIntegrationFilter@17fa25f1, org.springframework.security.web.context.SecurityContextHolderFilter@7c290246, org.springframework.security.web.header.HeaderWriterFilter@102dff25, org.springframework.security.web.csrf.CsrfFilter@76a1cc1a, org.springframework.security.web.authentication.logout.LogoutFilter@2c34ce24, org.springframework.security.web.authentication.UsernamePasswordAuthenticationFilter@608b74f3, org.springframework.security.web.authentication.ui.DefaultLoginPageGeneratingFilter@74214ac3, org.springframework.security.web.authentication.ui.DefaultLogoutPageGeneratingFilter@50ac63b2, org.springframework.security.web.authentication.www.BasicAuthenticationFilter@3d5b2c1e, org.springframework.security.web.savedrequest.RequestCacheAwareFilter@4d305059, org.springframework.security.web.servletapi.SecurityContextHolderAwareRequestFilter@5b166420, org.springframework.security.web.authentication.AnonymousAuthenticationFilter@1545ef47, org.springframework.security.web.access.ExceptionTranslationFilter@3c5d60db, org.springframework.security.web.access.intercept.AuthorizationFilter@3ce067bd]
2024-02-20 17:09:57.268 INFO  - LAP-NFS1192 - Starting ProtocolHandler ["http-nio-9010"]
2024-02-20 17:09:57.294 INFO  - LAP-NFS1192 - Tomcat started on port(s): 9010 (http) with context path ''
2024-02-20 17:09:57.305 INFO  - LAP-NFS1192 - Started KhataApplication in 6.344 seconds (process running for 7.465)
2024-02-20 17:10:01.412 INFO  - LAP-NFS1192 - Initializing Spring DispatcherServlet 'dispatcherServlet'
2024-02-20 17:28:48.036 INFO  - LAP-NFS1192 - Starting KhataApplication using Java 17.0.8.1 with PID 51576 (D:\JKD17WorkSpace\Personal\khata\target\classes started by Administrator in D:\JKD17WorkSpace\Personal\khata)
2024-02-20 17:28:48.040 INFO  - LAP-NFS1192 - No active profile set, falling back to 1 default profile: "default"
2024-02-20 17:28:49.075 INFO  - LAP-NFS1192 - Bootstrapping Spring Data JPA repositories in DEFAULT mode.
2024-02-20 17:28:49.190 INFO  - LAP-NFS1192 - Finished Spring Data repository scanning in 98 ms. Found 2 JPA repository interfaces.
2024-02-20 17:28:50.037 INFO  - LAP-NFS1192 - Tomcat initialized with port(s): 9010 (http)
2024-02-20 17:28:50.054 INFO  - LAP-NFS1192 - Initializing ProtocolHandler ["http-nio-9010"]
2024-02-20 17:28:50.059 INFO  - LAP-NFS1192 - Starting service [Tomcat]
2024-02-20 17:28:50.060 INFO  - LAP-NFS1192 - Starting Servlet engine: [Apache Tomcat/10.1.15]
2024-02-20 17:28:50.262 INFO  - LAP-NFS1192 - Initializing Spring embedded WebApplicationContext
2024-02-20 17:28:50.265 INFO  - LAP-NFS1192 - Root WebApplicationContext: initialization completed in 2152 ms
2024-02-20 17:28:51.071 INFO  - LAP-NFS1192 - No LoadTimeWeaver setup: ignoring JPA class transformer
2024-02-20 17:28:51.124 INFO  - LAP-NFS1192 - HikariPool-1 - Starting...
2024-02-20 17:28:51.450 INFO  - LAP-NFS1192 - HikariPool-1 - Added connection com.mysql.cj.jdbc.ConnectionImpl@15f519f7
2024-02-20 17:28:51.454 INFO  - LAP-NFS1192 - HikariPool-1 - Start completed.
2024-02-20 17:28:52.788 INFO  - LAP-NFS1192 - Initialized JPA EntityManagerFactory for persistence unit 'default'
2024-02-20 17:28:53.429 WARN  - LAP-NFS1192 - spring.jpa.open-in-view is enabled by default. Therefore, database queries may be performed during view rendering. Explicitly configure spring.jpa.open-in-view to disable this warning
2024-02-20 17:28:54.008 INFO  - LAP-NFS1192 - Will secure any request with [org.springframework.security.web.session.DisableEncodeUrlFilter@3c83e9ca, org.springframework.security.web.context.request.async.WebAsyncManagerIntegrationFilter@7c0ecdbf, org.springframework.security.web.context.SecurityContextHolderFilter@5352bc0e, org.springframework.security.web.header.HeaderWriterFilter@1e6cd1c, org.springframework.security.web.authentication.logout.LogoutFilter@209f0986, com.khata.onsite.security.filter.JwtAuthenticationFilter@7f08c343, org.springframework.security.web.savedrequest.RequestCacheAwareFilter@1f138b74, org.springframework.security.web.servletapi.SecurityContextHolderAwareRequestFilter@79e33802, org.springframework.security.web.authentication.AnonymousAuthenticationFilter@19bad88, org.springframework.security.web.session.SessionManagementFilter@1a000fff, org.springframework.security.web.access.ExceptionTranslationFilter@489989eb, org.springframework.security.web.access.intercept.AuthorizationFilter@d79a69b]
2024-02-20 17:28:54.348 INFO  - LAP-NFS1192 - Starting ProtocolHandler ["http-nio-9010"]
2024-02-20 17:28:54.373 INFO  - LAP-NFS1192 - Tomcat started on port(s): 9010 (http) with context path ''
2024-02-20 17:28:54.384 INFO  - LAP-NFS1192 - Started KhataApplication in 7.059 seconds (process running for 8.097)
2024-02-20 17:29:13.076 INFO  - LAP-NFS1192 - Starting KhataApplication using Java 17.0.8.1 with PID 50236 (D:\JKD17WorkSpace\Personal\khata\target\classes started by Administrator in D:\JKD17WorkSpace\Personal\khata)
2024-02-20 17:29:13.078 INFO  - LAP-NFS1192 - No active profile set, falling back to 1 default profile: "default"
2024-02-20 17:29:14.093 INFO  - LAP-NFS1192 - Bootstrapping Spring Data JPA repositories in DEFAULT mode.
2024-02-20 17:29:14.175 INFO  - LAP-NFS1192 - Finished Spring Data repository scanning in 72 ms. Found 2 JPA repository interfaces.
2024-02-20 17:29:14.966 INFO  - LAP-NFS1192 - Tomcat initialized with port(s): 9010 (http)
2024-02-20 17:29:14.978 INFO  - LAP-NFS1192 - Initializing ProtocolHandler ["http-nio-9010"]
2024-02-20 17:29:14.981 INFO  - LAP-NFS1192 - Starting service [Tomcat]
2024-02-20 17:29:14.981 INFO  - LAP-NFS1192 - Starting Servlet engine: [Apache Tomcat/10.1.15]
2024-02-20 17:29:15.138 INFO  - LAP-NFS1192 - Initializing Spring embedded WebApplicationContext
2024-02-20 17:29:15.139 INFO  - LAP-NFS1192 - Root WebApplicationContext: initialization completed in 1989 ms
2024-02-20 17:29:15.773 INFO  - LAP-NFS1192 - No LoadTimeWeaver setup: ignoring JPA class transformer
2024-02-20 17:29:15.814 INFO  - LAP-NFS1192 - HikariPool-1 - Starting...
2024-02-20 17:29:16.065 INFO  - LAP-NFS1192 - HikariPool-1 - Added connection com.mysql.cj.jdbc.ConnectionImpl@6c830ebd
2024-02-20 17:29:16.068 INFO  - LAP-NFS1192 - HikariPool-1 - Start completed.
2024-02-20 17:29:17.349 INFO  - LAP-NFS1192 - Initialized JPA EntityManagerFactory for persistence unit 'default'
2024-02-20 17:29:18.036 WARN  - LAP-NFS1192 - spring.jpa.open-in-view is enabled by default. Therefore, database queries may be performed during view rendering. Explicitly configure spring.jpa.open-in-view to disable this warning
2024-02-20 17:29:18.808 INFO  - LAP-NFS1192 - Will secure any request with [org.springframework.security.web.session.DisableEncodeUrlFilter@62682ece, org.springframework.security.web.context.request.async.WebAsyncManagerIntegrationFilter@3c83e9ca, org.springframework.security.web.context.SecurityContextHolderFilter@3dedc8b8, org.springframework.security.web.header.HeaderWriterFilter@6d97a357, org.springframework.security.web.authentication.logout.LogoutFilter@54a7d1b9, com.khata.onsite.security.filter.JwtAuthenticationFilter@35198da3, org.springframework.security.web.savedrequest.RequestCacheAwareFilter@49b73e6c, org.springframework.security.web.servletapi.SecurityContextHolderAwareRequestFilter@7a285418, org.springframework.security.web.authentication.AnonymousAuthenticationFilter@7c0ecdbf, org.springframework.security.web.session.SessionManagementFilter@6980fa39, org.springframework.security.web.access.ExceptionTranslationFilter@8929865, org.springframework.security.web.access.intercept.AuthorizationFilter@7c045627]
2024-02-20 17:29:19.201 INFO  - LAP-NFS1192 - Starting ProtocolHandler ["http-nio-9010"]
2024-02-20 17:29:19.227 INFO  - LAP-NFS1192 - Tomcat started on port(s): 9010 (http) with context path ''
2024-02-20 17:29:19.240 INFO  - LAP-NFS1192 - Started KhataApplication in 6.879 seconds (process running for 7.844)
2024-02-20 17:32:00.578 INFO  - LAP-NFS1192 - Starting KhataApplication using Java 17.0.8.1 with PID 52504 (D:\JKD17WorkSpace\Personal\khata\target\classes started by Administrator in D:\JKD17WorkSpace\Personal\khata)
2024-02-20 17:32:00.582 INFO  - LAP-NFS1192 - No active profile set, falling back to 1 default profile: "default"
2024-02-20 17:32:01.639 INFO  - LAP-NFS1192 - Bootstrapping Spring Data JPA repositories in DEFAULT mode.
2024-02-20 17:32:01.735 INFO  - LAP-NFS1192 - Finished Spring Data repository scanning in 82 ms. Found 2 JPA repository interfaces.
2024-02-20 17:32:02.557 INFO  - LAP-NFS1192 - Tomcat initialized with port(s): 9010 (http)
2024-02-20 17:32:02.569 INFO  - LAP-NFS1192 - Initializing ProtocolHandler ["http-nio-9010"]
2024-02-20 17:32:02.572 INFO  - LAP-NFS1192 - Starting service [Tomcat]
2024-02-20 17:32:02.573 INFO  - LAP-NFS1192 - Starting Servlet engine: [Apache Tomcat/10.1.15]
2024-02-20 17:32:02.740 INFO  - LAP-NFS1192 - Initializing Spring embedded WebApplicationContext
2024-02-20 17:32:02.742 INFO  - LAP-NFS1192 - Root WebApplicationContext: initialization completed in 2080 ms
2024-02-20 17:32:03.409 INFO  - LAP-NFS1192 - No LoadTimeWeaver setup: ignoring JPA class transformer
2024-02-20 17:32:03.452 INFO  - LAP-NFS1192 - HikariPool-1 - Starting...
2024-02-20 17:32:03.676 INFO  - LAP-NFS1192 - HikariPool-1 - Added connection com.mysql.cj.jdbc.ConnectionImpl@7d537616
2024-02-20 17:32:03.679 INFO  - LAP-NFS1192 - HikariPool-1 - Start completed.
2024-02-20 17:32:04.960 INFO  - LAP-NFS1192 - Initialized JPA EntityManagerFactory for persistence unit 'default'
2024-02-20 17:32:05.529 WARN  - LAP-NFS1192 - spring.jpa.open-in-view is enabled by default. Therefore, database queries may be performed during view rendering. Explicitly configure spring.jpa.open-in-view to disable this warning
2024-02-20 17:32:06.080 INFO  - LAP-NFS1192 - Will secure any request with [org.springframework.security.web.session.DisableEncodeUrlFilter@4250b0c1, org.springframework.security.web.context.request.async.WebAsyncManagerIntegrationFilter@7b5e5fa, org.springframework.security.web.context.SecurityContextHolderFilter@74471600, org.springframework.security.web.header.HeaderWriterFilter@65fa1cd, org.springframework.security.web.authentication.logout.LogoutFilter@ee7a538, com.khata.onsite.security.filter.JwtAuthenticationFilter@396519b, org.springframework.security.web.savedrequest.RequestCacheAwareFilter@247877f3, org.springframework.security.web.servletapi.SecurityContextHolderAwareRequestFilter@3070f59f, org.springframework.security.web.authentication.AnonymousAuthenticationFilter@24caa80, org.springframework.security.web.session.SessionManagementFilter@a1c4f69, org.springframework.security.web.access.ExceptionTranslationFilter@3a1540be, org.springframework.security.web.access.intercept.AuthorizationFilter@1488d1c]
2024-02-20 17:32:06.415 INFO  - LAP-NFS1192 - Starting ProtocolHandler ["http-nio-9010"]
2024-02-20 17:32:06.444 INFO  - LAP-NFS1192 - Tomcat started on port(s): 9010 (http) with context path ''
2024-02-20 17:32:06.454 INFO  - LAP-NFS1192 - Started KhataApplication in 6.626 seconds (process running for 7.556)
2024-02-20 17:32:15.694 INFO  - LAP-NFS1192 - Starting KhataApplication using Java 17.0.8.1 with PID 47316 (D:\JKD17WorkSpace\Personal\khata\target\classes started by Administrator in D:\JKD17WorkSpace\Personal\khata)
2024-02-20 17:32:15.698 INFO  - LAP-NFS1192 - No active profile set, falling back to 1 default profile: "default"
2024-02-20 17:32:16.811 INFO  - LAP-NFS1192 - Bootstrapping Spring Data JPA repositories in DEFAULT mode.
2024-02-20 17:32:16.906 INFO  - LAP-NFS1192 - Finished Spring Data repository scanning in 82 ms. Found 2 JPA repository interfaces.
2024-02-20 17:32:17.834 INFO  - LAP-NFS1192 - Tomcat initialized with port(s): 9010 (http)
2024-02-20 17:32:17.847 INFO  - LAP-NFS1192 - Initializing ProtocolHandler ["http-nio-9010"]
2024-02-20 17:32:17.850 INFO  - LAP-NFS1192 - Starting service [Tomcat]
2024-02-20 17:32:17.851 INFO  - LAP-NFS1192 - Starting Servlet engine: [Apache Tomcat/10.1.15]
2024-02-20 17:32:18.030 INFO  - LAP-NFS1192 - Initializing Spring embedded WebApplicationContext
2024-02-20 17:32:18.032 INFO  - LAP-NFS1192 - Root WebApplicationContext: initialization completed in 2254 ms
2024-02-20 17:32:18.761 INFO  - LAP-NFS1192 - No LoadTimeWeaver setup: ignoring JPA class transformer
2024-02-20 17:32:18.816 INFO  - LAP-NFS1192 - HikariPool-1 - Starting...
2024-02-20 17:32:19.089 INFO  - LAP-NFS1192 - HikariPool-1 - Added connection com.mysql.cj.jdbc.ConnectionImpl@604c7e9b
2024-02-20 17:32:19.095 INFO  - LAP-NFS1192 - HikariPool-1 - Start completed.
2024-02-20 17:32:20.497 INFO  - LAP-NFS1192 - Initialized JPA EntityManagerFactory for persistence unit 'default'
2024-02-20 17:32:21.175 WARN  - LAP-NFS1192 - spring.jpa.open-in-view is enabled by default. Therefore, database queries may be performed during view rendering. Explicitly configure spring.jpa.open-in-view to disable this warning
2024-02-20 17:32:21.772 INFO  - LAP-NFS1192 - Will secure any request with [org.springframework.security.web.session.DisableEncodeUrlFilter@7b5e5fa, org.springframework.security.web.context.request.async.WebAsyncManagerIntegrationFilter@24caa80, org.springframework.security.web.context.SecurityContextHolderFilter@1cc878e6, org.springframework.security.web.header.HeaderWriterFilter@106c73ed, org.springframework.security.web.authentication.logout.LogoutFilter@7c045627, com.khata.onsite.security.filter.JwtAuthenticationFilter@18ad085a, org.springframework.security.web.savedrequest.RequestCacheAwareFilter@44bb6856, org.springframework.security.web.servletapi.SecurityContextHolderAwareRequestFilter@2f16c21f, org.springframework.security.web.authentication.AnonymousAuthenticationFilter@3420547, org.springframework.security.web.session.SessionManagementFilter@7a285418, org.springframework.security.web.access.ExceptionTranslationFilter@6aff157e, org.springframework.security.web.access.intercept.AuthorizationFilter@b21cbbf]
2024-02-20 17:32:22.132 INFO  - LAP-NFS1192 - Starting ProtocolHandler ["http-nio-9010"]
2024-02-20 17:32:22.158 INFO  - LAP-NFS1192 - Tomcat started on port(s): 9010 (http) with context path ''
2024-02-20 17:32:22.170 INFO  - LAP-NFS1192 - Started KhataApplication in 7.169 seconds (process running for 8.101)
2024-02-20 17:32:29.476 INFO  - LAP-NFS1192 - Initializing Spring DispatcherServlet 'dispatcherServlet'
2024-02-20 17:32:30.044 WARN  - LAP-NFS1192 - Resolved [org.springframework.web.bind.MethodArgumentNotValidException: Validation failed for argument [0] in public org.springframework.http.ResponseEntity<com.khata.onsite.common.GeneralResponse<?>> com.khata.onsite.controllers.RulesController.addOrUpdateRule(com.khata.onsite.in.dto.RuleRequestDTO): [Field error in object 'ruleRequestDTO' on field 'ruleName': rejected value [ss]; codes [Size.ruleRequestDTO.ruleName,Size.ruleName,Size.java.lang.String,Size]; arguments [org.springframework.context.support.DefaultMessageSourceResolvable: codes [ruleRequestDTO.ruleName,ruleName]; arguments []; default message [ruleName],30,3]; default message [Invalid Name: Must be of 3 - 30 characters]] ]
2024-02-20 17:32:30.047 INFO  - LAP-NFS1192 - REST Request - [HTTP METHOD:POST] [PATH INFO:/api/rules/addOrUpdateRule] [REQUEST PARAMETERS:{}] [REQUEST BODY:{"ruleName": "ss","ruleAmount": "2000","ruleProposedBy": 1,"ruleDesc": "It is mutually agreed by all onsite team members that everyone must leave the WhatsApp unofficial group within 24 hours of landing to Lahore Airport. Non-compliance will be penalized by IDR 300k It is mutually agreed by all onsite team members that everyone must leave the WhatsApp unofficial group within 24 hours of landing to Lahore Airport. Non-compliance will be penalized by IDR 300k","status": true,"ruleIdPk": ""}] [REMOTE ADDRESS:0:0:0:0:0:0:0:1] [RESPONSE:]
2024-02-20 17:32:37.035 ERROR - LAP-NFS1192 - Request processing failed: org.springframework.security.authentication.BadCredentialsException: Bad credentials
2024-02-20 17:32:40.333 ERROR - LAP-NFS1192 - Request processing failed: org.springframework.security.authentication.BadCredentialsException: Bad credentials
2024-02-20 17:33:07.286 ERROR - LAP-NFS1192 - Request processing failed: org.springframework.security.authentication.BadCredentialsException: Bad credentials
2024-02-20 17:33:36.280 INFO  - LAP-NFS1192 - REST Request - [HTTP METHOD:POST] [PATH INFO:/register] [REQUEST PARAMETERS:{}] [REQUEST BODY:{"firstName": "Mohsin","lastName" : "Shabbir","username" : "mohisn1","password" : "123","role" : "USER"}] [REMOTE ADDRESS:0:0:0:0:0:0:0:1] [RESPONSE:{"token":"eyJhbGciOiJIUzM4NCJ9.eyJzdWIiOiJtb2hpc24xIiwiaWF0IjoxNzA4NDI1MjE2LCJleHAiOjE3MDg1MTE2MTZ9.Aye6aC30QxtU2UkZg1JkeUSpGiH__lJTS6BVjQXL9_9yyTU3w4RoLvT74RDtK821"}]
2024-02-20 17:34:13.451 ERROR - LAP-NFS1192 - Request processing failed: org.springframework.security.authentication.BadCredentialsException: Bad credentials
2024-02-20 17:34:34.004 ERROR - LAP-NFS1192 - Request processing failed: org.springframework.security.authentication.BadCredentialsException: Bad credentials
2024-02-20 17:34:43.351 ERROR - LAP-NFS1192 - Request processing failed: org.springframework.security.authentication.BadCredentialsException: Bad credentials
2024-02-20 17:34:47.823 ERROR - LAP-NFS1192 - Request processing failed: org.springframework.security.authentication.BadCredentialsException: Bad credentials
2024-02-20 17:34:52.089 INFO  - LAP-NFS1192 - REST Request - [HTTP METHOD:POST] [PATH INFO:/login] [REQUEST PARAMETERS:{}] [REQUEST BODY:{"username" : "mohisn1","password" : "123"}] [REMOTE ADDRESS:0:0:0:0:0:0:0:1] [RESPONSE:{"token":"eyJhbGciOiJIUzM4NCJ9.eyJzdWIiOiJtb2hpc24xIiwiaWF0IjoxNzA4NDI1MjkyLCJleHAiOjE3MDg1MTE2OTJ9.3QYpOZaBu58QHMJ45m-33xPOTjAA1Str_B4NSL14xwxANiL8IwTCkeY8P30zc0fH"}]
2024-02-20 17:35:07.856 WARN  - LAP-NFS1192 - Resolved [org.springframework.web.bind.MethodArgumentNotValidException: Validation failed for argument [0] in public org.springframework.http.ResponseEntity<com.khata.onsite.common.GeneralResponse<?>> com.khata.onsite.controllers.RulesController.addOrUpdateRule(com.khata.onsite.in.dto.RuleRequestDTO): [Field error in object 'ruleRequestDTO' on field 'ruleName': rejected value [ss]; codes [Size.ruleRequestDTO.ruleName,Size.ruleName,Size.java.lang.String,Size]; arguments [org.springframework.context.support.DefaultMessageSourceResolvable: codes [ruleRequestDTO.ruleName,ruleName]; arguments []; default message [ruleName],30,3]; default message [Invalid Name: Must be of 3 - 30 characters]] ]
2024-02-20 17:35:07.857 INFO  - LAP-NFS1192 - REST Request - [HTTP METHOD:POST] [PATH INFO:/api/rules/addOrUpdateRule] [REQUEST PARAMETERS:{}] [REQUEST BODY:{"ruleName": "ss","ruleAmount": "2000","ruleProposedBy": 1,"ruleDesc": "It is mutually agreed by all onsite team members that everyone must leave the WhatsApp unofficial group within 24 hours of landing to Lahore Airport. Non-compliance will be penalized by IDR 300k It is mutually agreed by all onsite team members that everyone must leave the WhatsApp unofficial group within 24 hours of landing to Lahore Airport. Non-compliance will be penalized by IDR 300k","status": true,"ruleIdPk": ""}] [REMOTE ADDRESS:0:0:0:0:0:0:0:1] [RESPONSE:]
2024-02-20 17:35:35.043 ERROR - LAP-NFS1192 - Data truncation: Data too long for column 'description' at row 1
2024-02-20 17:35:35.059 INFO  - LAP-NFS1192 - REST Request - [HTTP METHOD:POST] [PATH INFO:/api/rules/addOrUpdateRule] [REQUEST PARAMETERS:{}] [REQUEST BODY:{"ruleName": "RuleNumber2","ruleAmount": "2000","ruleProposedBy": 1,"ruleDesc": "It is mutually agreed by all onsite team members that everyone must leave the WhatsApp unofficial group within 24 hours of landing to Lahore Airport. Non-compliance will be penalized by IDR 300k It is mutually agreed by all onsite team members that everyone must leave the WhatsApp unofficial group within 24 hours of landing to Lahore Airport. Non-compliance will be penalized by IDR 300k","status": true,"ruleIdPk": ""}] [REMOTE ADDRESS:0:0:0:0:0:0:0:1] [RESPONSE:{"status":"500","message":"An Error Occured white Operating Rules","error":"could not execute statement [Data truncation: Data too long for column 'description' at row 1] [insert into rules (created_at,rule_amount,description,rule_name,proposed_by,status,updated_at) values (?,?,?,?,?,?,?)]; SQL [insert into rules (created_at,rule_amount,description,rule_name,proposed_by,status,updated_at) values (?,?,?,?,?,?,?)]","jsonData":null,"data":null}]
2024-02-20 17:35:45.436 INFO  - LAP-NFS1192 - REST Request - [HTTP METHOD:POST] [PATH INFO:/api/rules/addOrUpdateRule] [REQUEST PARAMETERS:{}] [REQUEST BODY:{"ruleName": "RuleNumber2","ruleAmount": "2000","ruleProposedBy": 1,"ruleDesc": "Non-compliance will be penalized by IDR 300k","status": true,"ruleIdPk": ""}] [REMOTE ADDRESS:0:0:0:0:0:0:0:1] [RESPONSE:{"status":"200","message":"Operation Completed Successfully","error":null,"jsonData":null,"data":null}]
2024-02-20 17:35:53.875 ERROR - LAP-NFS1192 - Data truncation: Data too long for column 'description' at row 1
2024-02-20 17:35:53.879 INFO  - LAP-NFS1192 - REST Request - [HTTP METHOD:POST] [PATH INFO:/api/rules/addOrUpdateRule] [REQUEST PARAMETERS:{}] [REQUEST BODY:{"ruleName": "RuleNumber2","ruleAmount": "2000","ruleProposedBy": 1,"ruleDesc": "It is mutually agreed by all onsite team members that everyone must leave the WhatsApp unofficial group within 24 hours of landing to Lahore Airport. Non-compliance will be penalized by IDR 300k It is mutually agreed by all onsite team members that everyone must leave the WhatsApp unofficial group within 24 hours of landing to Lahore Airport. Non-compliance will be penalized by IDR 300k","status": true,"ruleIdPk": ""}] [REMOTE ADDRESS:0:0:0:0:0:0:0:1] [RESPONSE:{"status":"500","message":"An Error Occured white Operating Rules","error":"could not execute statement [Data truncation: Data too long for column 'description' at row 1] [insert into rules (created_at,rule_amount,description,rule_name,proposed_by,status,updated_at) values (?,?,?,?,?,?,?)]; SQL [insert into rules (created_at,rule_amount,description,rule_name,proposed_by,status,updated_at) values (?,?,?,?,?,?,?)]","jsonData":null,"data":null}]
2024-02-20 17:36:37.067 INFO  - LAP-NFS1192 - REST Request - [HTTP METHOD:GET] [PATH INFO:/userAndAdminAccess] [REQUEST PARAMETERS:{}] [REQUEST BODY:{}] [REMOTE ADDRESS:0:0:0:0:0:0:0:1] [RESPONSE:Its valid for both user and admin token.]
2024-02-20 17:42:07.023 ERROR - LAP-NFS1192 - Duplicate entry 'mohisn1' for key 'users.UC_Person'
2024-02-20 17:42:07.032 ERROR - LAP-NFS1192 - Request processing failed: org.springframework.dao.DataIntegrityViolationException: could not execute statement [Duplicate entry 'mohisn1' for key 'users.UC_Person'] [insert into users (first_name,last_name,password,role,status,username) values (?,?,?,?,?,?)]; SQL [insert into users (first_name,last_name,password,role,status,username) values (?,?,?,?,?,?)]; constraint [users.UC_Person]
